,participant_id,session_start_iso,handedness,proficiency,age,block,block_time_s,trial,amplitude_px,direction,diameter_px,radius_px,errors,path_distance_px,center_to_click_px,trial_time_s
0,44319,2025-11-18T18:54:27,Right-handed,Rarely use mouse,20,1,52.8677,1,180,left,40,20,0,181.55,169.01,1.0111
1,44319,2025-11-18T18:54:27,Right-handed,Rarely use mouse,20,1,52.8677,2,180,right,40,20,0,192.85,181.1,0.769
2,44319,2025-11-18T18:54:27,Right-handed,Rarely use mouse,20,1,52.8677,3,260,right,80,40,0,280.15,261.02,0.7817
3,44319,2025-11-18T18:54:27,Right-handed,Rarely use mouse,20,1,52.8677,4,500,right,80,40,0,634.07,503.08,1.2399
4,44319,2025-11-18T18:54:27,Right-handed,Rarely use mouse,20,1,52.8677,5,500,left,80,40,0,486.96,484.01,1.2039
5,44319,2025-11-18T18:54:27,Right-handed,Rarely use mouse,20,1,52.8677,6,360,left,160,80,0,369.7,356.01,0.9042
6,44319,2025-11-18T18:54:27,Right-handed,Rarely use mouse,20,1,52.8677,7,180,right,120,60,0,157.07,150.0,0.7559
7,44319,2025-11-18T18:54:27,Right-handed,Rarely use mouse,20,1,52.8677,8,360,right,80,40,0,419.8,385.0,0.8539
8,44319,2025-11-18T18:54:27,Right-handed,Rarely use mouse,20,1,52.8677,9,500,right,120,60,1,477.73,461.04,2.5807
9,44319,2025-11-18T18:54:27,Right-handed,Rarely use mouse,20,1,52.8677,10,360,right,40,20,0,418.48,361.01,1.3116
10,44319,2025-11-18T18:54:27,Right-handed,Rarely use mouse,20,1,52.8677,11,260,right,160,80,0,263.21,261.32,0.6725
11,44319,2025-11-18T18:54:27,Right-handed,Rarely use mouse,20,1,52.8677,12,360,left,80,40,0,341.64,333.02,1.3236
12,44319,2025-11-18T18:54:27,Right-handed,Rarely use mouse,20,1,52.8677,13,260,left,160,80,0,235.4,233.55,0.7412
13,44319,2025-11-18T18:54:27,Right-handed,Rarely use mouse,20,1,52.8677,14,260,left,80,40,0,265.78,263.37,0.7842
14,44319,2025-11-18T18:54:27,Right-handed,Rarely use mouse,20,1,52.8677,15,180,right,160,80,0,121.16,119.04,0.5745
15,44319,2025-11-18T18:54:27,Right-handed,Rarely use mouse,20,1,52.8677,16,260,right,40,20,0,266.52,263.01,0.7721
16,44319,2025-11-18T18:54:27,Right-handed,Rarely use mouse,20,1,52.8677,17,360,left,40,20,0,440.49,368.0,1.1642
17,44319,2025-11-18T18:54:27,Right-handed,Rarely use mouse,20,1,52.8677,18,360,right,120,60,0,371.4,368.01,0.7592
18,44319,2025-11-18T18:54:27,Right-handed,Rarely use mouse,20,1,52.8677,19,500,right,40,20,0,515.45,506.02,0.9676
19,44319,2025-11-18T18:54:27,Right-handed,Rarely use mouse,20,1,52.8677,20,180,right,80,40,0,193.7,190.21,0.7546
20,44319,2025-11-18T18:54:27,Right-handed,Rarely use mouse,20,1,52.8677,21,500,right,160,80,0,533.63,530.06,0.8728
21,44319,2025-11-18T18:54:27,Right-handed,Rarely use mouse,20,1,52.8677,22,500,left,160,80,0,458.62,454.28,0.7167
22,44319,2025-11-18T18:54:27,Right-handed,Rarely use mouse,20,1,52.8677,23,360,left,120,60,0,380.87,374.13,0.7318
23,44319,2025-11-18T18:54:27,Right-handed,Rarely use mouse,20,1,52.8677,24,260,left,40,20,0,276.21,267.0,0.8942
24,44319,2025-11-18T18:54:27,Right-handed,Rarely use mouse,20,1,52.8677,25,180,left,120,60,0,143.69,142.06,0.9574
25,44319,2025-11-18T18:54:27,Right-handed,Rarely use mouse,20,1,52.8677,26,500,left,120,60,0,490.53,489.04,0.98
26,44319,2025-11-18T18:54:27,Right-handed,Rarely use mouse,20,1,52.8677,27,260,right,120,60,0,260.25,258.01,0.7873
27,44319,2025-11-18T18:54:27,Right-handed,Rarely use mouse,20,1,52.8677,28,180,left,160,80,0,146.84,145.17,0.7363
28,44319,2025-11-18T18:54:27,Right-handed,Rarely use mouse,20,1,52.8677,29,360,right,160,80,0,349.56,347.02,0.7229
29,44319,2025-11-18T18:54:27,Right-handed,Rarely use mouse,20,1,52.8677,30,180,left,80,40,0,172.59,172.05,0.6983
30,44319,2025-11-18T18:54:27,Right-handed,Rarely use mouse,20,1,52.8677,31,260,left,120,60,0,256.34,255.0,0.7058
31,44319,2025-11-18T18:54:27,Right-handed,Rarely use mouse,20,1,52.8677,32,500,left,40,20,0,552.78,517.1,1.6103
32,44319,2025-11-18T18:54:27,Right-handed,Rarely use mouse,20,2,39.793,1,260,left,160,80,0,213.55,211.34,0.7038
33,44319,2025-11-18T18:54:27,Right-handed,Rarely use mouse,20,2,39.793,2,180,left,120,60,0,330.39,195.24,1.2998
34,44319,2025-11-18T18:54:27,Right-handed,Rarely use mouse,20,2,39.793,3,360,right,160,80,0,390.01,385.06,0.6854
35,44319,2025-11-18T18:54:27,Right-handed,Rarely use mouse,20,2,39.793,4,180,right,120,60,1,201.22,190.38,0.6432
36,44319,2025-11-18T18:54:27,Right-handed,Rarely use mouse,20,2,39.793,5,500,left,80,40,0,502.62,482.37,0.7831
37,44319,2025-11-18T18:54:27,Right-handed,Rarely use mouse,20,2,39.793,6,360,right,120,60,0,395.73,379.16,0.8377
38,44319,2025-11-18T18:54:27,Right-handed,Rarely use mouse,20,2,39.793,7,500,right,40,20,1,990.76,492.0,1.4146
39,44319,2025-11-18T18:54:27,Right-handed,Rarely use mouse,20,2,39.793,8,360,left,120,60,0,330.3,326.39,0.7166
40,44319,2025-11-18T18:54:27,Right-handed,Rarely use mouse,20,2,39.793,9,260,right,160,80,0,232.0,229.08,0.6198
41,44319,2025-11-18T18:54:27,Right-handed,Rarely use mouse,20,2,39.793,10,260,right,40,20,0,505.92,249.0,1.0665
42,44319,2025-11-18T18:54:27,Right-handed,Rarely use mouse,20,2,39.793,11,260,right,120,60,0,288.16,256.02,0.7992
43,44319,2025-11-18T18:54:27,Right-handed,Rarely use mouse,20,2,39.793,12,180,right,40,20,0,290.35,184.02,1.1041
44,44319,2025-11-18T18:54:27,Right-handed,Rarely use mouse,20,2,39.793,13,360,right,80,40,0,475.73,362.0,1.1974
45,44319,2025-11-18T18:54:27,Right-handed,Rarely use mouse,20,2,39.793,14,260,left,40,20,0,340.93,265.05,0.9949
46,44319,2025-11-18T18:54:27,Right-handed,Rarely use mouse,20,2,39.793,15,180,right,80,40,0,185.91,182.7,0.7715
47,44319,2025-11-18T18:54:27,Right-handed,Rarely use mouse,20,2,39.793,16,260,left,120,60,0,221.13,221.04,0.6257
48,44319,2025-11-18T18:54:27,Right-handed,Rarely use mouse,20,2,39.793,17,500,right,160,80,0,611.44,496.05,0.9388
49,44319,2025-11-18T18:54:27,Right-handed,Rarely use mouse,20,2,39.793,18,500,left,160,80,0,534.49,463.0,1.3344
50,44319,2025-11-18T18:54:27,Right-handed,Rarely use mouse,20,2,39.793,19,180,left,40,20,1,312.18,185.97,1.2829
51,44319,2025-11-18T18:54:27,Right-handed,Rarely use mouse,20,2,39.793,20,500,left,40,20,0,506.92,490.0,0.9598
52,44319,2025-11-18T18:54:27,Right-handed,Rarely use mouse,20,2,39.793,21,180,left,160,80,0,145.58,142.41,0.6663
53,44319,2025-11-18T18:54:27,Right-handed,Rarely use mouse,20,2,39.793,22,360,left,80,40,0,581.56,352.0,1.4335
54,44319,2025-11-18T18:54:27,Right-handed,Rarely use mouse,20,2,39.793,23,500,right,120,60,0,503.82,492.05,0.7313
55,44319,2025-11-18T18:54:27,Right-handed,Rarely use mouse,20,2,39.793,24,180,right,160,80,0,230.51,211.0,0.7489
56,44319,2025-11-18T18:54:27,Right-handed,Rarely use mouse,20,2,39.793,25,360,right,40,20,1,514.32,374.09,1.2207
57,44319,2025-11-18T18:54:27,Right-handed,Rarely use mouse,20,2,39.793,26,360,left,40,20,0,357.24,354.01,0.9166
58,44319,2025-11-18T18:54:27,Right-handed,Rarely use mouse,20,2,39.793,27,180,left,80,40,0,173.56,166.3,0.6843
59,44319,2025-11-18T18:54:27,Right-handed,Rarely use mouse,20,2,39.793,28,500,left,120,60,0,569.41,516.1,0.8428
60,44319,2025-11-18T18:54:27,Right-handed,Rarely use mouse,20,2,39.793,29,260,right,80,40,0,309.62,286.0,1.0448
61,44319,2025-11-18T18:54:27,Right-handed,Rarely use mouse,20,2,39.793,30,260,left,80,40,0,249.21,244.46,0.8874
62,44319,2025-11-18T18:54:27,Right-handed,Rarely use mouse,20,2,39.793,31,360,left,160,80,0,310.94,308.27,0.7015
63,44319,2025-11-18T18:54:27,Right-handed,Rarely use mouse,20,2,39.793,32,500,right,80,40,0,637.7,521.01,0.897
64,44319,2025-11-18T18:54:27,Right-handed,Rarely use mouse,20,3,36.1998,1,360,right,80,40,0,397.42,371.11,0.8308
65,44319,2025-11-18T18:54:27,Right-handed,Rarely use mouse,20,3,36.1998,2,500,left,80,40,0,512.47,505.06,0.8976
66,44319,2025-11-18T18:54:27,Right-handed,Rarely use mouse,20,3,36.1998,3,180,right,160,80,0,198.11,190.09,0.8209
67,44319,2025-11-18T18:54:27,Right-handed,Rarely use mouse,20,3,36.1998,4,500,right,120,60,0,498.43,482.27,0.8857
68,44319,2025-11-18T18:54:27,Right-handed,Rarely use mouse,20,3,36.1998,5,180,right,80,40,0,241.53,164.25,0.8492
69,44319,2025-11-18T18:54:27,Right-handed,Rarely use mouse,20,3,36.1998,6,180,left,80,40,0,172.02,167.05,0.7355
70,44319,2025-11-18T18:54:27,Right-handed,Rarely use mouse,20,3,36.1998,7,500,right,160,80,0,455.56,437.37,0.8187
71,44319,2025-11-18T18:54:27,Right-handed,Rarely use mouse,20,3,36.1998,8,500,right,40,20,1,597.26,510.0,1.3261
72,44319,2025-11-18T18:54:27,Right-handed,Rarely use mouse,20,3,36.1998,9,260,left,160,80,0,243.11,241.01,0.5417
73,44319,2025-11-18T18:54:27,Right-handed,Rarely use mouse,20,3,36.1998,10,360,right,160,80,0,384.82,368.31,0.8146
74,44319,2025-11-18T18:54:27,Right-handed,Rarely use mouse,20,3,36.1998,11,260,left,120,60,0,264.72,258.12,0.5606
75,44319,2025-11-18T18:54:27,Right-handed,Rarely use mouse,20,3,36.1998,12,180,right,120,60,0,154.71,150.01,0.5861
76,44319,2025-11-18T18:54:27,Right-handed,Rarely use mouse,20,3,36.1998,13,360,right,120,60,0,356.76,329.18,0.8482
77,44319,2025-11-18T18:54:27,Right-handed,Rarely use mouse,20,3,36.1998,14,260,right,80,40,0,449.25,264.32,0.9686
78,44319,2025-11-18T18:54:27,Right-handed,Rarely use mouse,20,3,36.1998,15,180,left,160,80,0,820.64,226.37,1.4682
79,44319,2025-11-18T18:54:27,Right-handed,Rarely use mouse,20,3,36.1998,16,260,right,160,80,0,266.61,258.19,0.5383
80,44319,2025-11-18T18:54:27,Right-handed,Rarely use mouse,20,3,36.1998,17,260,left,80,40,0,286.52,275.41,0.8198
81,44319,2025-11-18T18:54:27,Right-handed,Rarely use mouse,20,3,36.1998,18,500,left,120,60,0,659.42,486.81,0.8422
82,44319,2025-11-18T18:54:27,Right-handed,Rarely use mouse,20,3,36.1998,19,180,left,120,60,0,270.64,131.02,0.6546
83,44319,2025-11-18T18:54:27,Right-handed,Rarely use mouse,20,3,36.1998,20,360,left,80,40,0,659.51,386.06,1.5395
84,44319,2025-11-18T18:54:27,Right-handed,Rarely use mouse,20,3,36.1998,21,500,left,40,20,0,598.07,509.0,0.9733
85,44319,2025-11-18T18:54:27,Right-handed,Rarely use mouse,20,3,36.1998,22,180,right,40,20,0,308.03,179.03,1.0679
86,44319,2025-11-18T18:54:27,Right-handed,Rarely use mouse,20,3,36.1998,23,360,left,40,20,0,360.05,355.17,0.7174
87,44319,2025-11-18T18:54:27,Right-handed,Rarely use mouse,20,3,36.1998,24,260,right,40,20,0,344.27,260.03,0.8076
88,44319,2025-11-18T18:54:27,Right-handed,Rarely use mouse,20,3,36.1998,25,260,right,120,60,0,560.52,257.03,0.8678
89,44319,2025-11-18T18:54:27,Right-handed,Rarely use mouse,20,3,36.1998,26,360,left,160,80,0,370.7,368.02,0.634
90,44319,2025-11-18T18:54:27,Right-handed,Rarely use mouse,20,3,36.1998,27,500,right,80,40,0,477.79,476.04,0.7008
91,44319,2025-11-18T18:54:27,Right-handed,Rarely use mouse,20,3,36.1998,28,180,left,40,20,0,245.89,177.0,0.6928
92,44319,2025-11-18T18:54:27,Right-handed,Rarely use mouse,20,3,36.1998,29,260,left,40,20,0,265.42,254.05,1.0252
93,44319,2025-11-18T18:54:27,Right-handed,Rarely use mouse,20,3,36.1998,30,360,right,40,20,1,404.82,361.01,1.1256
94,44319,2025-11-18T18:54:27,Right-handed,Rarely use mouse,20,3,36.1998,31,500,left,160,80,0,468.41,467.04,0.679
95,44319,2025-11-18T18:54:27,Right-handed,Rarely use mouse,20,3,36.1998,32,360,left,120,60,0,405.49,317.06,1.5431
96,44319,2025-11-18T18:54:27,Right-handed,Rarely use mouse,20,4,34.0584,1,360,left,120,60,0,400.68,330.26,1.0479
97,44319,2025-11-18T18:54:27,Right-handed,Rarely use mouse,20,4,34.0584,2,360,right,80,40,0,598.48,379.03,0.8022
98,44319,2025-11-18T18:54:27,Right-handed,Rarely use mouse,20,4,34.0584,3,500,right,40,20,0,683.65,501.0,0.9947
99,44319,2025-11-18T18:54:27,Right-handed,Rarely use mouse,20,4,34.0584,4,500,left,80,40,0,489.81,483.05,0.7703
100,44319,2025-11-18T18:54:27,Right-handed,Rarely use mouse,20,4,34.0584,5,500,left,160,80,0,926.46,476.0,0.8592
101,44319,2025-11-18T18:54:27,Right-handed,Rarely use mouse,20,4,34.0584,6,180,right,80,40,0,344.57,198.01,0.6819
102,44319,2025-11-18T18:54:27,Right-handed,Rarely use mouse,20,4,34.0584,7,180,left,80,40,0,183.56,179.0,0.5367
103,44319,2025-11-18T18:54:27,Right-handed,Rarely use mouse,20,4,34.0584,8,180,left,120,60,0,346.46,209.4,1.2414
104,44319,2025-11-18T18:54:27,Right-handed,Rarely use mouse,20,4,34.0584,9,260,left,120,60,0,227.25,226.06,0.5548
105,44319,2025-11-18T18:54:27,Right-handed,Rarely use mouse,20,4,34.0584,10,260,left,40,20,0,396.86,261.01,1.3848
106,44319,2025-11-18T18:54:27,Right-handed,Rarely use mouse,20,4,34.0584,11,500,left,40,20,0,566.64,490.0,1.9867
107,44319,2025-11-18T18:54:27,Right-handed,Rarely use mouse,20,4,34.0584,12,360,left,40,20,0,648.56,355.02,0.8355
108,44319,2025-11-18T18:54:27,Right-handed,Rarely use mouse,20,4,34.0584,13,180,right,40,20,0,165.88,165.15,0.7108
109,44319,2025-11-18T18:54:27,Right-handed,Rarely use mouse,20,4,34.0584,14,360,right,160,80,0,357.9,284.0,0.7581
110,44319,2025-11-18T18:54:27,Right-handed,Rarely use mouse,20,4,34.0584,15,260,right,160,80,0,397.75,207.78,0.6841
111,44319,2025-11-18T18:54:27,Right-handed,Rarely use mouse,20,4,34.0584,16,360,left,80,40,0,367.37,364.03,0.671
112,44319,2025-11-18T18:54:27,Right-handed,Rarely use mouse,20,4,34.0584,17,260,left,80,40,0,480.62,232.05,0.7517
113,44319,2025-11-18T18:54:27,Right-handed,Rarely use mouse,20,4,34.0584,18,500,right,160,80,0,517.97,505.19,0.7439
114,44319,2025-11-18T18:54:27,Right-handed,Rarely use mouse,20,4,34.0584,19,180,left,160,80,0,207.49,204.04,0.4791
115,44319,2025-11-18T18:54:27,Right-handed,Rarely use mouse,20,4,34.0584,20,360,right,120,60,0,352.97,343.09,0.6766
116,44319,2025-11-18T18:54:27,Right-handed,Rarely use mouse,20,4,34.0584,21,500,left,120,60,0,772.24,522.01,1.4354
117,44319,2025-11-18T18:54:27,Right-handed,Rarely use mouse,20,4,34.0584,22,360,right,40,20,0,365.48,355.11,0.7816
118,44319,2025-11-18T18:54:27,Right-handed,Rarely use mouse,20,4,34.0584,23,260,right,40,20,2,471.68,254.03,1.5214
119,44319,2025-11-18T18:54:27,Right-handed,Rarely use mouse,20,4,34.0584,24,180,left,40,20,0,193.01,189.0,0.6636
120,44319,2025-11-18T18:54:27,Right-handed,Rarely use mouse,20,4,34.0584,25,180,right,160,80,0,123.98,115.28,0.5909
121,44319,2025-11-18T18:54:27,Right-handed,Rarely use mouse,20,4,34.0584,26,260,right,120,60,0,258.67,220.08,0.7667
122,44319,2025-11-18T18:54:27,Right-handed,Rarely use mouse,20,4,34.0584,27,360,left,160,80,0,320.76,317.16,0.6453
123,44319,2025-11-18T18:54:27,Right-handed,Rarely use mouse,20,4,34.0584,28,500,right,80,40,0,521.09,517.28,0.8408
124,44319,2025-11-18T18:54:27,Right-handed,Rarely use mouse,20,4,34.0584,29,500,right,120,60,0,1228.53,476.21,1.0352
125,44319,2025-11-18T18:54:27,Right-handed,Rarely use mouse,20,4,34.0584,30,180,right,120,60,0,451.33,186.17,0.6942
126,44319,2025-11-18T18:54:27,Right-handed,Rarely use mouse,20,4,34.0584,31,260,left,160,80,0,514.82,281.51,0.8304
127,44319,2025-11-18T18:54:27,Right-handed,Rarely use mouse,20,4,34.0584,32,260,right,80,40,0,306.02,275.18,0.7974
128,44319,2025-11-18T18:54:27,Right-handed,Rarely use mouse,20,5,33.6219,1,260,right,80,40,1,415.64,270.07,1.8887
129,44319,2025-11-18T18:54:27,Right-handed,Rarely use mouse,20,5,33.6219,2,180,right,80,40,0,366.91,200.0,0.7119
130,44319,2025-11-18T18:54:27,Right-handed,Rarely use mouse,20,5,33.6219,3,180,right,160,80,1,315.28,148.03,0.9239
131,44319,2025-11-18T18:54:27,Right-handed,Rarely use mouse,20,5,33.6219,4,360,right,160,80,0,672.4,368.05,0.7783
132,44319,2025-11-18T18:54:27,Right-handed,Rarely use mouse,20,5,33.6219,5,360,left,40,20,0,402.96,369.0,1.011
133,44319,2025-11-18T18:54:27,Right-handed,Rarely use mouse,20,5,33.6219,6,180,left,120,60,0,440.35,176.26,0.6697
134,44319,2025-11-18T18:54:27,Right-handed,Rarely use mouse,20,5,33.6219,7,180,left,80,40,0,208.92,172.65,0.6852
135,44319,2025-11-18T18:54:27,Right-handed,Rarely use mouse,20,5,33.6219,8,500,right,160,80,0,490.16,486.3,0.6873
136,44319,2025-11-18T18:54:27,Right-handed,Rarely use mouse,20,5,33.6219,9,360,right,120,60,0,650.41,398.18,0.7358
137,44319,2025-11-18T18:54:27,Right-handed,Rarely use mouse,20,5,33.6219,10,500,left,160,80,0,437.87,437.07,0.8172
138,44319,2025-11-18T18:54:27,Right-handed,Rarely use mouse,20,5,33.6219,11,360,right,40,20,0,371.79,357.09,0.801
139,44319,2025-11-18T18:54:27,Right-handed,Rarely use mouse,20,5,33.6219,12,500,right,40,20,0,843.37,499.01,1.3686
140,44319,2025-11-18T18:54:27,Right-handed,Rarely use mouse,20,5,33.6219,13,360,left,160,80,0,328.13,327.02,0.5562
141,44319,2025-11-18T18:54:27,Right-handed,Rarely use mouse,20,5,33.6219,14,260,left,40,20,0,280.41,263.0,0.8495
142,44319,2025-11-18T18:54:27,Right-handed,Rarely use mouse,20,5,33.6219,15,500,right,120,60,0,505.32,497.1,0.7436
143,44319,2025-11-18T18:54:27,Right-handed,Rarely use mouse,20,5,33.6219,16,360,left,120,60,0,1476.25,401.28,2.4228
144,44319,2025-11-18T18:54:27,Right-handed,Rarely use mouse,20,5,33.6219,17,360,right,80,40,0,514.47,355.01,0.9125
145,44319,2025-11-18T18:54:27,Right-handed,Rarely use mouse,20,5,33.6219,18,260,left,80,40,0,258.83,258.01,0.6197
146,44319,2025-11-18T18:54:27,Right-handed,Rarely use mouse,20,5,33.6219,19,500,left,80,40,0,510.96,490.1,0.8244
147,44319,2025-11-18T18:54:27,Right-handed,Rarely use mouse,20,5,33.6219,20,260,left,120,60,0,358.1,249.2,0.702
148,44319,2025-11-18T18:54:27,Right-handed,Rarely use mouse,20,5,33.6219,21,180,right,40,20,0,285.53,199.09,0.7939
149,44319,2025-11-18T18:54:27,Right-handed,Rarely use mouse,20,5,33.6219,22,260,right,120,60,0,279.17,256.94,0.6732
150,44319,2025-11-18T18:54:27,Right-handed,Rarely use mouse,20,5,33.6219,23,500,left,120,60,0,483.19,476.0,0.7009
151,44319,2025-11-18T18:54:27,Right-handed,Rarely use mouse,20,5,33.6219,24,500,left,40,20,0,785.51,491.01,1.4516
152,44319,2025-11-18T18:54:27,Right-handed,Rarely use mouse,20,5,33.6219,25,360,left,80,40,0,379.75,378.0,0.7135
153,44319,2025-11-18T18:54:27,Right-handed,Rarely use mouse,20,5,33.6219,26,260,right,160,80,0,283.48,280.79,0.5397
154,44319,2025-11-18T18:54:27,Right-handed,Rarely use mouse,20,5,33.6219,27,180,right,120,60,0,234.21,145.52,0.6497
155,44319,2025-11-18T18:54:27,Right-handed,Rarely use mouse,20,5,33.6219,28,180,left,160,80,0,241.37,198.06,0.5761
156,44319,2025-11-18T18:54:27,Right-handed,Rarely use mouse,20,5,33.6219,29,180,left,40,20,0,190.44,183.13,0.6954
157,44319,2025-11-18T18:54:27,Right-handed,Rarely use mouse,20,5,33.6219,30,260,right,40,20,0,349.23,272.02,0.9014
158,44319,2025-11-18T18:54:27,Right-handed,Rarely use mouse,20,5,33.6219,31,500,right,80,40,0,711.23,493.41,0.9214
159,44319,2025-11-18T18:54:27,Right-handed,Rarely use mouse,20,5,33.6219,32,260,left,160,80,0,242.0,241.07,0.5736
160,44319,2025-11-18T18:54:27,Right-handed,Rarely use mouse,20,6,34.1427,1,360,right,120,60,0,369.56,363.02,0.8453
161,44319,2025-11-18T18:54:27,Right-handed,Rarely use mouse,20,6,34.1427,2,180,right,80,40,1,272.86,183.27,0.9628
162,44319,2025-11-18T18:54:27,Right-handed,Rarely use mouse,20,6,34.1427,3,500,right,120,60,0,785.96,504.1,0.9703
163,44319,2025-11-18T18:54:27,Right-handed,Rarely use mouse,20,6,34.1427,4,180,left,40,20,0,195.95,190.0,0.6089
164,44319,2025-11-18T18:54:27,Right-handed,Rarely use mouse,20,6,34.1427,5,260,right,120,60,0,244.83,242.25,0.7211
165,44319,2025-11-18T18:54:27,Right-handed,Rarely use mouse,20,6,34.1427,6,260,left,40,20,0,266.14,263.01,0.7023
166,44319,2025-11-18T18:54:27,Right-handed,Rarely use mouse,20,6,34.1427,7,500,right,80,40,0,503.04,495.2,0.8675
167,44319,2025-11-18T18:54:27,Right-handed,Rarely use mouse,20,6,34.1427,8,500,left,40,20,0,506.89,490.05,0.7496
168,44319,2025-11-18T18:54:27,Right-handed,Rarely use mouse,20,6,34.1427,9,360,right,160,80,0,358.28,352.0,0.5414
169,44319,2025-11-18T18:54:27,Right-handed,Rarely use mouse,20,6,34.1427,10,500,right,40,20,0,994.16,485.05,1.1503
170,44319,2025-11-18T18:54:27,Right-handed,Rarely use mouse,20,6,34.1427,11,180,right,160,80,0,584.66,203.0,0.6749
171,44319,2025-11-18T18:54:27,Right-handed,Rarely use mouse,20,6,34.1427,12,500,right,160,80,0,669.19,479.07,0.87
172,44319,2025-11-18T18:54:27,Right-handed,Rarely use mouse,20,6,34.1427,13,180,right,40,20,0,716.45,177.0,1.0335
173,44319,2025-11-18T18:54:27,Right-handed,Rarely use mouse,20,6,34.1427,14,260,left,120,60,0,383.87,295.0,1.1141
174,44319,2025-11-18T18:54:27,Right-handed,Rarely use mouse,20,6,34.1427,15,260,left,160,80,0,359.52,269.9,0.7779
175,44319,2025-11-18T18:54:27,Right-handed,Rarely use mouse,20,6,34.1427,16,260,right,80,40,0,249.06,242.25,0.7742
176,44319,2025-11-18T18:54:27,Right-handed,Rarely use mouse,20,6,34.1427,17,360,left,120,60,0,325.89,323.01,1.0256
177,44319,2025-11-18T18:54:27,Right-handed,Rarely use mouse,20,6,34.1427,18,260,right,40,20,0,405.93,259.01,0.924
178,44319,2025-11-18T18:54:27,Right-handed,Rarely use mouse,20,6,34.1427,19,500,left,160,80,0,572.89,535.73,1.3016
179,44319,2025-11-18T18:54:27,Right-handed,Rarely use mouse,20,6,34.1427,20,180,left,120,60,0,143.93,139.81,0.7091
180,44319,2025-11-18T18:54:27,Right-handed,Rarely use mouse,20,6,34.1427,21,500,left,80,40,0,613.7,507.14,0.8426
181,44319,2025-11-18T18:54:27,Right-handed,Rarely use mouse,20,6,34.1427,22,260,left,80,40,0,790.89,253.05,1.1896
182,44319,2025-11-18T18:54:27,Right-handed,Rarely use mouse,20,6,34.1427,23,360,left,40,20,0,596.58,367.39,1.1396
183,44319,2025-11-18T18:54:27,Right-handed,Rarely use mouse,20,6,34.1427,24,180,left,80,40,0,320.89,167.73,1.4866
184,44319,2025-11-18T18:54:27,Right-handed,Rarely use mouse,20,6,34.1427,25,360,right,80,40,0,523.89,355.04,0.8065
185,44319,2025-11-18T18:54:27,Right-handed,Rarely use mouse,20,6,34.1427,26,500,left,120,60,0,716.43,495.45,0.9814
186,44319,2025-11-18T18:54:27,Right-handed,Rarely use mouse,20,6,34.1427,27,260,right,160,80,0,495.49,299.14,0.7522
187,44319,2025-11-18T18:54:27,Right-handed,Rarely use mouse,20,6,34.1427,28,180,left,160,80,0,160.73,134.95,0.4339
188,44319,2025-11-18T18:54:27,Right-handed,Rarely use mouse,20,6,34.1427,29,360,right,40,20,0,416.91,367.01,0.9095
189,44319,2025-11-18T18:54:27,Right-handed,Rarely use mouse,20,6,34.1427,30,360,left,80,40,0,350.17,338.0,1.1872
190,44319,2025-11-18T18:54:27,Right-handed,Rarely use mouse,20,6,34.1427,31,180,right,120,60,1,130.15,126.67,0.6165
191,44319,2025-11-18T18:54:27,Right-handed,Rarely use mouse,20,6,34.1427,32,360,left,160,80,0,357.46,349.09,0.748
192,44319,2025-11-18T18:54:27,Right-handed,Rarely use mouse,20,7,33.975,1,180,left,80,40,0,177.86,173.05,0.5875
193,44319,2025-11-18T18:54:27,Right-handed,Rarely use mouse,20,7,33.975,2,260,left,120,60,0,352.1,287.25,1.2189
194,44319,2025-11-18T18:54:27,Right-handed,Rarely use mouse,20,7,33.975,3,180,right,160,80,0,171.77,160.25,0.7652
195,44319,2025-11-18T18:54:27,Right-handed,Rarely use mouse,20,7,33.975,4,360,left,80,40,0,424.11,387.08,0.9258
196,44319,2025-11-18T18:54:27,Right-handed,Rarely use mouse,20,7,33.975,5,500,left,80,40,0,1015.94,503.0,0.8255
197,44319,2025-11-18T18:54:27,Right-handed,Rarely use mouse,20,7,33.975,6,360,right,160,80,0,459.59,402.0,0.6402
198,44319,2025-11-18T18:54:27,Right-handed,Rarely use mouse,20,7,33.975,7,500,right,160,80,0,1395.36,537.37,1.0503
199,44319,2025-11-18T18:54:27,Right-handed,Rarely use mouse,20,7,33.975,8,500,left,40,20,0,534.43,498.04,0.6455
200,44319,2025-11-18T18:54:27,Right-handed,Rarely use mouse,20,7,33.975,9,360,right,80,40,0,371.83,360.01,0.736
201,44319,2025-11-18T18:54:27,Right-handed,Rarely use mouse,20,7,33.975,10,180,right,120,60,0,599.3,175.1,0.8966
202,44319,2025-11-18T18:54:27,Right-handed,Rarely use mouse,20,7,33.975,11,500,right,40,20,0,681.22,498.0,1.1599
203,44319,2025-11-18T18:54:27,Right-handed,Rarely use mouse,20,7,33.975,12,360,left,160,80,0,482.07,380.38,0.7803
204,44319,2025-11-18T18:54:27,Right-handed,Rarely use mouse,20,7,33.975,13,180,left,40,20,0,496.53,184.22,1.0085
205,44319,2025-11-18T18:54:27,Right-handed,Rarely use mouse,20,7,33.975,14,360,left,40,20,0,574.87,356.0,0.936
206,44319,2025-11-18T18:54:27,Right-handed,Rarely use mouse,20,7,33.975,15,260,left,160,80,0,443.16,206.01,0.7254
207,44319,2025-11-18T18:54:27,Right-handed,Rarely use mouse,20,7,33.975,16,260,right,40,20,0,339.93,266.09,0.9075
208,44319,2025-11-18T18:54:27,Right-handed,Rarely use mouse,20,7,33.975,17,180,left,120,60,0,183.77,175.29,0.492
209,44319,2025-11-18T18:54:27,Right-handed,Rarely use mouse,20,7,33.975,18,260,left,80,40,0,339.99,228.0,0.627
210,44319,2025-11-18T18:54:27,Right-handed,Rarely use mouse,20,7,33.975,19,260,right,80,40,0,275.27,272.01,0.68
211,44319,2025-11-18T18:54:27,Right-handed,Rarely use mouse,20,7,33.975,20,180,right,80,40,0,450.99,164.08,0.8483
212,44319,2025-11-18T18:54:27,Right-handed,Rarely use mouse,20,7,33.975,21,260,left,40,20,0,259.09,249.03,0.8007
213,44319,2025-11-18T18:54:27,Right-handed,Rarely use mouse,20,7,33.975,22,500,left,160,80,0,855.04,533.79,0.9265
214,44319,2025-11-18T18:54:27,Right-handed,Rarely use mouse,20,7,33.975,23,180,right,40,20,2,209.33,195.0,1.0626
215,44319,2025-11-18T18:54:27,Right-handed,Rarely use mouse,20,7,33.975,24,500,left,120,60,0,459.96,451.0,0.8016
216,44319,2025-11-18T18:54:27,Right-handed,Rarely use mouse,20,7,33.975,25,500,right,80,40,0,503.44,496.15,0.6672
217,44319,2025-11-18T18:54:27,Right-handed,Rarely use mouse,20,7,33.975,26,500,right,120,60,0,718.09,464.0,0.8303
218,44319,2025-11-18T18:54:27,Right-handed,Rarely use mouse,20,7,33.975,27,260,right,160,80,0,592.79,258.05,0.8225
219,44319,2025-11-18T18:54:27,Right-handed,Rarely use mouse,20,7,33.975,28,360,left,120,60,0,357.1,355.0,0.7015
220,44319,2025-11-18T18:54:27,Right-handed,Rarely use mouse,20,7,33.975,29,180,left,160,80,0,322.42,126.0,0.6449
221,44319,2025-11-18T18:54:27,Right-handed,Rarely use mouse,20,7,33.975,30,260,right,120,60,0,454.31,233.01,0.7577
222,44319,2025-11-18T18:54:27,Right-handed,Rarely use mouse,20,7,33.975,31,360,right,40,20,0,696.05,353.0,1.2333
223,44319,2025-11-18T18:54:27,Right-handed,Rarely use mouse,20,7,33.975,32,360,right,120,60,0,639.89,305.28,0.7843
224,44319,2025-11-18T18:54:27,Right-handed,Rarely use mouse,20,8,33.9852,1,260,right,120,60,0,264.74,246.1,0.7705
225,44319,2025-11-18T18:54:27,Right-handed,Rarely use mouse,20,8,33.9852,2,500,right,80,40,1,785.82,475.11,1.1375
226,44319,2025-11-18T18:54:27,Right-handed,Rarely use mouse,20,8,33.9852,3,180,left,40,20,0,190.38,187.17,0.6159
227,44319,2025-11-18T18:54:27,Right-handed,Rarely use mouse,20,8,33.9852,4,360,right,80,40,0,403.1,347.24,0.7891
228,44319,2025-11-18T18:54:27,Right-handed,Rarely use mouse,20,8,33.9852,5,180,right,120,60,0,434.56,174.65,0.8489
229,44319,2025-11-18T18:54:27,Right-handed,Rarely use mouse,20,8,33.9852,6,500,left,80,40,0,528.82,523.16,0.8753
230,44319,2025-11-18T18:54:27,Right-handed,Rarely use mouse,20,8,33.9852,7,360,right,160,80,0,319.5,315.23,0.6142
231,44319,2025-11-18T18:54:27,Right-handed,Rarely use mouse,20,8,33.9852,8,500,right,160,80,0,677.46,524.98,0.8071
232,44319,2025-11-18T18:54:27,Right-handed,Rarely use mouse,20,8,33.9852,9,500,right,120,60,0,654.88,458.0,0.7978
233,44319,2025-11-18T18:54:27,Right-handed,Rarely use mouse,20,8,33.9852,10,360,right,40,20,0,484.28,349.0,0.835
234,44319,2025-11-18T18:54:27,Right-handed,Rarely use mouse,20,8,33.9852,11,260,right,80,40,0,448.43,251.15,1.3967
235,44319,2025-11-18T18:54:27,Right-handed,Rarely use mouse,20,8,33.9852,12,260,left,160,80,0,201.5,198.25,0.6745
236,44319,2025-11-18T18:54:27,Right-handed,Rarely use mouse,20,8,33.9852,13,500,left,160,80,0,705.11,545.04,0.7878
237,44319,2025-11-18T18:54:27,Right-handed,Rarely use mouse,20,8,33.9852,14,260,left,120,60,0,334.23,241.75,1.17
238,44319,2025-11-18T18:54:27,Right-handed,Rarely use mouse,20,8,33.9852,15,260,right,160,80,0,436.23,287.11,0.7345
239,44319,2025-11-18T18:54:27,Right-handed,Rarely use mouse,20,8,33.9852,16,500,left,120,60,0,571.07,541.01,0.7885
240,44319,2025-11-18T18:54:27,Right-handed,Rarely use mouse,20,8,33.9852,17,360,left,80,40,1,1192.11,329.02,1.6724
241,44319,2025-11-18T18:54:27,Right-handed,Rarely use mouse,20,8,33.9852,18,180,right,40,20,0,331.2,191.02,0.8328
242,44319,2025-11-18T18:54:27,Right-handed,Rarely use mouse,20,8,33.9852,19,180,right,80,40,0,251.78,162.79,0.7246
243,44319,2025-11-18T18:54:27,Right-handed,Rarely use mouse,20,8,33.9852,20,360,left,160,80,0,553.32,361.14,0.8083
244,44319,2025-11-18T18:54:27,Right-handed,Rarely use mouse,20,8,33.9852,21,260,left,80,40,0,765.02,275.96,1.3235
245,44319,2025-11-18T18:54:27,Right-handed,Rarely use mouse,20,8,33.9852,22,180,right,160,80,0,176.37,173.14,0.5257
246,44319,2025-11-18T18:54:27,Right-handed,Rarely use mouse,20,8,33.9852,23,180,left,120,60,0,166.94,162.24,0.5835
247,44319,2025-11-18T18:54:27,Right-handed,Rarely use mouse,20,8,33.9852,24,360,right,120,60,0,533.34,366.02,0.7564
248,44319,2025-11-18T18:54:27,Right-handed,Rarely use mouse,20,8,33.9852,25,500,left,40,20,0,539.84,507.01,0.8333
249,44319,2025-11-18T18:54:27,Right-handed,Rarely use mouse,20,8,33.9852,26,180,left,80,40,0,515.51,161.08,0.8534
250,44319,2025-11-18T18:54:27,Right-handed,Rarely use mouse,20,8,33.9852,27,260,right,40,20,0,316.82,276.01,0.9758
251,44319,2025-11-18T18:54:27,Right-handed,Rarely use mouse,20,8,33.9852,28,360,left,40,20,0,370.77,360.01,0.7075
252,44319,2025-11-18T18:54:27,Right-handed,Rarely use mouse,20,8,33.9852,29,260,left,40,20,2,801.93,262.27,1.8518
253,44319,2025-11-18T18:54:27,Right-handed,Rarely use mouse,20,8,33.9852,30,360,left,120,60,0,604.76,373.77,0.8627
254,44319,2025-11-18T18:54:27,Right-handed,Rarely use mouse,20,8,33.9852,31,180,left,160,80,0,390.58,119.04,0.6366
255,44319,2025-11-18T18:54:27,Right-handed,Rarely use mouse,20,8,33.9852,32,500,right,40,20,0,535.05,513.08,0.7527
256,44319,2025-11-18T18:54:27,Right-handed,Rarely use mouse,20,9,31.0052,1,180,right,160,80,0,338.0,178.1,0.5975
257,44319,2025-11-18T18:54:27,Right-handed,Rarely use mouse,20,9,31.0052,2,500,left,40,20,0,501.3,494.0,0.7336
258,44319,2025-11-18T18:54:27,Right-handed,Rarely use mouse,20,9,31.0052,3,180,left,80,40,0,600.08,187.07,0.7012
259,44319,2025-11-18T18:54:27,Right-handed,Rarely use mouse,20,9,31.0052,4,260,right,80,40,0,290.57,288.03,0.7048
260,44319,2025-11-18T18:54:27,Right-handed,Rarely use mouse,20,9,31.0052,5,360,left,120,60,0,303.27,301.06,0.6051
261,44319,2025-11-18T18:54:27,Right-handed,Rarely use mouse,20,9,31.0052,6,260,left,120,60,0,655.75,274.31,1.3809
262,44319,2025-11-18T18:54:27,Right-handed,Rarely use mouse,20,9,31.0052,7,180,right,80,40,0,245.54,194.83,0.6108
263,44319,2025-11-18T18:54:27,Right-handed,Rarely use mouse,20,9,31.0052,8,260,left,160,80,0,217.32,217.02,0.5515
264,44319,2025-11-18T18:54:27,Right-handed,Rarely use mouse,20,9,31.0052,9,180,left,40,20,0,302.64,184.02,0.7642
265,44319,2025-11-18T18:54:27,Right-handed,Rarely use mouse,20,9,31.0052,10,500,right,120,60,0,492.51,489.04,0.711
266,44319,2025-11-18T18:54:27,Right-handed,Rarely use mouse,20,9,31.0052,11,500,left,80,40,0,489.48,487.07,0.6871
267,44319,2025-11-18T18:54:27,Right-handed,Rarely use mouse,20,9,31.0052,12,360,right,160,80,0,378.85,375.0,0.6344
268,44319,2025-11-18T18:54:27,Right-handed,Rarely use mouse,20,9,31.0052,13,260,left,80,40,0,226.78,227.0,0.5976
269,44319,2025-11-18T18:54:27,Right-handed,Rarely use mouse,20,9,31.0052,14,180,left,160,80,0,190.1,114.02,0.5468
270,44319,2025-11-18T18:54:27,Right-handed,Rarely use mouse,20,9,31.0052,15,360,right,40,20,0,427.08,359.03,1.0377
271,44319,2025-11-18T18:54:27,Right-handed,Rarely use mouse,20,9,31.0052,16,180,left,120,60,0,142.95,129.03,0.5105
272,44319,2025-11-18T18:54:27,Right-handed,Rarely use mouse,20,9,31.0052,17,500,left,160,80,0,668.94,501.21,1.1721
273,44319,2025-11-18T18:54:27,Right-handed,Rarely use mouse,20,9,31.0052,18,500,right,160,80,0,475.74,471.31,0.6729
274,44319,2025-11-18T18:54:27,Right-handed,Rarely use mouse,20,9,31.0052,19,260,left,40,20,0,277.33,271.0,0.547
275,44319,2025-11-18T18:54:27,Right-handed,Rarely use mouse,20,9,31.0052,20,180,right,40,20,0,336.93,183.01,0.8509
276,44319,2025-11-18T18:54:27,Right-handed,Rarely use mouse,20,9,31.0052,21,500,left,120,60,0,487.13,481.05,0.7126
277,44319,2025-11-18T18:54:27,Right-handed,Rarely use mouse,20,9,31.0052,22,360,left,40,20,0,689.01,359.0,1.2911
278,44319,2025-11-18T18:54:27,Right-handed,Rarely use mouse,20,9,31.0052,23,260,right,160,80,0,269.14,267.01,0.5826
279,44319,2025-11-18T18:54:27,Right-handed,Rarely use mouse,20,9,31.0052,24,500,right,80,40,0,515.51,488.03,0.9126
280,44319,2025-11-18T18:54:27,Right-handed,Rarely use mouse,20,9,31.0052,25,500,right,40,20,0,868.48,505.17,1.1701
281,44319,2025-11-18T18:54:27,Right-handed,Rarely use mouse,20,9,31.0052,26,260,right,120,60,0,362.96,277.15,0.8235
282,44319,2025-11-18T18:54:27,Right-handed,Rarely use mouse,20,9,31.0052,27,360,right,120,60,0,589.38,359.61,0.8141
283,44319,2025-11-18T18:54:27,Right-handed,Rarely use mouse,20,9,31.0052,28,360,right,80,40,0,600.62,371.0,0.7587
284,44319,2025-11-18T18:54:27,Right-handed,Rarely use mouse,20,9,31.0052,29,360,left,80,40,0,697.74,364.05,0.984
285,44319,2025-11-18T18:54:27,Right-handed,Rarely use mouse,20,9,31.0052,30,260,right,40,20,0,665.08,259.02,1.1963
286,44319,2025-11-18T18:54:27,Right-handed,Rarely use mouse,20,9,31.0052,31,360,left,160,80,0,349.34,344.25,0.6003
287,44319,2025-11-18T18:54:27,Right-handed,Rarely use mouse,20,9,31.0052,32,180,right,120,60,0,181.0,167.67,0.4636
288,44319,2025-11-18T18:54:27,Right-handed,Rarely use mouse,20,10,32.6491,1,260,left,80,40,0,248.67,248.2,0.6534
289,44319,2025-11-18T18:54:27,Right-handed,Rarely use mouse,20,10,32.6491,2,360,left,40,20,0,668.9,364.01,0.9645
290,44319,2025-11-18T18:54:27,Right-handed,Rarely use mouse,20,10,32.6491,3,500,left,40,20,1,846.89,495.0,1.5175
291,44319,2025-11-18T18:54:27,Right-handed,Rarely use mouse,20,10,32.6491,4,180,left,160,80,0,411.79,178.0,0.5963
292,44319,2025-11-18T18:54:27,Right-handed,Rarely use mouse,20,10,32.6491,5,360,left,80,40,0,609.25,362.11,1.3024
293,44319,2025-11-18T18:54:27,Right-handed,Rarely use mouse,20,10,32.6491,6,180,right,40,20,0,303.4,191.02,0.7918
294,44319,2025-11-18T18:54:27,Right-handed,Rarely use mouse,20,10,32.6491,7,180,left,120,60,0,141.79,139.06,0.491
295,44319,2025-11-18T18:54:27,Right-handed,Rarely use mouse,20,10,32.6491,8,180,right,120,60,0,187.17,184.17,0.5308
296,44319,2025-11-18T18:54:27,Right-handed,Rarely use mouse,20,10,32.6491,9,180,right,80,40,0,347.32,172.49,0.8447
297,44319,2025-11-18T18:54:27,Right-handed,Rarely use mouse,20,10,32.6491,10,500,left,160,80,0,468.83,464.31,0.642
298,44319,2025-11-18T18:54:27,Right-handed,Rarely use mouse,20,10,32.6491,11,180,left,80,40,0,628.01,210.06,1.1244
299,44319,2025-11-18T18:54:27,Right-handed,Rarely use mouse,20,10,32.6491,12,500,right,120,60,0,460.71,455.48,0.746
300,44319,2025-11-18T18:54:27,Right-handed,Rarely use mouse,20,10,32.6491,13,180,right,160,80,0,498.3,157.0,0.7079
301,44319,2025-11-18T18:54:27,Right-handed,Rarely use mouse,20,10,32.6491,14,360,right,120,60,0,531.99,389.01,0.8428
302,44319,2025-11-18T18:54:27,Right-handed,Rarely use mouse,20,10,32.6491,15,180,left,40,20,0,190.99,187.01,0.6287
303,44319,2025-11-18T18:54:27,Right-handed,Rarely use mouse,20,10,32.6491,16,260,right,80,40,0,263.09,253.13,0.7652
304,44319,2025-11-18T18:54:27,Right-handed,Rarely use mouse,20,10,32.6491,17,360,left,160,80,0,310.88,309.04,0.6067
305,44319,2025-11-18T18:54:27,Right-handed,Rarely use mouse,20,10,32.6491,18,260,left,160,80,0,345.5,227.06,0.6743
306,44319,2025-11-18T18:54:27,Right-handed,Rarely use mouse,20,10,32.6491,19,260,right,120,60,0,285.11,277.12,0.8921
307,44319,2025-11-18T18:54:27,Right-handed,Rarely use mouse,20,10,32.6491,20,500,left,120,60,0,496.31,493.2,0.7859
308,44319,2025-11-18T18:54:27,Right-handed,Rarely use mouse,20,10,32.6491,21,360,right,40,20,0,358.82,355.04,0.7907
309,44319,2025-11-18T18:54:27,Right-handed,Rarely use mouse,20,10,32.6491,22,360,right,80,40,0,538.28,354.07,0.9708
310,44319,2025-11-18T18:54:27,Right-handed,Rarely use mouse,20,10,32.6491,23,500,right,80,40,0,877.44,507.28,0.8133
311,44319,2025-11-18T18:54:27,Right-handed,Rarely use mouse,20,10,32.6491,24,260,right,40,20,0,361.74,251.02,0.7836
312,44319,2025-11-18T18:54:27,Right-handed,Rarely use mouse,20,10,32.6491,25,260,right,160,80,0,396.63,240.03,0.7196
313,44319,2025-11-18T18:54:27,Right-handed,Rarely use mouse,20,10,32.6491,26,360,right,160,80,0,357.41,339.12,0.8486
314,44319,2025-11-18T18:54:27,Right-handed,Rarely use mouse,20,10,32.6491,27,360,left,120,60,0,782.43,371.23,1.1281
315,44319,2025-11-18T18:54:27,Right-handed,Rarely use mouse,20,10,32.6491,28,260,left,120,60,0,741.55,222.73,0.7745
316,44319,2025-11-18T18:54:27,Right-handed,Rarely use mouse,20,10,32.6491,29,260,left,40,20,0,420.13,258.01,0.9401
317,44319,2025-11-18T18:54:27,Right-handed,Rarely use mouse,20,10,32.6491,30,500,left,80,40,0,616.35,500.32,1.0984
318,44319,2025-11-18T18:54:27,Right-handed,Rarely use mouse,20,10,32.6491,31,500,right,40,20,0,524.09,505.0,0.9474
319,44319,2025-11-18T18:54:27,Right-handed,Rarely use mouse,20,10,32.6491,32,500,right,160,80,0,955.88,575.06,0.7355
320,821977,2025-11-18T18:54:25,Right-handed,Rarely use mouse,21,1,63.6819,1,500,right,40,20,0,547.36,502.06,1.3851
321,821977,2025-11-18T18:54:25,Right-handed,Rarely use mouse,21,1,63.6819,2,360,left,120,60,0,417.22,336.72,0.9198
322,821977,2025-11-18T18:54:25,Right-handed,Rarely use mouse,21,1,63.6819,3,260,right,160,80,0,257.78,254.87,0.8013
323,821977,2025-11-18T18:54:25,Right-handed,Rarely use mouse,21,1,63.6819,4,180,right,120,60,0,198.54,198.12,0.6828
324,821977,2025-11-18T18:54:25,Right-handed,Rarely use mouse,21,1,63.6819,5,360,right,80,40,0,415.65,372.29,0.9902
325,821977,2025-11-18T18:54:25,Right-handed,Rarely use mouse,21,1,63.6819,6,500,left,120,60,0,559.76,504.05,0.9621
326,821977,2025-11-18T18:54:25,Right-handed,Rarely use mouse,21,1,63.6819,7,500,left,40,20,0,538.3,489.1,1.1114
327,821977,2025-11-18T18:54:25,Right-handed,Rarely use mouse,21,1,63.6819,8,260,right,120,60,0,241.6,241.05,0.65
328,821977,2025-11-18T18:54:25,Right-handed,Rarely use mouse,21,1,63.6819,9,180,left,160,80,0,151.37,149.27,0.5449
329,821977,2025-11-18T18:54:25,Right-handed,Rarely use mouse,21,1,63.6819,10,360,left,40,20,0,396.12,353.24,1.2484
330,821977,2025-11-18T18:54:25,Right-handed,Rarely use mouse,21,1,63.6819,11,500,right,160,80,0,494.61,470.15,1.5929
331,821977,2025-11-18T18:54:25,Right-handed,Rarely use mouse,21,1,63.6819,12,180,right,80,40,1,175.12,172.0,1.0005
332,821977,2025-11-18T18:54:25,Right-handed,Rarely use mouse,21,1,63.6819,13,260,left,120,60,0,259.47,224.38,0.864
333,821977,2025-11-18T18:54:25,Right-handed,Rarely use mouse,21,1,63.6819,14,260,left,40,20,0,254.45,254.0,0.8809
334,821977,2025-11-18T18:54:25,Right-handed,Rarely use mouse,21,1,63.6819,15,360,right,120,60,0,386.59,378.01,0.8779
335,821977,2025-11-18T18:54:25,Right-handed,Rarely use mouse,21,1,63.6819,16,360,right,160,80,0,298.98,297.28,0.8772
336,821977,2025-11-18T18:54:25,Right-handed,Rarely use mouse,21,1,63.6819,17,180,left,120,60,0,148.52,145.22,0.7935
337,821977,2025-11-18T18:54:25,Right-handed,Rarely use mouse,21,1,63.6819,18,180,right,160,80,0,154.11,152.05,0.6867
338,821977,2025-11-18T18:54:25,Right-handed,Rarely use mouse,21,1,63.6819,19,500,left,160,80,0,554.55,535.05,0.9042
339,821977,2025-11-18T18:54:25,Right-handed,Rarely use mouse,21,1,63.6819,20,500,left,80,40,0,559.55,476.01,1.0721
340,821977,2025-11-18T18:54:25,Right-handed,Rarely use mouse,21,1,63.6819,21,260,right,80,40,0,259.31,256.24,0.9695
341,821977,2025-11-18T18:54:25,Right-handed,Rarely use mouse,21,1,63.6819,22,260,left,80,40,0,260.45,257.1,0.8135
342,821977,2025-11-18T18:54:25,Right-handed,Rarely use mouse,21,1,63.6819,23,180,left,40,20,0,179.91,175.03,1.1242
343,821977,2025-11-18T18:54:25,Right-handed,Rarely use mouse,21,1,63.6819,24,180,left,80,40,0,208.75,208.0,0.8652
344,821977,2025-11-18T18:54:25,Right-handed,Rarely use mouse,21,1,63.6819,25,260,left,160,80,0,272.43,271.0,0.8297
345,821977,2025-11-18T18:54:25,Right-handed,Rarely use mouse,21,1,63.6819,26,500,right,80,40,1,879.53,488.17,1.4726
346,821977,2025-11-18T18:54:25,Right-handed,Rarely use mouse,21,1,63.6819,27,500,right,120,60,1,503.87,474.02,1.4913
347,821977,2025-11-18T18:54:25,Right-handed,Rarely use mouse,21,1,63.6819,28,260,right,40,20,0,266.32,256.01,0.8795
348,821977,2025-11-18T18:54:25,Right-handed,Rarely use mouse,21,1,63.6819,29,360,right,40,20,0,518.45,359.0,1.436
349,821977,2025-11-18T18:54:25,Right-handed,Rarely use mouse,21,1,63.6819,30,360,left,160,80,0,326.77,323.0,0.7983
350,821977,2025-11-18T18:54:25,Right-handed,Rarely use mouse,21,1,63.6819,31,360,left,80,40,0,348.02,337.18,0.9312
351,821977,2025-11-18T18:54:25,Right-handed,Rarely use mouse,21,1,63.6819,32,180,right,40,20,0,202.71,187.1,1.1657
352,821977,2025-11-18T18:54:25,Right-handed,Rarely use mouse,21,2,53.2059,1,180,right,120,60,0,182.87,178.89,0.8103
353,821977,2025-11-18T18:54:25,Right-handed,Rarely use mouse,21,2,53.2059,2,500,left,40,20,0,493.43,491.1,1.156
354,821977,2025-11-18T18:54:25,Right-handed,Rarely use mouse,21,2,53.2059,3,260,left,40,20,0,258.57,257.1,1.1517
355,821977,2025-11-18T18:54:25,Right-handed,Rarely use mouse,21,2,53.2059,4,260,left,120,60,0,235.28,235.05,0.717
356,821977,2025-11-18T18:54:25,Right-handed,Rarely use mouse,21,2,53.2059,5,180,right,40,20,0,209.1,199.01,1.0949
357,821977,2025-11-18T18:54:25,Right-handed,Rarely use mouse,21,2,53.2059,6,260,right,80,40,0,464.95,254.02,1.3494
358,821977,2025-11-18T18:54:25,Right-handed,Rarely use mouse,21,2,53.2059,7,260,left,160,80,0,254.09,254.02,0.6648
359,821977,2025-11-18T18:54:25,Right-handed,Rarely use mouse,21,2,53.2059,8,260,right,40,20,1,307.43,268.0,1.4612
360,821977,2025-11-18T18:54:25,Right-handed,Rarely use mouse,21,2,53.2059,9,500,left,160,80,0,645.5,543.62,1.0047
361,821977,2025-11-18T18:54:25,Right-handed,Rarely use mouse,21,2,53.2059,10,260,right,120,60,0,247.81,247.16,0.7268
362,821977,2025-11-18T18:54:25,Right-handed,Rarely use mouse,21,2,53.2059,11,360,right,160,80,0,345.84,345.04,0.7708
363,821977,2025-11-18T18:54:25,Right-handed,Rarely use mouse,21,2,53.2059,12,500,left,80,40,0,497.9,492.0,1.1967
364,821977,2025-11-18T18:54:25,Right-handed,Rarely use mouse,21,2,53.2059,13,260,right,160,80,0,240.41,240.0,0.6636
365,821977,2025-11-18T18:54:25,Right-handed,Rarely use mouse,21,2,53.2059,14,180,left,80,40,0,166.7,166.03,0.7671
366,821977,2025-11-18T18:54:25,Right-handed,Rarely use mouse,21,2,53.2059,15,500,right,120,60,0,503.28,500.02,0.8624
367,821977,2025-11-18T18:54:25,Right-handed,Rarely use mouse,21,2,53.2059,16,360,left,40,20,0,426.89,368.0,1.2656
368,821977,2025-11-18T18:54:25,Right-handed,Rarely use mouse,21,2,53.2059,17,360,right,80,40,0,334.53,334.0,0.9973
369,821977,2025-11-18T18:54:25,Right-handed,Rarely use mouse,21,2,53.2059,18,360,right,40,20,1,411.66,356.05,1.4625
370,821977,2025-11-18T18:54:25,Right-handed,Rarely use mouse,21,2,53.2059,19,500,right,160,80,0,610.99,517.35,1.0335
371,821977,2025-11-18T18:54:25,Right-handed,Rarely use mouse,21,2,53.2059,20,500,left,120,60,0,477.33,477.1,0.8168
372,821977,2025-11-18T18:54:25,Right-handed,Rarely use mouse,21,2,53.2059,21,360,right,120,60,0,321.53,321.1,0.8128
373,821977,2025-11-18T18:54:25,Right-handed,Rarely use mouse,21,2,53.2059,22,260,left,80,40,0,266.46,266.12,0.8502
374,821977,2025-11-18T18:54:25,Right-handed,Rarely use mouse,21,2,53.2059,23,180,right,160,80,0,153.1,153.0,0.5974
375,821977,2025-11-18T18:54:25,Right-handed,Rarely use mouse,21,2,53.2059,24,500,right,40,20,0,491.52,484.02,1.4649
376,821977,2025-11-18T18:54:25,Right-handed,Rarely use mouse,21,2,53.2059,25,360,left,80,40,0,500.02,369.03,1.0687
377,821977,2025-11-18T18:54:25,Right-handed,Rarely use mouse,21,2,53.2059,26,180,left,160,80,0,149.0,149.0,0.6841
378,821977,2025-11-18T18:54:25,Right-handed,Rarely use mouse,21,2,53.2059,27,180,right,80,40,0,152.03,152.0,0.732
379,821977,2025-11-18T18:54:25,Right-handed,Rarely use mouse,21,2,53.2059,28,180,left,40,20,0,172.0,172.0,0.9482
380,821977,2025-11-18T18:54:25,Right-handed,Rarely use mouse,21,2,53.2059,29,360,left,160,80,0,310.3,310.08,0.791
381,821977,2025-11-18T18:54:25,Right-handed,Rarely use mouse,21,2,53.2059,30,360,left,120,60,0,342.5,342.04,0.7086
382,821977,2025-11-18T18:54:25,Right-handed,Rarely use mouse,21,2,53.2059,31,500,right,80,40,0,713.03,488.12,1.01
383,821977,2025-11-18T18:54:25,Right-handed,Rarely use mouse,21,2,53.2059,32,180,left,120,60,0,140.29,140.01,0.6241
384,821977,2025-11-18T18:54:25,Right-handed,Rarely use mouse,21,3,58.1617,1,500,left,160,80,0,477.67,477.15,0.8444
385,821977,2025-11-18T18:54:25,Right-handed,Rarely use mouse,21,3,58.1617,2,260,left,160,80,0,236.2,236.01,0.646
386,821977,2025-11-18T18:54:25,Right-handed,Rarely use mouse,21,3,58.1617,3,260,left,40,20,0,276.63,276.05,0.9339
387,821977,2025-11-18T18:54:25,Right-handed,Rarely use mouse,21,3,58.1617,4,500,left,80,40,0,506.08,489.59,1.2952
388,821977,2025-11-18T18:54:25,Right-handed,Rarely use mouse,21,3,58.1617,5,360,left,160,80,0,363.75,361.0,0.7379
389,821977,2025-11-18T18:54:25,Right-handed,Rarely use mouse,21,3,58.1617,6,180,right,40,20,0,317.61,173.05,1.4887
390,821977,2025-11-18T18:54:25,Right-handed,Rarely use mouse,21,3,58.1617,7,180,left,40,20,0,170.76,169.01,1.1764
391,821977,2025-11-18T18:54:25,Right-handed,Rarely use mouse,21,3,58.1617,8,500,right,160,80,0,601.72,501.02,1.0358
392,821977,2025-11-18T18:54:25,Right-handed,Rarely use mouse,21,3,58.1617,9,500,left,40,20,0,483.52,482.02,1.3049
393,821977,2025-11-18T18:54:25,Right-handed,Rarely use mouse,21,3,58.1617,10,360,right,120,60,0,424.25,376.08,1.1419
394,821977,2025-11-18T18:54:25,Right-handed,Rarely use mouse,21,3,58.1617,11,180,right,160,80,0,179.61,178.28,0.6713
395,821977,2025-11-18T18:54:25,Right-handed,Rarely use mouse,21,3,58.1617,12,360,right,40,20,0,401.65,373.19,1.0606
396,821977,2025-11-18T18:54:25,Right-handed,Rarely use mouse,21,3,58.1617,13,260,right,40,20,1,357.06,259.03,1.3416
397,821977,2025-11-18T18:54:25,Right-handed,Rarely use mouse,21,3,58.1617,14,180,left,120,60,1,201.09,199.09,0.9471
398,821977,2025-11-18T18:54:25,Right-handed,Rarely use mouse,21,3,58.1617,15,180,right,80,40,0,150.5,149.86,0.7044
399,821977,2025-11-18T18:54:25,Right-handed,Rarely use mouse,21,3,58.1617,16,260,right,160,80,0,240.39,240.02,0.6747
400,821977,2025-11-18T18:54:25,Right-handed,Rarely use mouse,21,3,58.1617,17,360,right,80,40,0,562.67,375.05,0.8931
401,821977,2025-11-18T18:54:25,Right-handed,Rarely use mouse,21,3,58.1617,18,260,right,120,60,0,254.65,254.01,0.805
402,821977,2025-11-18T18:54:25,Right-handed,Rarely use mouse,21,3,58.1617,19,180,left,160,80,0,188.79,187.27,0.621
403,821977,2025-11-18T18:54:25,Right-handed,Rarely use mouse,21,3,58.1617,20,360,left,80,40,0,560.05,372.09,0.9944
404,821977,2025-11-18T18:54:25,Right-handed,Rarely use mouse,21,3,58.1617,21,360,left,40,20,0,369.38,363.03,1.0255
405,821977,2025-11-18T18:54:25,Right-handed,Rarely use mouse,21,3,58.1617,22,260,left,120,60,0,211.28,211.12,0.6968
406,821977,2025-11-18T18:54:25,Right-handed,Rarely use mouse,21,3,58.1617,23,180,right,120,60,0,121.05,121.0,0.7238
407,821977,2025-11-18T18:54:25,Right-handed,Rarely use mouse,21,3,58.1617,24,500,left,120,60,0,471.61,471.01,0.9773
408,821977,2025-11-18T18:54:25,Right-handed,Rarely use mouse,21,3,58.1617,25,360,left,120,60,0,374.33,373.34,0.8557
409,821977,2025-11-18T18:54:25,Right-handed,Rarely use mouse,21,3,58.1617,26,500,right,80,40,0,579.13,517.31,1.7138
410,821977,2025-11-18T18:54:25,Right-handed,Rarely use mouse,21,3,58.1617,27,500,right,120,60,0,593.89,494.4,0.9637
411,821977,2025-11-18T18:54:25,Right-handed,Rarely use mouse,21,3,58.1617,28,260,left,80,40,1,341.9,271.01,0.986
412,821977,2025-11-18T18:54:25,Right-handed,Rarely use mouse,21,3,58.1617,29,260,right,80,40,0,283.29,281.03,0.9589
413,821977,2025-11-18T18:54:25,Right-handed,Rarely use mouse,21,3,58.1617,30,500,right,40,20,0,524.16,514.04,1.0993
414,821977,2025-11-18T18:54:25,Right-handed,Rarely use mouse,21,3,58.1617,31,180,left,80,40,0,164.39,164.05,0.7401
415,821977,2025-11-18T18:54:25,Right-handed,Rarely use mouse,21,3,58.1617,32,360,right,160,80,0,326.01,326.0,0.6897
416,821977,2025-11-18T18:54:25,Right-handed,Rarely use mouse,21,4,53.4166,1,500,right,120,60,0,519.41,519.03,0.8446
417,821977,2025-11-18T18:54:25,Right-handed,Rarely use mouse,21,4,53.4166,2,260,left,40,20,0,248.36,248.01,0.9627
418,821977,2025-11-18T18:54:25,Right-handed,Rarely use mouse,21,4,53.4166,3,180,right,40,20,0,188.17,188.0,1.0283
419,821977,2025-11-18T18:54:25,Right-handed,Rarely use mouse,21,4,53.4166,4,260,right,40,20,0,273.77,273.18,0.9631
420,821977,2025-11-18T18:54:25,Right-handed,Rarely use mouse,21,4,53.4166,5,260,right,80,40,0,289.4,286.14,0.9504
421,821977,2025-11-18T18:54:25,Right-handed,Rarely use mouse,21,4,53.4166,6,260,left,160,80,0,230.67,230.26,0.721
422,821977,2025-11-18T18:54:25,Right-handed,Rarely use mouse,21,4,53.4166,7,180,left,80,40,1,174.91,174.18,1.3382
423,821977,2025-11-18T18:54:25,Right-handed,Rarely use mouse,21,4,53.4166,8,360,right,40,20,0,354.0,354.0,0.882
424,821977,2025-11-18T18:54:25,Right-handed,Rarely use mouse,21,4,53.4166,9,260,left,120,60,0,273.03,268.0,0.6963
425,821977,2025-11-18T18:54:25,Right-handed,Rarely use mouse,21,4,53.4166,10,180,left,40,20,0,191.17,191.02,1.0197
426,821977,2025-11-18T18:54:25,Right-handed,Rarely use mouse,21,4,53.4166,11,500,left,160,80,0,508.41,508.06,0.7877
427,821977,2025-11-18T18:54:25,Right-handed,Rarely use mouse,21,4,53.4166,12,360,left,80,40,0,560.37,368.01,1.1258
428,821977,2025-11-18T18:54:25,Right-handed,Rarely use mouse,21,4,53.4166,13,360,right,160,80,0,719.59,355.24,0.9619
429,821977,2025-11-18T18:54:25,Right-handed,Rarely use mouse,21,4,53.4166,14,180,left,160,80,0,131.08,131.02,0.5229
430,821977,2025-11-18T18:54:25,Right-handed,Rarely use mouse,21,4,53.4166,15,500,right,40,20,0,502.5,502.05,0.9751
431,821977,2025-11-18T18:54:25,Right-handed,Rarely use mouse,21,4,53.4166,16,260,right,120,60,0,268.4,266.01,0.8235
432,821977,2025-11-18T18:54:25,Right-handed,Rarely use mouse,21,4,53.4166,17,360,left,120,60,0,365.54,365.01,0.7632
433,821977,2025-11-18T18:54:25,Right-handed,Rarely use mouse,21,4,53.4166,18,500,right,160,80,0,513.56,513.01,0.7666
434,821977,2025-11-18T18:54:25,Right-handed,Rarely use mouse,21,4,53.4166,19,180,left,120,60,0,210.01,210.0,0.6663
435,821977,2025-11-18T18:54:25,Right-handed,Rarely use mouse,21,4,53.4166,20,180,right,160,80,0,122.24,121.02,0.6566
436,821977,2025-11-18T18:54:25,Right-handed,Rarely use mouse,21,4,53.4166,21,500,left,40,20,0,486.06,486.0,0.8273
437,821977,2025-11-18T18:54:25,Right-handed,Rarely use mouse,21,4,53.4166,22,180,right,80,40,0,174.04,174.01,0.7036
438,821977,2025-11-18T18:54:25,Right-handed,Rarely use mouse,21,4,53.4166,23,500,left,120,60,0,482.32,482.05,0.7773
439,821977,2025-11-18T18:54:25,Right-handed,Rarely use mouse,21,4,53.4166,24,360,right,120,60,0,323.0,323.0,0.7251
440,821977,2025-11-18T18:54:25,Right-handed,Rarely use mouse,21,4,53.4166,25,500,right,80,40,0,469.27,469.0,0.8884
441,821977,2025-11-18T18:54:25,Right-handed,Rarely use mouse,21,4,53.4166,26,260,left,80,40,0,235.27,234.1,0.7135
442,821977,2025-11-18T18:54:25,Right-handed,Rarely use mouse,21,4,53.4166,27,360,left,160,80,0,373.4,373.01,0.6861
443,821977,2025-11-18T18:54:25,Right-handed,Rarely use mouse,21,4,53.4166,28,360,left,40,20,0,367.35,363.01,0.9231
444,821977,2025-11-18T18:54:25,Right-handed,Rarely use mouse,21,4,53.4166,29,180,right,120,60,0,151.1,151.0,0.6192
445,821977,2025-11-18T18:54:25,Right-handed,Rarely use mouse,21,4,53.4166,30,500,left,80,40,1,475.79,471.09,1.1835
446,821977,2025-11-18T18:54:25,Right-handed,Rarely use mouse,21,4,53.4166,31,260,right,160,80,0,896.65,303.24,0.9655
447,821977,2025-11-18T18:54:25,Right-handed,Rarely use mouse,21,4,53.4166,32,360,right,80,40,0,703.46,365.03,1.0504
448,821977,2025-11-18T18:54:25,Right-handed,Rarely use mouse,21,5,57.8319,1,500,right,120,60,0,502.45,502.0,0.7275
449,821977,2025-11-18T18:54:25,Right-handed,Rarely use mouse,21,5,57.8319,2,500,right,160,80,0,497.51,496.08,0.8643
450,821977,2025-11-18T18:54:25,Right-handed,Rarely use mouse,21,5,57.8319,3,260,left,80,40,0,250.83,250.01,0.8004
451,821977,2025-11-18T18:54:25,Right-handed,Rarely use mouse,21,5,57.8319,4,260,right,40,20,1,259.26,258.01,1.2812
452,821977,2025-11-18T18:54:25,Right-handed,Rarely use mouse,21,5,57.8319,5,360,left,80,40,0,353.44,353.0,0.6823
453,821977,2025-11-18T18:54:25,Right-handed,Rarely use mouse,21,5,57.8319,6,180,left,120,60,0,125.0,125.0,0.6355
454,821977,2025-11-18T18:54:25,Right-handed,Rarely use mouse,21,5,57.8319,7,180,right,160,80,0,112.0,112.0,0.5721
455,821977,2025-11-18T18:54:25,Right-handed,Rarely use mouse,21,5,57.8319,8,360,right,80,40,0,370.65,370.01,0.8104
456,821977,2025-11-18T18:54:25,Right-handed,Rarely use mouse,21,5,57.8319,9,360,right,160,80,0,319.69,318.76,0.7908
457,821977,2025-11-18T18:54:25,Right-handed,Rarely use mouse,21,5,57.8319,10,500,right,40,20,0,704.8,501.05,1.4793
458,821977,2025-11-18T18:54:25,Right-handed,Rarely use mouse,21,5,57.8319,11,260,right,160,80,0,234.89,232.36,0.8833
459,821977,2025-11-18T18:54:25,Right-handed,Rarely use mouse,21,5,57.8319,12,260,right,80,40,0,241.9,241.47,0.8236
460,821977,2025-11-18T18:54:25,Right-handed,Rarely use mouse,21,5,57.8319,13,180,left,160,80,0,126.09,126.02,0.6281
461,821977,2025-11-18T18:54:25,Right-handed,Rarely use mouse,21,5,57.8319,14,360,left,160,80,0,291.84,289.25,0.7064
462,821977,2025-11-18T18:54:25,Right-handed,Rarely use mouse,21,5,57.8319,15,360,left,120,60,0,363.17,363.03,0.698
463,821977,2025-11-18T18:54:25,Right-handed,Rarely use mouse,21,5,57.8319,16,260,left,160,80,0,225.42,223.44,0.7588
464,821977,2025-11-18T18:54:25,Right-handed,Rarely use mouse,21,5,57.8319,17,180,right,80,40,1,180.65,166.15,1.0237
465,821977,2025-11-18T18:54:25,Right-handed,Rarely use mouse,21,5,57.8319,18,180,right,40,20,0,238.51,187.0,1.192
466,821977,2025-11-18T18:54:25,Right-handed,Rarely use mouse,21,5,57.8319,19,500,left,120,60,0,542.83,542.41,0.8392
467,821977,2025-11-18T18:54:25,Right-handed,Rarely use mouse,21,5,57.8319,20,360,left,40,20,0,364.15,363.03,0.908
468,821977,2025-11-18T18:54:25,Right-handed,Rarely use mouse,21,5,57.8319,21,180,left,80,40,0,170.78,169.07,0.788
469,821977,2025-11-18T18:54:25,Right-handed,Rarely use mouse,21,5,57.8319,22,260,left,120,60,0,240.21,240.07,0.7026
470,821977,2025-11-18T18:54:25,Right-handed,Rarely use mouse,21,5,57.8319,23,260,left,40,20,0,287.36,279.0,1.2711
471,821977,2025-11-18T18:54:25,Right-handed,Rarely use mouse,21,5,57.8319,24,180,left,40,20,0,169.0,169.0,0.8446
472,821977,2025-11-18T18:54:25,Right-handed,Rarely use mouse,21,5,57.8319,25,260,right,120,60,1,379.83,280.18,1.3002
473,821977,2025-11-18T18:54:25,Right-handed,Rarely use mouse,21,5,57.8319,26,180,right,120,60,0,136.23,129.02,0.6781
474,821977,2025-11-18T18:54:25,Right-handed,Rarely use mouse,21,5,57.8319,27,500,left,40,20,0,492.84,491.08,1.0981
475,821977,2025-11-18T18:54:25,Right-handed,Rarely use mouse,21,5,57.8319,28,500,left,80,40,0,483.66,482.02,1.2114
476,821977,2025-11-18T18:54:25,Right-handed,Rarely use mouse,21,5,57.8319,29,360,right,120,60,0,321.43,319.69,0.9338
477,821977,2025-11-18T18:54:25,Right-handed,Rarely use mouse,21,5,57.8319,30,360,right,40,20,0,470.82,349.0,1.3823
478,821977,2025-11-18T18:54:25,Right-handed,Rarely use mouse,21,5,57.8319,31,500,left,160,80,0,504.12,502.44,0.8407
479,821977,2025-11-18T18:54:25,Right-handed,Rarely use mouse,21,5,57.8319,32,500,right,80,40,0,703.46,511.19,1.2008
480,821977,2025-11-18T18:54:25,Right-handed,Rarely use mouse,21,6,44.3074,1,500,right,160,80,0,576.4,534.65,0.9453
481,821977,2025-11-18T18:54:25,Right-handed,Rarely use mouse,21,6,44.3074,2,500,right,120,60,0,522.27,514.06,0.8644
482,821977,2025-11-18T18:54:25,Right-handed,Rarely use mouse,21,6,44.3074,3,500,right,40,20,0,623.08,511.04,1.0632
483,821977,2025-11-18T18:54:25,Right-handed,Rarely use mouse,21,6,44.3074,4,260,left,80,40,2,414.0,272.18,1.2702
484,821977,2025-11-18T18:54:25,Right-handed,Rarely use mouse,21,6,44.3074,5,360,left,80,40,0,333.04,332.15,0.7875
485,821977,2025-11-18T18:54:25,Right-handed,Rarely use mouse,21,6,44.3074,6,360,right,40,20,0,363.21,363.01,1.043
486,821977,2025-11-18T18:54:25,Right-handed,Rarely use mouse,21,6,44.3074,7,360,right,120,60,0,342.02,341.42,0.7447
487,821977,2025-11-18T18:54:25,Right-handed,Rarely use mouse,21,6,44.3074,8,500,left,120,60,0,680.42,523.38,1.1759
488,821977,2025-11-18T18:54:25,Right-handed,Rarely use mouse,21,6,44.3074,9,260,left,40,20,0,251.29,250.02,1.1174
489,821977,2025-11-18T18:54:25,Right-handed,Rarely use mouse,21,6,44.3074,10,500,right,80,40,0,729.98,469.02,1.0806
490,821977,2025-11-18T18:54:25,Right-handed,Rarely use mouse,21,6,44.3074,11,180,right,120,60,0,121.04,121.0,0.7817
491,821977,2025-11-18T18:54:25,Right-handed,Rarely use mouse,21,6,44.3074,12,180,left,160,80,0,113.0,113.0,0.6312
492,821977,2025-11-18T18:54:25,Right-handed,Rarely use mouse,21,6,44.3074,13,180,right,80,40,0,161.61,161.03,0.8834
493,821977,2025-11-18T18:54:25,Right-handed,Rarely use mouse,21,6,44.3074,14,260,right,120,60,0,238.37,238.08,0.7462
494,821977,2025-11-18T18:54:25,Right-handed,Rarely use mouse,21,6,44.3074,15,260,right,40,20,0,256.79,255.13,1.1773
495,821977,2025-11-18T18:54:25,Right-handed,Rarely use mouse,21,6,44.3074,16,180,left,40,20,0,178.75,178.4,0.6373
496,821977,2025-11-18T18:54:25,Right-handed,Rarely use mouse,21,6,44.3074,17,260,right,80,40,0,264.09,264.01,0.8364
497,821977,2025-11-18T18:54:25,Right-handed,Rarely use mouse,21,6,44.3074,18,500,left,160,80,0,487.88,487.12,0.7024
498,821977,2025-11-18T18:54:25,Right-handed,Rarely use mouse,21,6,44.3074,19,360,right,80,40,0,360.59,360.0,0.7708
499,821977,2025-11-18T18:54:25,Right-handed,Rarely use mouse,21,6,44.3074,20,180,right,40,20,0,345.48,186.1,0.8537
500,821977,2025-11-18T18:54:25,Right-handed,Rarely use mouse,21,6,44.3074,21,180,left,80,40,0,184.15,183.01,0.6874
501,821977,2025-11-18T18:54:25,Right-handed,Rarely use mouse,21,6,44.3074,22,260,right,160,80,0,202.66,202.0,0.652
502,821977,2025-11-18T18:54:25,Right-handed,Rarely use mouse,21,6,44.3074,23,500,left,80,40,1,559.21,527.16,1.3653
503,821977,2025-11-18T18:54:25,Right-handed,Rarely use mouse,21,6,44.3074,24,360,left,160,80,0,325.21,324.19,0.9064
504,821977,2025-11-18T18:54:25,Right-handed,Rarely use mouse,21,6,44.3074,25,500,left,40,20,0,494.05,493.01,1.2002
505,821977,2025-11-18T18:54:25,Right-handed,Rarely use mouse,21,6,44.3074,26,180,left,120,60,0,141.08,140.06,1.0811
506,821977,2025-11-18T18:54:25,Right-handed,Rarely use mouse,21,6,44.3074,27,180,right,160,80,0,143.6,143.06,0.6342
507,821977,2025-11-18T18:54:25,Right-handed,Rarely use mouse,21,6,44.3074,28,260,left,160,80,0,236.62,236.08,0.7996
508,821977,2025-11-18T18:54:25,Right-handed,Rarely use mouse,21,6,44.3074,29,360,left,120,60,0,323.61,322.02,0.9785
509,821977,2025-11-18T18:54:25,Right-handed,Rarely use mouse,21,6,44.3074,30,360,right,160,80,0,504.87,389.51,0.9131
510,821977,2025-11-18T18:54:25,Right-handed,Rarely use mouse,21,6,44.3074,31,260,left,120,60,0,240.35,239.1,0.7403
511,821977,2025-11-18T18:54:25,Right-handed,Rarely use mouse,21,6,44.3074,32,360,left,40,20,0,495.51,358.01,1.1458
512,821977,2025-11-18T18:54:25,Right-handed,Rarely use mouse,21,7,37.4683,1,260,left,80,40,0,247.5,247.13,0.9215
513,821977,2025-11-18T18:54:25,Right-handed,Rarely use mouse,21,7,37.4683,2,360,right,160,80,0,396.96,391.48,0.8672
514,821977,2025-11-18T18:54:25,Right-handed,Rarely use mouse,21,7,37.4683,3,360,right,40,20,0,658.33,352.04,1.1287
515,821977,2025-11-18T18:54:25,Right-handed,Rarely use mouse,21,7,37.4683,4,260,right,40,20,0,671.32,249.2,1.5308
516,821977,2025-11-18T18:54:25,Right-handed,Rarely use mouse,21,7,37.4683,5,180,right,40,20,0,430.95,184.07,1.1862
517,821977,2025-11-18T18:54:25,Right-handed,Rarely use mouse,21,7,37.4683,6,180,left,120,60,0,226.75,223.38,0.6539
518,821977,2025-11-18T18:54:25,Right-handed,Rarely use mouse,21,7,37.4683,7,500,left,120,60,0,462.3,446.0,0.847
519,821977,2025-11-18T18:54:25,Right-handed,Rarely use mouse,21,7,37.4683,8,360,left,80,40,0,473.41,363.31,0.8614
520,821977,2025-11-18T18:54:25,Right-handed,Rarely use mouse,21,7,37.4683,9,360,right,120,60,0,495.57,398.66,1.1088
521,821977,2025-11-18T18:54:25,Right-handed,Rarely use mouse,21,7,37.4683,10,260,right,120,60,0,524.53,270.05,0.9215
522,821977,2025-11-18T18:54:25,Right-handed,Rarely use mouse,21,7,37.4683,11,260,right,80,40,0,382.97,258.05,0.8644
523,821977,2025-11-18T18:54:25,Right-handed,Rarely use mouse,21,7,37.4683,12,500,left,40,20,0,613.79,517.01,1.2816
524,821977,2025-11-18T18:54:25,Right-handed,Rarely use mouse,21,7,37.4683,13,180,left,40,20,0,470.35,165.0,1.2218
525,821977,2025-11-18T18:54:25,Right-handed,Rarely use mouse,21,7,37.4683,14,360,left,160,80,0,354.42,328.87,0.8444
526,821977,2025-11-18T18:54:25,Right-handed,Rarely use mouse,21,7,37.4683,15,500,right,160,80,0,712.54,512.39,1.0746
527,821977,2025-11-18T18:54:25,Right-handed,Rarely use mouse,21,7,37.4683,16,180,right,80,40,0,267.96,149.12,0.8301
528,821977,2025-11-18T18:54:25,Right-handed,Rarely use mouse,21,7,37.4683,17,500,left,80,40,0,587.75,518.0,1.0801
529,821977,2025-11-18T18:54:25,Right-handed,Rarely use mouse,21,7,37.4683,18,360,left,120,60,0,419.3,356.56,1.0928
530,821977,2025-11-18T18:54:25,Right-handed,Rarely use mouse,21,7,37.4683,19,180,right,120,60,0,153.93,152.07,0.7166
531,821977,2025-11-18T18:54:25,Right-handed,Rarely use mouse,21,7,37.4683,20,500,left,160,80,0,549.96,543.58,0.8813
532,821977,2025-11-18T18:54:25,Right-handed,Rarely use mouse,21,7,37.4683,21,260,left,40,20,0,404.56,272.18,1.1013
533,821977,2025-11-18T18:54:25,Right-handed,Rarely use mouse,21,7,37.4683,22,360,right,80,40,0,444.49,369.02,0.9701
534,821977,2025-11-18T18:54:25,Right-handed,Rarely use mouse,21,7,37.4683,23,260,left,120,60,0,260.83,259.12,0.715
535,821977,2025-11-18T18:54:25,Right-handed,Rarely use mouse,21,7,37.4683,24,500,right,80,40,0,598.02,517.35,1.0103
536,821977,2025-11-18T18:54:25,Right-handed,Rarely use mouse,21,7,37.4683,25,180,right,160,80,0,464.66,163.36,0.8229
537,821977,2025-11-18T18:54:25,Right-handed,Rarely use mouse,21,7,37.4683,26,180,left,80,40,0,163.65,161.01,0.5957
538,821977,2025-11-18T18:54:25,Right-handed,Rarely use mouse,21,7,37.4683,27,500,right,40,20,1,685.52,510.0,2.4173
539,821977,2025-11-18T18:54:25,Right-handed,Rarely use mouse,21,7,37.4683,28,500,right,120,60,0,938.54,491.29,1.046
540,821977,2025-11-18T18:54:25,Right-handed,Rarely use mouse,21,7,37.4683,29,180,left,160,80,0,168.76,167.0,0.5383
541,821977,2025-11-18T18:54:25,Right-handed,Rarely use mouse,21,7,37.4683,30,260,right,160,80,0,244.25,243.35,0.7202
542,821977,2025-11-18T18:54:25,Right-handed,Rarely use mouse,21,7,37.4683,31,260,left,160,80,0,279.37,279.02,0.5999
543,821977,2025-11-18T18:54:25,Right-handed,Rarely use mouse,21,7,37.4683,32,360,left,40,20,0,478.52,372.01,1.2696
544,821977,2025-11-18T18:54:25,Right-handed,Rarely use mouse,21,8,41.9699,1,260,left,80,40,0,394.49,250.07,2.0736
545,821977,2025-11-18T18:54:25,Right-handed,Rarely use mouse,21,8,41.9699,2,500,right,40,20,0,638.12,516.0,1.973
546,821977,2025-11-18T18:54:25,Right-handed,Rarely use mouse,21,8,41.9699,3,360,left,80,40,0,364.85,358.01,1.1708
547,821977,2025-11-18T18:54:25,Right-handed,Rarely use mouse,21,8,41.9699,4,360,left,40,20,0,398.19,350.01,1.4137
548,821977,2025-11-18T18:54:25,Right-handed,Rarely use mouse,21,8,41.9699,5,180,right,160,80,0,122.52,121.6,0.784
549,821977,2025-11-18T18:54:25,Right-handed,Rarely use mouse,21,8,41.9699,6,260,right,40,20,0,279.74,262.01,1.1704
550,821977,2025-11-18T18:54:25,Right-handed,Rarely use mouse,21,8,41.9699,7,360,right,160,80,0,963.65,363.27,1.1009
551,821977,2025-11-18T18:54:25,Right-handed,Rarely use mouse,21,8,41.9699,8,360,right,120,60,0,458.16,370.01,0.9369
552,821977,2025-11-18T18:54:25,Right-handed,Rarely use mouse,21,8,41.9699,9,500,left,40,20,0,630.4,492.01,1.1949
553,821977,2025-11-18T18:54:25,Right-handed,Rarely use mouse,21,8,41.9699,10,260,right,120,60,0,243.68,238.35,0.9167
554,821977,2025-11-18T18:54:25,Right-handed,Rarely use mouse,21,8,41.9699,11,500,right,80,40,0,646.24,519.0,1.3405
555,821977,2025-11-18T18:54:25,Right-handed,Rarely use mouse,21,8,41.9699,12,260,left,160,80,0,257.37,257.05,0.638
556,821977,2025-11-18T18:54:25,Right-handed,Rarely use mouse,21,8,41.9699,13,360,left,120,60,0,398.01,397.05,0.7393
557,821977,2025-11-18T18:54:25,Right-handed,Rarely use mouse,21,8,41.9699,14,360,right,80,40,0,385.87,372.11,0.9418
558,821977,2025-11-18T18:54:25,Right-handed,Rarely use mouse,21,8,41.9699,15,500,left,80,40,0,683.12,508.06,1.1188
559,821977,2025-11-18T18:54:25,Right-handed,Rarely use mouse,21,8,41.9699,16,260,left,40,20,0,629.95,269.36,0.9163
560,821977,2025-11-18T18:54:25,Right-handed,Rarely use mouse,21,8,41.9699,17,360,left,160,80,0,505.72,318.08,1.6431
561,821977,2025-11-18T18:54:25,Right-handed,Rarely use mouse,21,8,41.9699,18,500,right,160,80,0,716.29,487.08,1.0063
562,821977,2025-11-18T18:54:25,Right-handed,Rarely use mouse,21,8,41.9699,19,180,right,80,40,0,524.1,184.17,1.0582
563,821977,2025-11-18T18:54:25,Right-handed,Rarely use mouse,21,8,41.9699,20,180,left,120,60,1,337.67,219.01,1.0669
564,821977,2025-11-18T18:54:25,Right-handed,Rarely use mouse,21,8,41.9699,21,260,left,120,60,0,303.86,277.0,1.3581
565,821977,2025-11-18T18:54:25,Right-handed,Rarely use mouse,21,8,41.9699,22,500,left,120,60,0,577.04,476.0,0.9883
566,821977,2025-11-18T18:54:25,Right-handed,Rarely use mouse,21,8,41.9699,23,180,right,120,60,0,193.06,186.08,0.9165
567,821977,2025-11-18T18:54:25,Right-handed,Rarely use mouse,21,8,41.9699,24,500,left,160,80,0,545.95,535.18,1.1645
568,821977,2025-11-18T18:54:25,Right-handed,Rarely use mouse,21,8,41.9699,25,260,right,160,80,0,264.76,262.95,0.6975
569,821977,2025-11-18T18:54:25,Right-handed,Rarely use mouse,21,8,41.9699,26,500,right,120,60,0,543.02,501.48,0.961
570,821977,2025-11-18T18:54:25,Right-handed,Rarely use mouse,21,8,41.9699,27,260,right,80,40,0,309.06,246.05,1.0859
571,821977,2025-11-18T18:54:25,Right-handed,Rarely use mouse,21,8,41.9699,28,180,left,160,80,0,202.51,201.04,0.5983
572,821977,2025-11-18T18:54:25,Right-handed,Rarely use mouse,21,8,41.9699,29,180,left,80,40,0,177.83,164.68,0.9905
573,821977,2025-11-18T18:54:25,Right-handed,Rarely use mouse,21,8,41.9699,30,360,right,40,20,0,372.51,365.07,1.0296
574,821977,2025-11-18T18:54:25,Right-handed,Rarely use mouse,21,8,41.9699,31,180,left,40,20,0,261.77,177.0,1.1204
575,821977,2025-11-18T18:54:25,Right-handed,Rarely use mouse,21,8,41.9699,32,180,right,40,20,2,223.06,189.0,1.6595
576,821977,2025-11-18T18:54:25,Right-handed,Rarely use mouse,21,9,43.6818,1,500,left,120,60,0,529.05,502.67,0.9881
577,821977,2025-11-18T18:54:25,Right-handed,Rarely use mouse,21,9,43.6818,2,360,right,160,80,0,417.82,414.39,0.7274
578,821977,2025-11-18T18:54:25,Right-handed,Rarely use mouse,21,9,43.6818,3,360,left,160,80,0,418.38,417.27,0.6981
579,821977,2025-11-18T18:54:25,Right-handed,Rarely use mouse,21,9,43.6818,4,500,left,40,20,0,707.04,503.22,1.4116
580,821977,2025-11-18T18:54:25,Right-handed,Rarely use mouse,21,9,43.6818,5,180,right,160,80,0,337.18,247.2,0.8609
581,821977,2025-11-18T18:54:25,Right-handed,Rarely use mouse,21,9,43.6818,6,500,right,80,40,0,611.83,515.0,1.2516
582,821977,2025-11-18T18:54:25,Right-handed,Rarely use mouse,21,9,43.6818,7,260,left,40,20,0,263.5,260.07,1.0927
583,821977,2025-11-18T18:54:25,Right-handed,Rarely use mouse,21,9,43.6818,8,360,left,120,60,0,369.42,365.23,0.8409
584,821977,2025-11-18T18:54:25,Right-handed,Rarely use mouse,21,9,43.6818,9,360,right,120,60,0,577.15,367.01,1.2605
585,821977,2025-11-18T18:54:25,Right-handed,Rarely use mouse,21,9,43.6818,10,360,right,40,20,0,692.62,371.01,1.4712
586,821977,2025-11-18T18:54:25,Right-handed,Rarely use mouse,21,9,43.6818,11,180,right,40,20,0,403.79,182.13,1.3863
587,821977,2025-11-18T18:54:25,Right-handed,Rarely use mouse,21,9,43.6818,12,260,right,160,80,0,332.28,281.14,0.9101
588,821977,2025-11-18T18:54:25,Right-handed,Rarely use mouse,21,9,43.6818,13,180,left,40,20,0,198.1,193.04,0.9235
589,821977,2025-11-18T18:54:25,Right-handed,Rarely use mouse,21,9,43.6818,14,500,left,80,40,0,681.1,469.04,1.3238
590,821977,2025-11-18T18:54:25,Right-handed,Rarely use mouse,21,9,43.6818,15,500,right,40,20,0,573.33,516.02,1.2207
591,821977,2025-11-18T18:54:25,Right-handed,Rarely use mouse,21,9,43.6818,16,360,left,80,40,0,334.3,332.22,0.7969
592,821977,2025-11-18T18:54:25,Right-handed,Rarely use mouse,21,9,43.6818,17,360,left,40,20,0,501.26,357.02,1.5846
593,821977,2025-11-18T18:54:25,Right-handed,Rarely use mouse,21,9,43.6818,18,260,left,120,60,0,414.05,230.05,0.9862
594,821977,2025-11-18T18:54:25,Right-handed,Rarely use mouse,21,9,43.6818,19,180,left,120,60,0,168.49,163.15,1.1689
595,821977,2025-11-18T18:54:25,Right-handed,Rarely use mouse,21,9,43.6818,20,260,right,40,20,0,316.81,268.0,1.3826
596,821977,2025-11-18T18:54:25,Right-handed,Rarely use mouse,21,9,43.6818,21,180,right,80,40,0,319.65,206.16,1.0908
597,821977,2025-11-18T18:54:25,Right-handed,Rarely use mouse,21,9,43.6818,22,260,right,120,60,0,318.84,292.02,0.9643
598,821977,2025-11-18T18:54:25,Right-handed,Rarely use mouse,21,9,43.6818,23,260,left,80,40,0,347.18,277.05,1.2044
599,821977,2025-11-18T18:54:25,Right-handed,Rarely use mouse,21,9,43.6818,24,260,left,160,80,0,256.47,256.0,0.7227
600,821977,2025-11-18T18:54:25,Right-handed,Rarely use mouse,21,9,43.6818,25,180,left,80,40,0,156.62,156.12,0.9601
601,821977,2025-11-18T18:54:25,Right-handed,Rarely use mouse,21,9,43.6818,26,260,right,80,40,0,234.17,231.42,0.9266
602,821977,2025-11-18T18:54:25,Right-handed,Rarely use mouse,21,9,43.6818,27,500,left,160,80,0,481.41,479.0,0.8771
603,821977,2025-11-18T18:54:25,Right-handed,Rarely use mouse,21,9,43.6818,28,180,right,120,60,0,189.44,189.08,0.6816
604,821977,2025-11-18T18:54:25,Right-handed,Rarely use mouse,21,9,43.6818,29,500,right,120,60,0,468.54,465.0,0.8861
605,821977,2025-11-18T18:54:25,Right-handed,Rarely use mouse,21,9,43.6818,30,360,right,80,40,0,387.96,385.05,0.9088
606,821977,2025-11-18T18:54:25,Right-handed,Rarely use mouse,21,9,43.6818,31,500,right,160,80,0,444.09,438.07,0.8739
607,821977,2025-11-18T18:54:25,Right-handed,Rarely use mouse,21,9,43.6818,32,180,left,160,80,0,138.32,138.0,0.7266
608,821977,2025-11-18T18:54:25,Right-handed,Rarely use mouse,21,10,44.0616,1,260,right,40,20,0,272.07,271.0,1.0951
609,821977,2025-11-18T18:54:25,Right-handed,Rarely use mouse,21,10,44.0616,2,360,left,160,80,0,572.72,416.24,1.069
610,821977,2025-11-18T18:54:25,Right-handed,Rarely use mouse,21,10,44.0616,3,360,right,80,40,0,360.62,360.09,0.7178
611,821977,2025-11-18T18:54:25,Right-handed,Rarely use mouse,21,10,44.0616,4,360,left,80,40,0,469.89,353.05,1.189
612,821977,2025-11-18T18:54:25,Right-handed,Rarely use mouse,21,10,44.0616,5,260,left,160,80,0,343.11,308.01,0.824
613,821977,2025-11-18T18:54:25,Right-handed,Rarely use mouse,21,10,44.0616,6,180,right,120,60,0,160.1,160.03,0.6365
614,821977,2025-11-18T18:54:25,Right-handed,Rarely use mouse,21,10,44.0616,7,180,right,80,40,0,178.1,178.0,0.7254
615,821977,2025-11-18T18:54:25,Right-handed,Rarely use mouse,21,10,44.0616,8,260,left,80,40,0,280.31,280.01,0.8798
616,821977,2025-11-18T18:54:25,Right-handed,Rarely use mouse,21,10,44.0616,9,500,left,80,40,0,560.77,504.05,0.8784
617,821977,2025-11-18T18:54:25,Right-handed,Rarely use mouse,21,10,44.0616,10,500,right,160,80,0,658.69,543.27,1.0688
618,821977,2025-11-18T18:54:25,Right-handed,Rarely use mouse,21,10,44.0616,11,360,right,160,80,0,505.12,337.0,1.0595
619,821977,2025-11-18T18:54:25,Right-handed,Rarely use mouse,21,10,44.0616,12,500,left,40,20,1,695.27,511.01,1.6411
620,821977,2025-11-18T18:54:25,Right-handed,Rarely use mouse,21,10,44.0616,13,260,right,120,60,0,272.82,272.07,0.6837
621,821977,2025-11-18T18:54:25,Right-handed,Rarely use mouse,21,10,44.0616,14,500,right,120,60,0,461.28,458.0,0.8463
622,821977,2025-11-18T18:54:25,Right-handed,Rarely use mouse,21,10,44.0616,15,260,right,80,40,0,244.41,238.05,1.15
623,821977,2025-11-18T18:54:25,Right-handed,Rarely use mouse,21,10,44.0616,16,180,right,160,80,0,155.38,146.12,0.7417
624,821977,2025-11-18T18:54:25,Right-handed,Rarely use mouse,21,10,44.0616,17,260,right,160,80,0,219.7,219.0,0.8088
625,821977,2025-11-18T18:54:25,Right-handed,Rarely use mouse,21,10,44.0616,18,360,left,40,20,1,476.45,346.01,1.4835
626,821977,2025-11-18T18:54:25,Right-handed,Rarely use mouse,21,10,44.0616,19,260,left,40,20,0,385.14,258.05,1.5025
627,821977,2025-11-18T18:54:25,Right-handed,Rarely use mouse,21,10,44.0616,20,180,left,160,80,0,214.61,151.08,0.7335
628,821977,2025-11-18T18:54:25,Right-handed,Rarely use mouse,21,10,44.0616,21,360,right,40,20,0,375.62,374.13,0.9378
629,821977,2025-11-18T18:54:25,Right-handed,Rarely use mouse,21,10,44.0616,22,500,left,120,60,0,474.38,474.04,0.7796
630,821977,2025-11-18T18:54:25,Right-handed,Rarely use mouse,21,10,44.0616,23,180,left,120,60,0,255.17,179.04,0.753
631,821977,2025-11-18T18:54:25,Right-handed,Rarely use mouse,21,10,44.0616,24,500,left,160,80,0,550.6,532.03,0.8161
632,821977,2025-11-18T18:54:25,Right-handed,Rarely use mouse,21,10,44.0616,25,360,left,120,60,0,345.04,333.22,0.8673
633,821977,2025-11-18T18:54:25,Right-handed,Rarely use mouse,21,10,44.0616,26,180,left,40,20,0,205.66,168.36,0.8356
634,821977,2025-11-18T18:54:25,Right-handed,Rarely use mouse,21,10,44.0616,27,260,left,120,60,0,228.2,225.04,0.9039
635,821977,2025-11-18T18:54:25,Right-handed,Rarely use mouse,21,10,44.0616,28,180,right,40,20,0,356.26,173.01,1.1745
636,821977,2025-11-18T18:54:25,Right-handed,Rarely use mouse,21,10,44.0616,29,180,left,80,40,0,174.72,168.24,0.889
637,821977,2025-11-18T18:54:25,Right-handed,Rarely use mouse,21,10,44.0616,30,500,right,80,40,0,645.84,486.17,1.4028
638,821977,2025-11-18T18:54:25,Right-handed,Rarely use mouse,21,10,44.0616,31,360,right,120,60,0,398.23,386.13,0.9824
639,821977,2025-11-18T18:54:25,Right-handed,Rarely use mouse,21,10,44.0616,32,500,right,40,20,0,507.61,497.03,1.1423
640,24273,2025-11-18T19:18:08,Right-handed,Casual user,18,1,53.2994,1,180,left,80,40,0,215.55,204.04,0.8296
641,24273,2025-11-18T19:18:08,Right-handed,Casual user,18,1,53.2994,2,360,left,80,40,0,398.24,377.3,0.8657
642,24273,2025-11-18T19:18:08,Right-handed,Casual user,18,1,53.2994,3,260,right,80,40,0,298.9,275.01,0.884
643,24273,2025-11-18T19:18:08,Right-handed,Casual user,18,1,53.2994,4,360,left,160,80,0,364.28,364.07,0.7115
644,24273,2025-11-18T19:18:08,Right-handed,Casual user,18,1,53.2994,5,360,right,160,80,0,515.55,416.06,0.923
645,24273,2025-11-18T19:18:08,Right-handed,Casual user,18,1,53.2994,6,360,left,40,20,0,371.1,350.07,0.9568
646,24273,2025-11-18T19:18:08,Right-handed,Casual user,18,1,53.2994,7,180,right,160,80,0,142.6,140.13,0.6628
647,24273,2025-11-18T19:18:08,Right-handed,Casual user,18,1,53.2994,8,500,left,120,60,0,466.58,459.07,0.7606
648,24273,2025-11-18T19:18:08,Right-handed,Casual user,18,1,53.2994,9,180,right,40,20,0,278.87,184.0,1.1349
649,24273,2025-11-18T19:18:08,Right-handed,Casual user,18,1,53.2994,10,360,right,120,60,0,346.56,344.02,0.7033
650,24273,2025-11-18T19:18:08,Right-handed,Casual user,18,1,53.2994,11,180,right,120,60,0,153.24,153.0,0.6974
651,24273,2025-11-18T19:18:08,Right-handed,Casual user,18,1,53.2994,12,260,left,40,20,0,290.18,271.05,0.8301
652,24273,2025-11-18T19:18:08,Right-handed,Casual user,18,1,53.2994,13,260,right,120,60,0,254.02,254.0,0.7176
653,24273,2025-11-18T19:18:08,Right-handed,Casual user,18,1,53.2994,14,500,right,160,80,0,482.25,474.05,0.8102
654,24273,2025-11-18T19:18:08,Right-handed,Casual user,18,1,53.2994,15,180,left,120,60,0,157.24,157.03,0.684
655,24273,2025-11-18T19:18:08,Right-handed,Casual user,18,1,53.2994,16,180,left,160,80,0,133.02,133.0,0.6387
656,24273,2025-11-18T19:18:08,Right-handed,Casual user,18,1,53.2994,17,500,right,80,40,0,509.02,501.0,0.7338
657,24273,2025-11-18T19:18:08,Right-handed,Casual user,18,1,53.2994,18,360,right,80,40,0,345.87,343.01,0.7655
658,24273,2025-11-18T19:18:08,Right-handed,Casual user,18,1,53.2994,19,260,left,160,80,0,231.49,231.03,0.7444
659,24273,2025-11-18T19:18:08,Right-handed,Casual user,18,1,53.2994,20,500,right,120,60,0,629.64,513.16,0.7865
660,24273,2025-11-18T19:18:08,Right-handed,Casual user,18,1,53.2994,21,180,right,80,40,0,184.19,174.0,0.7386
661,24273,2025-11-18T19:18:08,Right-handed,Casual user,18,1,53.2994,22,260,right,40,20,0,283.35,259.09,0.8024
662,24273,2025-11-18T19:18:08,Right-handed,Casual user,18,1,53.2994,23,500,right,40,20,0,577.93,513.0,1.1897
663,24273,2025-11-18T19:18:08,Right-handed,Casual user,18,1,53.2994,24,360,left,120,60,0,379.8,377.13,0.6866
664,24273,2025-11-18T19:18:08,Right-handed,Casual user,18,1,53.2994,25,500,left,40,20,0,506.43,502.0,1.058
665,24273,2025-11-18T19:18:08,Right-handed,Casual user,18,1,53.2994,26,500,left,160,80,0,548.4,544.02,0.7942
666,24273,2025-11-18T19:18:08,Right-handed,Casual user,18,1,53.2994,27,260,right,160,80,0,244.22,244.03,0.659
667,24273,2025-11-18T19:18:08,Right-handed,Casual user,18,1,53.2994,28,180,left,40,20,0,184.36,184.0,0.9348
668,24273,2025-11-18T19:18:08,Right-handed,Casual user,18,1,53.2994,29,360,right,40,20,0,357.5,357.0,0.865
669,24273,2025-11-18T19:18:08,Right-handed,Casual user,18,1,53.2994,30,260,left,120,60,0,297.0,296.0,0.6638
670,24273,2025-11-18T19:18:08,Right-handed,Casual user,18,1,53.2994,31,260,left,80,40,0,262.06,256.0,0.7286
671,24273,2025-11-18T19:18:08,Right-handed,Casual user,18,1,53.2994,32,500,left,80,40,0,679.16,471.18,0.9562
672,24273,2025-11-18T19:18:08,Right-handed,Casual user,18,2,48.6045,1,360,right,120,60,0,525.37,384.0,0.9492
673,24273,2025-11-18T19:18:08,Right-handed,Casual user,18,2,48.6045,2,180,right,160,80,0,168.07,148.01,0.59
674,24273,2025-11-18T19:18:08,Right-handed,Casual user,18,2,48.6045,3,180,left,120,60,0,160.05,160.0,0.5264
675,24273,2025-11-18T19:18:08,Right-handed,Casual user,18,2,48.6045,4,260,right,160,80,0,185.0,185.0,0.6847
676,24273,2025-11-18T19:18:08,Right-handed,Casual user,18,2,48.6045,5,180,left,80,40,0,142.41,142.0,0.5353
677,24273,2025-11-18T19:18:08,Right-handed,Casual user,18,2,48.6045,6,180,right,40,20,0,187.47,186.07,0.8736
678,24273,2025-11-18T19:18:08,Right-handed,Casual user,18,2,48.6045,7,180,right,80,40,0,226.53,206.06,0.7107
679,24273,2025-11-18T19:18:08,Right-handed,Casual user,18,2,48.6045,8,260,right,120,60,0,697.89,241.0,0.8173
680,24273,2025-11-18T19:18:08,Right-handed,Casual user,18,2,48.6045,9,500,right,160,80,0,479.0,457.0,0.68
681,24273,2025-11-18T19:18:08,Right-handed,Casual user,18,2,48.6045,10,260,right,40,20,0,331.65,253.0,1.0041
682,24273,2025-11-18T19:18:08,Right-handed,Casual user,18,2,48.6045,11,260,left,160,80,0,238.28,238.03,0.5849
683,24273,2025-11-18T19:18:08,Right-handed,Casual user,18,2,48.6045,12,180,left,160,80,0,120.22,120.02,0.631
684,24273,2025-11-18T19:18:08,Right-handed,Casual user,18,2,48.6045,13,180,right,120,60,0,171.0,165.0,0.6177
685,24273,2025-11-18T19:18:08,Right-handed,Casual user,18,2,48.6045,14,360,left,80,40,0,378.59,364.35,0.804
686,24273,2025-11-18T19:18:08,Right-handed,Casual user,18,2,48.6045,15,260,left,120,60,0,225.36,223.01,0.7096
687,24273,2025-11-18T19:18:08,Right-handed,Casual user,18,2,48.6045,16,180,left,40,20,0,180.58,180.0,0.7284
688,24273,2025-11-18T19:18:08,Right-handed,Casual user,18,2,48.6045,17,500,right,40,20,0,694.66,505.02,1.1952
689,24273,2025-11-18T19:18:08,Right-handed,Casual user,18,2,48.6045,18,360,right,40,20,0,372.0,372.0,0.9859
690,24273,2025-11-18T19:18:08,Right-handed,Casual user,18,2,48.6045,19,500,left,160,80,0,486.02,486.0,0.7608
691,24273,2025-11-18T19:18:08,Right-handed,Casual user,18,2,48.6045,20,500,right,120,60,0,464.38,462.28,0.7111
692,24273,2025-11-18T19:18:08,Right-handed,Casual user,18,2,48.6045,21,360,left,40,20,0,366.63,366.0,0.7901
693,24273,2025-11-18T19:18:08,Right-handed,Casual user,18,2,48.6045,22,500,left,80,40,0,514.24,514.0,0.86
694,24273,2025-11-18T19:18:08,Right-handed,Casual user,18,2,48.6045,23,360,right,80,40,0,542.91,375.0,0.9611
695,24273,2025-11-18T19:18:08,Right-handed,Casual user,18,2,48.6045,24,360,left,160,80,0,352.12,319.32,1.3505
696,24273,2025-11-18T19:18:08,Right-handed,Casual user,18,2,48.6045,25,360,right,160,80,0,401.71,381.01,0.6443
697,24273,2025-11-18T19:18:08,Right-handed,Casual user,18,2,48.6045,26,500,right,80,40,0,564.57,514.02,0.8575
698,24273,2025-11-18T19:18:08,Right-handed,Casual user,18,2,48.6045,27,500,left,120,60,0,555.84,549.2,0.6818
699,24273,2025-11-18T19:18:08,Right-handed,Casual user,18,2,48.6045,28,500,left,40,20,0,491.47,488.01,0.8367
700,24273,2025-11-18T19:18:08,Right-handed,Casual user,18,2,48.6045,29,260,right,80,40,0,359.79,274.15,0.88
701,24273,2025-11-18T19:18:08,Right-handed,Casual user,18,2,48.6045,30,360,left,120,60,0,355.46,353.11,0.642
702,24273,2025-11-18T19:18:08,Right-handed,Casual user,18,2,48.6045,31,260,left,80,40,0,298.08,291.56,0.7484
703,24273,2025-11-18T19:18:08,Right-handed,Casual user,18,2,48.6045,32,260,left,40,20,0,325.0,257.19,1.5852
704,24273,2025-11-18T19:18:08,Right-handed,Casual user,18,3,39.3924,1,360,right,40,20,0,362.63,361.09,0.8963
705,24273,2025-11-18T19:18:08,Right-handed,Casual user,18,3,39.3924,2,360,left,40,20,0,352.59,350.01,0.8743
706,24273,2025-11-18T19:18:08,Right-handed,Casual user,18,3,39.3924,3,180,left,80,40,0,171.52,171.03,0.6222
707,24273,2025-11-18T19:18:08,Right-handed,Casual user,18,3,39.3924,4,260,right,120,60,0,219.42,218.06,0.7357
708,24273,2025-11-18T19:18:08,Right-handed,Casual user,18,3,39.3924,5,260,left,120,60,0,245.19,244.05,0.6933
709,24273,2025-11-18T19:18:08,Right-handed,Casual user,18,3,39.3924,6,360,right,120,60,0,352.7,347.0,0.686
710,24273,2025-11-18T19:18:08,Right-handed,Casual user,18,3,39.3924,7,500,right,40,20,0,616.34,506.0,0.9473
711,24273,2025-11-18T19:18:08,Right-handed,Casual user,18,3,39.3924,8,260,left,160,80,0,219.45,219.0,0.6124
712,24273,2025-11-18T19:18:08,Right-handed,Casual user,18,3,39.3924,9,500,left,120,60,0,637.5,532.5,0.8906
713,24273,2025-11-18T19:18:08,Right-handed,Casual user,18,3,39.3924,10,500,right,160,80,0,485.06,485.0,0.6419
714,24273,2025-11-18T19:18:08,Right-handed,Casual user,18,3,39.3924,11,180,right,160,80,0,152.0,152.0,0.5477
715,24273,2025-11-18T19:18:08,Right-handed,Casual user,18,3,39.3924,12,180,right,40,20,0,184.83,169.01,0.6955
716,24273,2025-11-18T19:18:08,Right-handed,Casual user,18,3,39.3924,13,260,right,40,20,0,266.08,252.02,0.9292
717,24273,2025-11-18T19:18:08,Right-handed,Casual user,18,3,39.3924,14,500,left,80,40,0,486.2,486.03,0.7175
718,24273,2025-11-18T19:18:08,Right-handed,Casual user,18,3,39.3924,15,260,right,80,40,0,393.61,276.02,0.8449
719,24273,2025-11-18T19:18:08,Right-handed,Casual user,18,3,39.3924,16,260,right,160,80,0,193.15,183.0,0.5893
720,24273,2025-11-18T19:18:08,Right-handed,Casual user,18,3,39.3924,17,360,left,80,40,0,328.19,328.01,0.7215
721,24273,2025-11-18T19:18:08,Right-handed,Casual user,18,3,39.3924,18,180,left,40,20,0,191.24,190.04,0.7287
722,24273,2025-11-18T19:18:08,Right-handed,Casual user,18,3,39.3924,19,180,right,120,60,0,144.87,139.29,0.6426
723,24273,2025-11-18T19:18:08,Right-handed,Casual user,18,3,39.3924,20,180,left,160,80,0,204.04,203.01,0.53
724,24273,2025-11-18T19:18:08,Right-handed,Casual user,18,3,39.3924,21,360,right,160,80,0,367.01,365.0,0.6413
725,24273,2025-11-18T19:18:08,Right-handed,Casual user,18,3,39.3924,22,360,left,160,80,0,395.37,395.1,0.5906
726,24273,2025-11-18T19:18:08,Right-handed,Casual user,18,3,39.3924,23,360,right,80,40,0,364.28,363.02,0.6348
727,24273,2025-11-18T19:18:08,Right-handed,Casual user,18,3,39.3924,24,360,left,120,60,0,402.53,401.0,0.6806
728,24273,2025-11-18T19:18:08,Right-handed,Casual user,18,3,39.3924,25,500,left,40,20,1,740.34,495.03,1.3301
729,24273,2025-11-18T19:18:08,Right-handed,Casual user,18,3,39.3924,26,500,left,160,80,0,505.87,461.39,0.6751
730,24273,2025-11-18T19:18:08,Right-handed,Casual user,18,3,39.3924,27,180,left,120,60,0,188.78,161.05,0.599
731,24273,2025-11-18T19:18:08,Right-handed,Casual user,18,3,39.3924,28,180,right,80,40,0,175.07,174.03,0.6214
732,24273,2025-11-18T19:18:08,Right-handed,Casual user,18,3,39.3924,29,500,right,120,60,0,468.56,466.0,0.7158
733,24273,2025-11-18T19:18:08,Right-handed,Casual user,18,3,39.3924,30,260,left,80,40,0,265.31,265.02,0.6326
734,24273,2025-11-18T19:18:08,Right-handed,Casual user,18,3,39.3924,31,260,left,40,20,0,260.01,247.29,0.869
735,24273,2025-11-18T19:18:08,Right-handed,Casual user,18,3,39.3924,32,500,right,80,40,0,665.76,534.16,0.9972
736,24273,2025-11-18T19:18:08,Right-handed,Casual user,18,4,40.5154,1,360,left,40,20,0,360.19,355.2,0.815
737,24273,2025-11-18T19:18:08,Right-handed,Casual user,18,4,40.5154,2,260,right,160,80,0,192.92,187.02,0.7047
738,24273,2025-11-18T19:18:08,Right-handed,Casual user,18,4,40.5154,3,260,left,160,80,0,234.16,224.01,0.6762
739,24273,2025-11-18T19:18:08,Right-handed,Casual user,18,4,40.5154,4,180,right,160,80,0,158.08,157.01,0.6737
740,24273,2025-11-18T19:18:08,Right-handed,Casual user,18,4,40.5154,5,360,right,80,40,0,437.27,388.0,0.8669
741,24273,2025-11-18T19:18:08,Right-handed,Casual user,18,4,40.5154,6,260,right,120,60,0,279.27,255.07,0.8212
742,24273,2025-11-18T19:18:08,Right-handed,Casual user,18,4,40.5154,7,360,right,40,20,0,569.33,365.01,0.9201
743,24273,2025-11-18T19:18:08,Right-handed,Casual user,18,4,40.5154,8,180,right,120,60,0,133.16,130.02,0.6264
744,24273,2025-11-18T19:18:08,Right-handed,Casual user,18,4,40.5154,9,180,left,80,40,0,176.77,176.05,0.5918
745,24273,2025-11-18T19:18:08,Right-handed,Casual user,18,4,40.5154,10,500,left,120,60,0,506.27,505.0,0.7934
746,24273,2025-11-18T19:18:08,Right-handed,Casual user,18,4,40.5154,11,180,left,120,60,0,154.63,144.03,0.6425
747,24273,2025-11-18T19:18:08,Right-handed,Casual user,18,4,40.5154,12,360,left,80,40,0,345.51,344.07,0.6854
748,24273,2025-11-18T19:18:08,Right-handed,Casual user,18,4,40.5154,13,360,right,160,80,0,515.55,356.0,0.8745
749,24273,2025-11-18T19:18:08,Right-handed,Casual user,18,4,40.5154,14,500,right,160,80,0,496.23,482.23,0.6908
750,24273,2025-11-18T19:18:08,Right-handed,Casual user,18,4,40.5154,15,180,right,80,40,0,174.28,170.24,0.7461
751,24273,2025-11-18T19:18:08,Right-handed,Casual user,18,4,40.5154,16,260,left,40,20,0,264.91,263.0,0.7608
752,24273,2025-11-18T19:18:08,Right-handed,Casual user,18,4,40.5154,17,260,left,120,60,0,217.48,216.04,0.7533
753,24273,2025-11-18T19:18:08,Right-handed,Casual user,18,4,40.5154,18,500,right,120,60,0,693.22,510.06,0.8684
754,24273,2025-11-18T19:18:08,Right-handed,Casual user,18,4,40.5154,19,500,left,160,80,0,513.24,511.0,0.6139
755,24273,2025-11-18T19:18:08,Right-handed,Casual user,18,4,40.5154,20,180,left,40,20,0,184.77,184.17,0.6421
756,24273,2025-11-18T19:18:08,Right-handed,Casual user,18,4,40.5154,21,500,right,40,20,0,698.13,502.0,1.1376
757,24273,2025-11-18T19:18:08,Right-handed,Casual user,18,4,40.5154,22,360,right,120,60,0,407.06,392.02,0.8579
758,24273,2025-11-18T19:18:08,Right-handed,Casual user,18,4,40.5154,23,180,right,40,20,0,233.9,178.0,0.9393
759,24273,2025-11-18T19:18:08,Right-handed,Casual user,18,4,40.5154,24,180,left,160,80,0,120.73,120.04,0.5228
760,24273,2025-11-18T19:18:08,Right-handed,Casual user,18,4,40.5154,25,360,left,120,60,0,357.55,356.01,0.7656
761,24273,2025-11-18T19:18:08,Right-handed,Casual user,18,4,40.5154,26,360,left,160,80,0,298.23,298.08,0.568
762,24273,2025-11-18T19:18:08,Right-handed,Casual user,18,4,40.5154,27,260,left,80,40,0,245.0,244.0,0.6594
763,24273,2025-11-18T19:18:08,Right-handed,Casual user,18,4,40.5154,28,500,left,40,20,0,508.06,501.17,0.8831
764,24273,2025-11-18T19:18:08,Right-handed,Casual user,18,4,40.5154,29,260,right,80,40,0,295.72,285.11,0.622
765,24273,2025-11-18T19:18:08,Right-handed,Casual user,18,4,40.5154,30,260,right,40,20,0,440.35,266.02,1.0298
766,24273,2025-11-18T19:18:08,Right-handed,Casual user,18,4,40.5154,31,500,right,80,40,0,518.11,502.0,0.8405
767,24273,2025-11-18T19:18:08,Right-handed,Casual user,18,4,40.5154,32,500,left,80,40,0,608.37,524.05,0.8488
768,24273,2025-11-18T19:18:08,Right-handed,Casual user,18,5,45.2169,1,500,left,160,80,0,529.77,528.01,0.7041
769,24273,2025-11-18T19:18:08,Right-handed,Casual user,18,5,45.2169,2,180,right,160,80,1,556.32,206.01,0.857
770,24273,2025-11-18T19:18:08,Right-handed,Casual user,18,5,45.2169,3,500,left,80,40,0,492.58,489.04,0.9463
771,24273,2025-11-18T19:18:08,Right-handed,Casual user,18,5,45.2169,4,180,left,120,60,0,189.82,185.33,0.6296
772,24273,2025-11-18T19:18:08,Right-handed,Casual user,18,5,45.2169,5,260,right,120,60,0,237.9,236.03,0.6566
773,24273,2025-11-18T19:18:08,Right-handed,Casual user,18,5,45.2169,6,500,left,40,20,2,548.71,506.02,1.2297
774,24273,2025-11-18T19:18:08,Right-handed,Casual user,18,5,45.2169,7,260,right,40,20,0,368.04,252.01,1.022
775,24273,2025-11-18T19:18:08,Right-handed,Casual user,18,5,45.2169,8,360,right,120,60,0,511.01,382.02,0.7519
776,24273,2025-11-18T19:18:08,Right-handed,Casual user,18,5,45.2169,9,180,right,120,60,1,182.33,168.0,0.5797
777,24273,2025-11-18T19:18:08,Right-handed,Casual user,18,5,45.2169,10,260,left,80,40,0,305.68,265.12,0.9329
778,24273,2025-11-18T19:18:08,Right-handed,Casual user,18,5,45.2169,11,260,right,160,80,0,378.19,261.0,0.7258
779,24273,2025-11-18T19:18:08,Right-handed,Casual user,18,5,45.2169,12,180,left,40,20,0,165.25,164.03,0.6509
780,24273,2025-11-18T19:18:08,Right-handed,Casual user,18,5,45.2169,13,180,right,40,20,0,184.2,183.02,0.8146
781,24273,2025-11-18T19:18:08,Right-handed,Casual user,18,5,45.2169,14,260,left,160,80,0,224.32,222.11,0.5261
782,24273,2025-11-18T19:18:08,Right-handed,Casual user,18,5,45.2169,15,180,left,80,40,0,194.73,186.1,0.583
783,24273,2025-11-18T19:18:08,Right-handed,Casual user,18,5,45.2169,16,360,left,80,40,0,344.81,343.21,0.6336
784,24273,2025-11-18T19:18:08,Right-handed,Casual user,18,5,45.2169,17,260,left,40,20,0,342.92,262.12,1.0252
785,24273,2025-11-18T19:18:08,Right-handed,Casual user,18,5,45.2169,18,360,left,160,80,1,1332.06,402.27,1.4966
786,24273,2025-11-18T19:18:08,Right-handed,Casual user,18,5,45.2169,19,360,right,160,80,0,320.56,314.06,0.6035
787,24273,2025-11-18T19:18:08,Right-handed,Casual user,18,5,45.2169,20,500,right,120,60,0,585.33,515.05,0.6698
788,24273,2025-11-18T19:18:08,Right-handed,Casual user,18,5,45.2169,21,360,right,80,40,1,486.15,371.0,1.1421
789,24273,2025-11-18T19:18:08,Right-handed,Casual user,18,5,45.2169,22,500,right,160,80,0,507.93,463.07,0.6601
790,24273,2025-11-18T19:18:08,Right-handed,Casual user,18,5,45.2169,23,500,right,80,40,0,554.63,520.06,0.9387
791,24273,2025-11-18T19:18:08,Right-handed,Casual user,18,5,45.2169,24,500,left,120,60,0,470.25,468.01,0.8742
792,24273,2025-11-18T19:18:08,Right-handed,Casual user,18,5,45.2169,25,360,right,40,20,0,361.34,351.01,1.0038
793,24273,2025-11-18T19:18:08,Right-handed,Casual user,18,5,45.2169,26,500,right,40,20,0,509.1,493.15,1.0416
794,24273,2025-11-18T19:18:08,Right-handed,Casual user,18,5,45.2169,27,260,right,80,40,0,259.94,246.52,0.9632
795,24273,2025-11-18T19:18:08,Right-handed,Casual user,18,5,45.2169,28,180,right,80,40,0,200.52,182.04,1.0103
796,24273,2025-11-18T19:18:08,Right-handed,Casual user,18,5,45.2169,29,180,left,160,80,0,153.3,150.85,0.5519
797,24273,2025-11-18T19:18:08,Right-handed,Casual user,18,5,45.2169,30,360,left,40,20,0,409.31,366.11,1.0272
798,24273,2025-11-18T19:18:08,Right-handed,Casual user,18,5,45.2169,31,260,left,120,60,0,269.25,261.69,0.5352
799,24273,2025-11-18T19:18:08,Right-handed,Casual user,18,5,45.2169,32,360,left,120,60,0,319.52,319.06,0.8105
800,24273,2025-11-18T19:18:08,Right-handed,Casual user,18,6,38.8215,1,260,left,40,20,0,270.36,269.03,0.811
801,24273,2025-11-18T19:18:08,Right-handed,Casual user,18,6,38.8215,2,360,right,80,40,0,364.51,363.11,0.6588
802,24273,2025-11-18T19:18:08,Right-handed,Casual user,18,6,38.8215,3,500,right,120,60,0,564.61,516.05,0.6722
803,24273,2025-11-18T19:18:08,Right-handed,Casual user,18,6,38.8215,4,500,left,80,40,0,532.02,522.06,0.6922
804,24273,2025-11-18T19:18:08,Right-handed,Casual user,18,6,38.8215,5,500,right,160,80,0,530.35,527.59,0.724
805,24273,2025-11-18T19:18:08,Right-handed,Casual user,18,6,38.8215,6,500,right,80,40,0,631.59,492.02,0.727
806,24273,2025-11-18T19:18:08,Right-handed,Casual user,18,6,38.8215,7,260,right,80,40,0,282.13,264.0,0.7061
807,24273,2025-11-18T19:18:08,Right-handed,Casual user,18,6,38.8215,8,180,right,40,20,0,171.84,170.07,0.793
808,24273,2025-11-18T19:18:08,Right-handed,Casual user,18,6,38.8215,9,180,left,80,40,0,157.03,156.26,0.6892
809,24273,2025-11-18T19:18:08,Right-handed,Casual user,18,6,38.8215,10,360,left,40,20,1,416.99,362.01,1.2439
810,24273,2025-11-18T19:18:08,Right-handed,Casual user,18,6,38.8215,11,500,left,120,60,0,485.87,485.03,0.639
811,24273,2025-11-18T19:18:08,Right-handed,Casual user,18,6,38.8215,12,180,right,120,60,0,145.0,145.0,0.519
812,24273,2025-11-18T19:18:08,Right-handed,Casual user,18,6,38.8215,13,500,left,160,80,0,468.34,468.0,0.7875
813,24273,2025-11-18T19:18:08,Right-handed,Casual user,18,6,38.8215,14,260,right,40,20,0,310.16,257.01,0.7555
814,24273,2025-11-18T19:18:08,Right-handed,Casual user,18,6,38.8215,15,360,right,120,60,0,374.59,351.01,0.6275
815,24273,2025-11-18T19:18:08,Right-handed,Casual user,18,6,38.8215,16,360,right,160,80,0,494.17,348.24,0.6126
816,24273,2025-11-18T19:18:08,Right-handed,Casual user,18,6,38.8215,17,180,right,80,40,0,177.89,176.14,0.68
817,24273,2025-11-18T19:18:08,Right-handed,Casual user,18,6,38.8215,18,260,right,160,80,2,204.65,201.02,1.0184
818,24273,2025-11-18T19:18:08,Right-handed,Casual user,18,6,38.8215,19,180,left,160,80,0,126.58,125.32,0.5719
819,24273,2025-11-18T19:18:08,Right-handed,Casual user,18,6,38.8215,20,260,left,80,40,0,273.05,270.15,0.6034
820,24273,2025-11-18T19:18:08,Right-handed,Casual user,18,6,38.8215,21,360,left,160,80,0,335.64,335.01,0.6128
821,24273,2025-11-18T19:18:08,Right-handed,Casual user,18,6,38.8215,22,180,left,40,20,1,169.83,169.24,1.0451
822,24273,2025-11-18T19:18:08,Right-handed,Casual user,18,6,38.8215,23,180,right,160,80,0,160.11,156.03,0.5224
823,24273,2025-11-18T19:18:08,Right-handed,Casual user,18,6,38.8215,24,260,left,120,60,0,248.0,248.0,0.6358
824,24273,2025-11-18T19:18:08,Right-handed,Casual user,18,6,38.8215,25,500,left,40,20,0,715.68,488.0,0.8986
825,24273,2025-11-18T19:18:08,Right-handed,Casual user,18,6,38.8215,26,360,right,40,20,1,513.84,371.0,1.2418
826,24273,2025-11-18T19:18:08,Right-handed,Casual user,18,6,38.8215,27,500,right,40,20,0,526.14,491.05,0.881
827,24273,2025-11-18T19:18:08,Right-handed,Casual user,18,6,38.8215,28,180,left,120,60,0,153.67,153.12,0.5422
828,24273,2025-11-18T19:18:08,Right-handed,Casual user,18,6,38.8215,29,360,left,120,60,1,320.19,320.01,0.9549
829,24273,2025-11-18T19:18:08,Right-handed,Casual user,18,6,38.8215,30,260,right,120,60,0,304.2,304.03,0.5394
830,24273,2025-11-18T19:18:08,Right-handed,Casual user,18,6,38.8215,31,260,left,160,80,0,261.48,260.03,0.5384
831,24273,2025-11-18T19:18:08,Right-handed,Casual user,18,6,38.8215,32,360,left,80,40,1,368.1,368.0,0.8699
832,24273,2025-11-18T19:18:08,Right-handed,Casual user,18,7,36.4264,1,260,left,160,80,1,264.18,206.12,0.9922
833,24273,2025-11-18T19:18:08,Right-handed,Casual user,18,7,36.4264,2,180,right,120,60,0,174.23,174.01,0.4987
834,24273,2025-11-18T19:18:08,Right-handed,Casual user,18,7,36.4264,3,260,right,120,60,0,267.24,261.0,0.5401
835,24273,2025-11-18T19:18:08,Right-handed,Casual user,18,7,36.4264,4,180,right,40,20,0,197.91,193.06,0.7979
836,24273,2025-11-18T19:18:08,Right-handed,Casual user,18,7,36.4264,5,180,left,80,40,0,163.8,163.08,0.6883
837,24273,2025-11-18T19:18:08,Right-handed,Casual user,18,7,36.4264,6,260,left,80,40,0,251.16,251.0,0.7966
838,24273,2025-11-18T19:18:08,Right-handed,Casual user,18,7,36.4264,7,500,left,80,40,0,668.87,502.02,1.0331
839,24273,2025-11-18T19:18:08,Right-handed,Casual user,18,7,36.4264,8,500,left,120,60,0,515.05,512.08,0.7601
840,24273,2025-11-18T19:18:08,Right-handed,Casual user,18,7,36.4264,9,360,left,120,60,0,340.29,338.12,0.739
841,24273,2025-11-18T19:18:08,Right-handed,Casual user,18,7,36.4264,10,500,right,40,20,0,629.4,504.02,1.0471
842,24273,2025-11-18T19:18:08,Right-handed,Casual user,18,7,36.4264,11,180,left,120,60,0,181.37,181.04,0.7293
843,24273,2025-11-18T19:18:08,Right-handed,Casual user,18,7,36.4264,12,360,right,120,60,0,330.62,327.55,0.8485
844,24273,2025-11-18T19:18:08,Right-handed,Casual user,18,7,36.4264,13,180,right,160,80,0,135.27,123.04,0.5256
845,24273,2025-11-18T19:18:08,Right-handed,Casual user,18,7,36.4264,14,260,right,160,80,0,240.22,230.03,0.5434
846,24273,2025-11-18T19:18:08,Right-handed,Casual user,18,7,36.4264,15,260,left,120,60,0,222.43,222.01,0.6154
847,24273,2025-11-18T19:18:08,Right-handed,Casual user,18,7,36.4264,16,500,right,160,80,0,592.67,518.0,0.6727
848,24273,2025-11-18T19:18:08,Right-handed,Casual user,18,7,36.4264,17,180,left,40,20,0,251.74,188.1,0.998
849,24273,2025-11-18T19:18:08,Right-handed,Casual user,18,7,36.4264,18,180,right,80,40,0,154.92,152.0,0.7473
850,24273,2025-11-18T19:18:08,Right-handed,Casual user,18,7,36.4264,19,360,right,80,40,0,435.47,351.0,0.8607
851,24273,2025-11-18T19:18:08,Right-handed,Casual user,18,7,36.4264,20,360,right,160,80,0,356.03,356.0,0.6702
852,24273,2025-11-18T19:18:08,Right-handed,Casual user,18,7,36.4264,21,260,right,80,40,0,258.63,249.0,0.7267
853,24273,2025-11-18T19:18:08,Right-handed,Casual user,18,7,36.4264,22,500,right,80,40,0,558.5,525.06,0.7567
854,24273,2025-11-18T19:18:08,Right-handed,Casual user,18,7,36.4264,23,260,left,40,20,1,260.24,260.0,0.9069
855,24273,2025-11-18T19:18:08,Right-handed,Casual user,18,7,36.4264,24,360,left,160,80,1,350.0,350.0,0.6733
856,24273,2025-11-18T19:18:08,Right-handed,Casual user,18,7,36.4264,25,500,right,120,60,1,492.3,492.0,0.7967
857,24273,2025-11-18T19:18:08,Right-handed,Casual user,18,7,36.4264,26,500,left,160,80,0,534.66,534.02,0.7258
858,24273,2025-11-18T19:18:08,Right-handed,Casual user,18,7,36.4264,27,500,left,40,20,0,750.6,498.0,0.9971
859,24273,2025-11-18T19:18:08,Right-handed,Casual user,18,7,36.4264,28,360,left,80,40,2,356.48,356.01,1.0024
860,24273,2025-11-18T19:18:08,Right-handed,Casual user,18,7,36.4264,29,180,left,160,80,0,182.12,182.0,0.5585
861,24273,2025-11-18T19:18:08,Right-handed,Casual user,18,7,36.4264,30,360,left,40,20,0,357.72,355.01,1.1928
862,24273,2025-11-18T19:18:08,Right-handed,Casual user,18,7,36.4264,31,360,right,40,20,0,405.48,352.0,1.0095
863,24273,2025-11-18T19:18:08,Right-handed,Casual user,18,7,36.4264,32,260,right,40,20,0,282.44,277.02,0.8826
864,24273,2025-11-18T19:18:08,Right-handed,Casual user,18,8,37.5873,1,180,right,80,40,1,183.0,177.0,0.6431
865,24273,2025-11-18T19:18:08,Right-handed,Casual user,18,8,37.5873,2,500,left,80,40,0,479.02,477.0,0.7328
866,24273,2025-11-18T19:18:08,Right-handed,Casual user,18,8,37.5873,3,360,left,160,80,0,369.54,353.41,0.7718
867,24273,2025-11-18T19:18:08,Right-handed,Casual user,18,8,37.5873,4,500,right,120,60,0,569.32,482.65,0.6833
868,24273,2025-11-18T19:18:08,Right-handed,Casual user,18,8,37.5873,5,360,right,120,60,0,330.49,320.01,0.6066
869,24273,2025-11-18T19:18:08,Right-handed,Casual user,18,8,37.5873,6,180,left,40,20,1,228.34,184.07,0.9613
870,24273,2025-11-18T19:18:08,Right-handed,Casual user,18,8,37.5873,7,260,right,80,40,0,245.25,245.1,0.6222
871,24273,2025-11-18T19:18:08,Right-handed,Casual user,18,8,37.5873,8,360,left,120,60,0,384.05,383.42,0.589
872,24273,2025-11-18T19:18:08,Right-handed,Casual user,18,8,37.5873,9,360,left,40,20,0,366.92,365.02,0.9471
873,24273,2025-11-18T19:18:08,Right-handed,Casual user,18,8,37.5873,10,260,left,160,80,0,221.82,220.11,0.6897
874,24273,2025-11-18T19:18:08,Right-handed,Casual user,18,8,37.5873,11,180,right,40,20,0,179.7,179.0,0.8415
875,24273,2025-11-18T19:18:08,Right-handed,Casual user,18,8,37.5873,12,360,left,80,40,1,359.27,358.01,0.7675
876,24273,2025-11-18T19:18:08,Right-handed,Casual user,18,8,37.5873,13,360,right,80,40,0,549.6,381.05,0.8567
877,24273,2025-11-18T19:18:08,Right-handed,Casual user,18,8,37.5873,14,500,left,40,20,0,716.45,498.1,1.0672
878,24273,2025-11-18T19:18:08,Right-handed,Casual user,18,8,37.5873,15,180,right,120,60,1,168.41,158.68,0.9568
879,24273,2025-11-18T19:18:08,Right-handed,Casual user,18,8,37.5873,16,500,left,160,80,0,656.01,536.58,0.8402
880,24273,2025-11-18T19:18:08,Right-handed,Casual user,18,8,37.5873,17,260,right,120,60,0,238.79,238.16,0.6543
881,24273,2025-11-18T19:18:08,Right-handed,Casual user,18,8,37.5873,18,260,right,160,80,0,219.72,187.1,0.5588
882,24273,2025-11-18T19:18:08,Right-handed,Casual user,18,8,37.5873,19,180,left,160,80,0,147.7,146.22,0.5641
883,24273,2025-11-18T19:18:08,Right-handed,Casual user,18,8,37.5873,20,260,left,120,60,0,229.4,228.56,0.726
884,24273,2025-11-18T19:18:08,Right-handed,Casual user,18,8,37.5873,21,500,right,80,40,1,595.56,499.23,0.8744
885,24273,2025-11-18T19:18:08,Right-handed,Casual user,18,8,37.5873,22,260,left,40,20,0,278.95,257.28,0.9851
886,24273,2025-11-18T19:18:08,Right-handed,Casual user,18,8,37.5873,23,500,right,160,80,0,476.25,475.66,0.6524
887,24273,2025-11-18T19:18:08,Right-handed,Casual user,18,8,37.5873,24,180,left,120,60,1,154.47,153.0,0.8455
888,24273,2025-11-18T19:18:08,Right-handed,Casual user,18,8,37.5873,25,500,left,120,60,0,583.21,524.6,1.1759
889,24273,2025-11-18T19:18:08,Right-handed,Casual user,18,8,37.5873,26,500,right,40,20,1,566.83,514.05,1.0721
890,24273,2025-11-18T19:18:08,Right-handed,Casual user,18,8,37.5873,27,360,right,40,20,0,559.84,374.0,1.3379
891,24273,2025-11-18T19:18:08,Right-handed,Casual user,18,8,37.5873,28,260,right,40,20,1,267.74,261.07,1.2122
892,24273,2025-11-18T19:18:08,Right-handed,Casual user,18,8,37.5873,29,260,left,80,40,1,248.09,238.13,0.8545
893,24273,2025-11-18T19:18:08,Right-handed,Casual user,18,8,37.5873,30,180,right,160,80,0,172.21,172.1,0.5293
894,24273,2025-11-18T19:18:08,Right-handed,Casual user,18,8,37.5873,31,180,left,80,40,2,269.78,174.29,1.1341
895,24273,2025-11-18T19:18:08,Right-handed,Casual user,18,8,37.5873,32,360,right,160,80,1,456.87,325.1,0.7809
896,24273,2025-11-18T19:18:08,Right-handed,Casual user,18,9,37.2628,1,500,left,120,60,0,544.44,542.16,0.7152
897,24273,2025-11-18T19:18:08,Right-handed,Casual user,18,9,37.2628,2,180,left,120,60,0,212.29,212.12,0.6806
898,24273,2025-11-18T19:18:08,Right-handed,Casual user,18,9,37.2628,3,260,left,80,40,0,373.4,256.03,0.8177
899,24273,2025-11-18T19:18:08,Right-handed,Casual user,18,9,37.2628,4,500,left,80,40,2,553.81,535.06,1.3098
900,24273,2025-11-18T19:18:08,Right-handed,Casual user,18,9,37.2628,5,180,right,80,40,0,165.29,163.25,0.8732
901,24273,2025-11-18T19:18:08,Right-handed,Casual user,18,9,37.2628,6,360,right,160,80,0,354.94,352.12,0.6529
902,24273,2025-11-18T19:18:08,Right-handed,Casual user,18,9,37.2628,7,500,left,160,80,0,707.4,492.0,0.9031
903,24273,2025-11-18T19:18:08,Right-handed,Casual user,18,9,37.2628,8,180,left,160,80,0,157.11,153.55,0.5971
904,24273,2025-11-18T19:18:08,Right-handed,Casual user,18,9,37.2628,9,500,right,120,60,0,491.75,490.49,0.654
905,24273,2025-11-18T19:18:08,Right-handed,Casual user,18,9,37.2628,10,260,right,160,80,0,204.1,204.0,0.6529
906,24273,2025-11-18T19:18:08,Right-handed,Casual user,18,9,37.2628,11,260,right,80,40,0,271.19,270.19,0.9139
907,24273,2025-11-18T19:18:08,Right-handed,Casual user,18,9,37.2628,12,180,right,40,20,0,175.63,175.0,0.9527
908,24273,2025-11-18T19:18:08,Right-handed,Casual user,18,9,37.2628,13,260,right,120,60,0,289.03,287.17,0.8098
909,24273,2025-11-18T19:18:08,Right-handed,Casual user,18,9,37.2628,14,360,right,120,60,0,384.27,372.19,0.6517
910,24273,2025-11-18T19:18:08,Right-handed,Casual user,18,9,37.2628,15,180,right,120,60,0,186.64,180.9,0.7385
911,24273,2025-11-18T19:18:08,Right-handed,Casual user,18,9,37.2628,16,180,left,40,20,0,170.89,165.0,0.8982
912,24273,2025-11-18T19:18:08,Right-handed,Casual user,18,9,37.2628,17,360,left,160,80,1,351.75,341.38,0.9144
913,24273,2025-11-18T19:18:08,Right-handed,Casual user,18,9,37.2628,18,260,left,160,80,0,196.44,196.12,0.5855
914,24273,2025-11-18T19:18:08,Right-handed,Casual user,18,9,37.2628,19,180,right,160,80,0,160.05,154.0,0.5148
915,24273,2025-11-18T19:18:08,Right-handed,Casual user,18,9,37.2628,20,360,left,40,20,0,382.68,366.0,0.8626
916,24273,2025-11-18T19:18:08,Right-handed,Casual user,18,9,37.2628,21,180,left,80,40,0,167.57,167.01,0.6662
917,24273,2025-11-18T19:18:08,Right-handed,Casual user,18,9,37.2628,22,500,right,40,20,0,547.22,495.0,0.8777
918,24273,2025-11-18T19:18:08,Right-handed,Casual user,18,9,37.2628,23,500,right,80,40,0,482.01,481.23,0.8679
919,24273,2025-11-18T19:18:08,Right-handed,Casual user,18,9,37.2628,24,360,left,120,60,0,332.67,331.1,0.7288
920,24273,2025-11-18T19:18:08,Right-handed,Casual user,18,9,37.2628,25,260,left,120,60,0,250.73,246.05,0.6421
921,24273,2025-11-18T19:18:08,Right-handed,Casual user,18,9,37.2628,26,500,right,160,80,0,491.08,487.0,0.6527
922,24273,2025-11-18T19:18:08,Right-handed,Casual user,18,9,37.2628,27,260,right,40,20,0,260.98,260.07,0.851
923,24273,2025-11-18T19:18:08,Right-handed,Casual user,18,9,37.2628,28,260,left,40,20,1,270.95,263.01,0.9445
924,24273,2025-11-18T19:18:08,Right-handed,Casual user,18,9,37.2628,29,500,left,40,20,0,531.42,487.08,1.0587
925,24273,2025-11-18T19:18:08,Right-handed,Casual user,18,9,37.2628,30,360,right,80,40,0,355.38,354.14,0.6736
926,24273,2025-11-18T19:18:08,Right-handed,Casual user,18,9,37.2628,31,360,left,80,40,0,355.61,355.02,0.6837
927,24273,2025-11-18T19:18:08,Right-handed,Casual user,18,9,37.2628,32,360,right,40,20,0,454.46,360.09,0.8099
928,24273,2025-11-18T19:18:08,Right-handed,Casual user,18,10,41.913,1,360,left,160,80,1,297.55,297.0,0.7822
929,24273,2025-11-18T19:18:08,Right-handed,Casual user,18,10,41.913,2,360,right,40,20,0,408.16,359.01,0.8009
930,24273,2025-11-18T19:18:08,Right-handed,Casual user,18,10,41.913,3,260,right,80,40,0,277.82,242.03,0.7952
931,24273,2025-11-18T19:18:08,Right-handed,Casual user,18,10,41.913,4,180,left,120,60,0,132.61,132.0,0.577
932,24273,2025-11-18T19:18:08,Right-handed,Casual user,18,10,41.913,5,180,right,160,80,0,160.0,159.0,0.5546
933,24273,2025-11-18T19:18:08,Right-handed,Casual user,18,10,41.913,6,500,left,40,20,0,496.22,495.0,0.9296
934,24273,2025-11-18T19:18:08,Right-handed,Casual user,18,10,41.913,7,500,right,160,80,0,532.24,526.02,0.6358
935,24273,2025-11-18T19:18:08,Right-handed,Casual user,18,10,41.913,8,500,left,80,40,0,463.18,463.01,0.7451
936,24273,2025-11-18T19:18:08,Right-handed,Casual user,18,10,41.913,9,180,right,40,20,1,168.66,168.0,0.986
937,24273,2025-11-18T19:18:08,Right-handed,Casual user,18,10,41.913,10,360,left,40,20,0,355.89,354.01,0.9917
938,24273,2025-11-18T19:18:08,Right-handed,Casual user,18,10,41.913,11,500,right,40,20,1,486.11,485.02,1.2448
939,24273,2025-11-18T19:18:08,Right-handed,Casual user,18,10,41.913,12,260,right,160,80,1,191.17,189.0,0.6523
940,24273,2025-11-18T19:18:08,Right-handed,Casual user,18,10,41.913,13,360,right,160,80,0,419.22,380.0,0.6704
941,24273,2025-11-18T19:18:08,Right-handed,Casual user,18,10,41.913,14,360,right,120,60,0,430.28,362.07,0.7124
942,24273,2025-11-18T19:18:08,Right-handed,Casual user,18,10,41.913,15,360,right,80,40,1,341.53,330.01,1.1428
943,24273,2025-11-18T19:18:08,Right-handed,Casual user,18,10,41.913,16,260,right,120,60,0,276.31,260.2,0.809
944,24273,2025-11-18T19:18:08,Right-handed,Casual user,18,10,41.913,17,260,right,40,20,0,359.51,264.0,1.1373
945,24273,2025-11-18T19:18:08,Right-handed,Casual user,18,10,41.913,18,360,left,80,40,0,429.12,369.09,0.9702
946,24273,2025-11-18T19:18:08,Right-handed,Casual user,18,10,41.913,19,180,left,160,80,0,139.33,136.3,0.5401
947,24273,2025-11-18T19:18:08,Right-handed,Casual user,18,10,41.913,20,500,left,160,80,0,446.79,446.01,0.5885
948,24273,2025-11-18T19:18:08,Right-handed,Casual user,18,10,41.913,21,260,left,120,60,0,215.85,214.0,0.5671
949,24273,2025-11-18T19:18:08,Right-handed,Casual user,18,10,41.913,22,360,left,120,60,0,406.09,404.6,0.6428
950,24273,2025-11-18T19:18:08,Right-handed,Casual user,18,10,41.913,23,180,left,80,40,0,190.96,189.04,0.6357
951,24273,2025-11-18T19:18:08,Right-handed,Casual user,18,10,41.913,24,180,right,80,40,0,404.57,172.03,0.8251
952,24273,2025-11-18T19:18:08,Right-handed,Casual user,18,10,41.913,25,260,left,40,20,0,249.74,249.05,0.7112
953,24273,2025-11-18T19:18:08,Right-handed,Casual user,18,10,41.913,26,500,right,120,60,0,705.98,494.1,0.8777
954,24273,2025-11-18T19:18:08,Right-handed,Casual user,18,10,41.913,27,260,left,80,40,0,287.35,285.04,0.5862
955,24273,2025-11-18T19:18:08,Right-handed,Casual user,18,10,41.913,28,500,right,80,40,0,744.41,494.04,0.877
956,24273,2025-11-18T19:18:08,Right-handed,Casual user,18,10,41.913,29,180,right,120,60,0,158.14,153.03,0.6494
957,24273,2025-11-18T19:18:08,Right-handed,Casual user,18,10,41.913,30,260,left,160,80,0,240.6,238.1,0.7497
958,24273,2025-11-18T19:18:08,Right-handed,Casual user,18,10,41.913,31,500,left,120,60,0,509.23,509.02,0.8455
959,24273,2025-11-18T19:18:08,Right-handed,Casual user,18,10,41.913,32,180,left,40,20,0,182.09,182.01,0.7712
960,583313,2025-11-19T14:07:51,Right-handed,Rarely use mouse,19,1,87.0354,1,260,right,120,60,0,685.47,289.11,3.5557
961,583313,2025-11-19T14:07:51,Right-handed,Rarely use mouse,19,1,87.0354,2,260,left,160,80,0,216.08,206.18,0.8626
962,583313,2025-11-19T14:07:51,Right-handed,Rarely use mouse,19,1,87.0354,3,260,left,120,60,0,275.94,233.08,1.176
963,583313,2025-11-19T14:07:51,Right-handed,Rarely use mouse,19,1,87.0354,4,180,left,160,80,0,134.11,132.31,0.8225
964,583313,2025-11-19T14:07:51,Right-handed,Rarely use mouse,19,1,87.0354,5,260,left,40,20,1,387.15,269.15,1.6794
965,583313,2025-11-19T14:07:51,Right-handed,Rarely use mouse,19,1,87.0354,6,360,left,160,80,0,349.05,317.19,1.0679
966,583313,2025-11-19T14:07:51,Right-handed,Rarely use mouse,19,1,87.0354,7,260,right,80,40,0,354.52,241.21,1.2648
967,583313,2025-11-19T14:07:51,Right-handed,Rarely use mouse,19,1,87.0354,8,500,left,40,20,0,919.68,511.08,2.1721
968,583313,2025-11-19T14:07:51,Right-handed,Rarely use mouse,19,1,87.0354,9,260,left,80,40,0,290.94,272.26,0.9115
969,583313,2025-11-19T14:07:51,Right-handed,Rarely use mouse,19,1,87.0354,10,180,left,80,40,0,387.55,154.32,1.3068
970,583313,2025-11-19T14:07:51,Right-handed,Rarely use mouse,19,1,87.0354,11,500,right,80,40,0,753.91,487.02,1.5351
971,583313,2025-11-19T14:07:51,Right-handed,Rarely use mouse,19,1,87.0354,12,260,right,40,20,0,379.63,265.27,1.3144
972,583313,2025-11-19T14:07:51,Right-handed,Rarely use mouse,19,1,87.0354,13,500,right,40,20,0,755.45,497.06,1.7371
973,583313,2025-11-19T14:07:51,Right-handed,Rarely use mouse,19,1,87.0354,14,180,right,120,60,0,161.36,146.01,0.8025
974,583313,2025-11-19T14:07:51,Right-handed,Rarely use mouse,19,1,87.0354,15,180,left,120,60,0,184.13,167.2,0.8821
975,583313,2025-11-19T14:07:51,Right-handed,Rarely use mouse,19,1,87.0354,16,500,left,120,60,0,865.47,495.2,1.323
976,583313,2025-11-19T14:07:51,Right-handed,Rarely use mouse,19,1,87.0354,17,360,left,80,40,0,471.4,367.92,1.1706
977,583313,2025-11-19T14:07:51,Right-handed,Rarely use mouse,19,1,87.0354,18,180,right,40,20,0,372.37,185.0,1.357
978,583313,2025-11-19T14:07:51,Right-handed,Rarely use mouse,19,1,87.0354,19,180,left,40,20,0,293.11,185.07,1.5343
979,583313,2025-11-19T14:07:51,Right-handed,Rarely use mouse,19,1,87.0354,20,500,left,80,40,0,780.2,486.2,1.38
980,583313,2025-11-19T14:07:51,Right-handed,Rarely use mouse,19,1,87.0354,21,360,left,120,60,0,477.33,369.44,1.9062
981,583313,2025-11-19T14:07:51,Right-handed,Rarely use mouse,19,1,87.0354,22,180,right,80,40,0,381.87,183.22,1.4282
982,583313,2025-11-19T14:07:51,Right-handed,Rarely use mouse,19,1,87.0354,23,260,right,160,80,0,257.96,242.19,0.9021
983,583313,2025-11-19T14:07:51,Right-handed,Rarely use mouse,19,1,87.0354,24,360,right,160,80,0,372.24,355.51,0.9534
984,583313,2025-11-19T14:07:51,Right-handed,Rarely use mouse,19,1,87.0354,25,360,right,40,20,0,606.61,357.09,1.4526
985,583313,2025-11-19T14:07:51,Right-handed,Rarely use mouse,19,1,87.0354,26,360,right,120,60,0,702.45,362.99,1.2731
986,583313,2025-11-19T14:07:51,Right-handed,Rarely use mouse,19,1,87.0354,27,360,right,80,40,0,523.52,357.09,1.1152
987,583313,2025-11-19T14:07:51,Right-handed,Rarely use mouse,19,1,87.0354,28,500,right,160,80,0,814.42,504.22,1.484
988,583313,2025-11-19T14:07:51,Right-handed,Rarely use mouse,19,1,87.0354,29,500,left,160,80,0,556.71,521.35,0.9334
989,583313,2025-11-19T14:07:51,Right-handed,Rarely use mouse,19,1,87.0354,30,500,right,120,60,0,499.27,473.0,0.9526
990,583313,2025-11-19T14:07:51,Right-handed,Rarely use mouse,19,1,87.0354,31,180,right,160,80,0,158.5,131.86,0.8178
991,583313,2025-11-19T14:07:51,Right-handed,Rarely use mouse,19,1,87.0354,32,360,left,40,20,0,456.27,354.11,1.4678
992,583313,2025-11-19T14:07:51,Right-handed,Rarely use mouse,19,2,75.1147,1,500,left,120,60,0,755.75,524.12,1.1334
993,583313,2025-11-19T14:07:51,Right-handed,Rarely use mouse,19,2,75.1147,2,260,left,160,80,0,380.01,266.12,1.0317
994,583313,2025-11-19T14:07:51,Right-handed,Rarely use mouse,19,2,75.1147,3,500,right,160,80,0,536.56,456.05,0.9599
995,583313,2025-11-19T14:07:51,Right-handed,Rarely use mouse,19,2,75.1147,4,180,right,40,20,0,258.26,178.1,1.432
996,583313,2025-11-19T14:07:51,Right-handed,Rarely use mouse,19,2,75.1147,5,500,left,80,40,0,516.31,490.2,0.9708
997,583313,2025-11-19T14:07:51,Right-handed,Rarely use mouse,19,2,75.1147,6,360,left,40,20,0,427.19,371.01,1.1988
998,583313,2025-11-19T14:07:51,Right-handed,Rarely use mouse,19,2,75.1147,7,260,left,40,20,0,316.87,257.01,1.2353
999,583313,2025-11-19T14:07:51,Right-handed,Rarely use mouse,19,2,75.1147,8,180,left,80,40,0,249.95,176.07,0.9365
1000,583313,2025-11-19T14:07:51,Right-handed,Rarely use mouse,19,2,75.1147,9,180,left,120,60,0,241.7,184.07,0.8614
1001,583313,2025-11-19T14:07:51,Right-handed,Rarely use mouse,19,2,75.1147,10,360,left,160,80,0,1101.28,335.01,1.3818
1002,583313,2025-11-19T14:07:51,Right-handed,Rarely use mouse,19,2,75.1147,11,180,right,80,40,0,1615.77,158.81,1.6817
1003,583313,2025-11-19T14:07:51,Right-handed,Rarely use mouse,19,2,75.1147,12,500,right,80,40,0,813.32,522.01,1.2775
1004,583313,2025-11-19T14:07:51,Right-handed,Rarely use mouse,19,2,75.1147,13,500,left,40,20,0,501.77,493.12,1.2454
1005,583313,2025-11-19T14:07:51,Right-handed,Rarely use mouse,19,2,75.1147,14,260,right,160,80,0,298.23,282.93,0.7799
1006,583313,2025-11-19T14:07:51,Right-handed,Rarely use mouse,19,2,75.1147,15,260,right,80,40,0,401.13,261.01,1.0546
1007,583313,2025-11-19T14:07:51,Right-handed,Rarely use mouse,19,2,75.1147,16,180,right,120,60,0,189.37,141.01,0.8851
1008,583313,2025-11-19T14:07:51,Right-handed,Rarely use mouse,19,2,75.1147,17,260,right,40,20,0,454.2,264.07,1.1423
1009,583313,2025-11-19T14:07:51,Right-handed,Rarely use mouse,19,2,75.1147,18,360,right,40,20,0,831.57,350.02,1.6709
1010,583313,2025-11-19T14:07:51,Right-handed,Rarely use mouse,19,2,75.1147,19,360,left,120,60,0,346.11,318.82,1.0137
1011,583313,2025-11-19T14:07:51,Right-handed,Rarely use mouse,19,2,75.1147,20,360,right,160,80,0,399.47,355.01,0.8082
1012,583313,2025-11-19T14:07:51,Right-handed,Rarely use mouse,19,2,75.1147,21,260,left,120,60,0,348.44,265.75,1.0144
1013,583313,2025-11-19T14:07:51,Right-handed,Rarely use mouse,19,2,75.1147,22,180,right,160,80,0,205.49,198.16,0.7623
1014,583313,2025-11-19T14:07:51,Right-handed,Rarely use mouse,19,2,75.1147,23,360,left,80,40,0,344.25,332.05,0.965
1015,583313,2025-11-19T14:07:51,Right-handed,Rarely use mouse,19,2,75.1147,24,260,left,80,40,0,384.43,258.19,1.028
1016,583313,2025-11-19T14:07:51,Right-handed,Rarely use mouse,19,2,75.1147,25,360,right,120,60,0,500.41,341.0,0.9216
1017,583313,2025-11-19T14:07:51,Right-handed,Rarely use mouse,19,2,75.1147,26,180,left,40,20,0,215.42,179.01,1.0055
1018,583313,2025-11-19T14:07:51,Right-handed,Rarely use mouse,19,2,75.1147,27,360,right,80,40,0,379.33,360.45,0.9701
1019,583313,2025-11-19T14:07:51,Right-handed,Rarely use mouse,19,2,75.1147,28,500,right,120,60,0,724.72,482.93,1.1108
1020,583313,2025-11-19T14:07:51,Right-handed,Rarely use mouse,19,2,75.1147,29,500,right,40,20,0,598.96,508.01,1.2101
1021,583313,2025-11-19T14:07:51,Right-handed,Rarely use mouse,19,2,75.1147,30,500,left,160,80,0,655.39,556.15,1.1688
1022,583313,2025-11-19T14:07:51,Right-handed,Rarely use mouse,19,2,75.1147,31,260,right,120,60,0,247.37,244.13,0.9818
1023,583313,2025-11-19T14:07:51,Right-handed,Rarely use mouse,19,2,75.1147,32,180,left,160,80,0,154.14,151.21,0.767
1024,583313,2025-11-19T14:07:51,Right-handed,Rarely use mouse,19,3,73.5666,1,360,right,80,40,0,748.62,350.12,1.5059
1025,583313,2025-11-19T14:07:51,Right-handed,Rarely use mouse,19,3,73.5666,2,360,left,120,60,0,617.14,353.41,1.0402
1026,583313,2025-11-19T14:07:51,Right-handed,Rarely use mouse,19,3,73.5666,3,260,left,160,80,0,220.75,204.35,1.0631
1027,583313,2025-11-19T14:07:51,Right-handed,Rarely use mouse,19,3,73.5666,4,180,left,120,60,0,143.26,132.74,1.0026
1028,583313,2025-11-19T14:07:51,Right-handed,Rarely use mouse,19,3,73.5666,5,360,left,160,80,0,328.44,320.22,1.0118
1029,583313,2025-11-19T14:07:51,Right-handed,Rarely use mouse,19,3,73.5666,6,260,left,80,40,0,334.12,261.43,1.2718
1030,583313,2025-11-19T14:07:51,Right-handed,Rarely use mouse,19,3,73.5666,7,500,left,40,20,0,949.55,492.01,1.7936
1031,583313,2025-11-19T14:07:51,Right-handed,Rarely use mouse,19,3,73.5666,8,180,left,80,40,0,243.91,145.09,0.8686
1032,583313,2025-11-19T14:07:51,Right-handed,Rarely use mouse,19,3,73.5666,9,500,left,80,40,0,554.06,507.77,1.7967
1033,583313,2025-11-19T14:07:51,Right-handed,Rarely use mouse,19,3,73.5666,10,500,right,120,60,0,573.65,516.1,1.0801
1034,583313,2025-11-19T14:07:51,Right-handed,Rarely use mouse,19,3,73.5666,11,180,left,40,20,0,217.48,183.27,1.1762
1035,583313,2025-11-19T14:07:51,Right-handed,Rarely use mouse,19,3,73.5666,12,180,right,80,40,0,235.11,189.21,1.2908
1036,583313,2025-11-19T14:07:51,Right-handed,Rarely use mouse,19,3,73.5666,13,180,right,40,20,0,178.61,171.29,1.0431
1037,583313,2025-11-19T14:07:51,Right-handed,Rarely use mouse,19,3,73.5666,14,260,right,160,80,0,307.11,276.46,1.0572
1038,583313,2025-11-19T14:07:51,Right-handed,Rarely use mouse,19,3,73.5666,15,360,right,40,20,0,523.52,357.09,1.3164
1039,583313,2025-11-19T14:07:51,Right-handed,Rarely use mouse,19,3,73.5666,16,260,right,120,60,0,296.68,243.17,1.0195
1040,583313,2025-11-19T14:07:51,Right-handed,Rarely use mouse,19,3,73.5666,17,260,right,80,40,0,297.5,246.89,1.1485
1041,583313,2025-11-19T14:07:51,Right-handed,Rarely use mouse,19,3,73.5666,18,500,right,80,40,0,890.17,493.0,1.5798
1042,583313,2025-11-19T14:07:51,Right-handed,Rarely use mouse,19,3,73.5666,19,260,left,120,60,0,313.01,268.37,1.0889
1043,583313,2025-11-19T14:07:51,Right-handed,Rarely use mouse,19,3,73.5666,20,500,right,160,80,0,528.82,481.23,1.3087
1044,583313,2025-11-19T14:07:51,Right-handed,Rarely use mouse,19,3,73.5666,21,360,right,160,80,0,405.58,355.05,1.6323
1045,583313,2025-11-19T14:07:51,Right-handed,Rarely use mouse,19,3,73.5666,22,360,left,80,40,0,513.44,363.4,1.3863
1046,583313,2025-11-19T14:07:51,Right-handed,Rarely use mouse,19,3,73.5666,23,360,left,40,20,0,398.28,363.11,1.4588
1047,583313,2025-11-19T14:07:51,Right-handed,Rarely use mouse,19,3,73.5666,24,500,left,120,60,1,785.31,518.06,1.6397
1048,583313,2025-11-19T14:07:51,Right-handed,Rarely use mouse,19,3,73.5666,25,500,left,160,80,0,692.35,533.18,1.0368
1049,583313,2025-11-19T14:07:51,Right-handed,Rarely use mouse,19,3,73.5666,26,360,right,120,60,0,556.91,388.06,1.1384
1050,583313,2025-11-19T14:07:51,Right-handed,Rarely use mouse,19,3,73.5666,27,260,right,40,20,1,713.78,250.03,2.309
1051,583313,2025-11-19T14:07:51,Right-handed,Rarely use mouse,19,3,73.5666,28,260,left,40,20,0,474.3,263.03,1.3807
1052,583313,2025-11-19T14:07:51,Right-handed,Rarely use mouse,19,3,73.5666,29,180,right,160,80,0,695.92,223.57,1.1549
1053,583313,2025-11-19T14:07:51,Right-handed,Rarely use mouse,19,3,73.5666,30,180,left,160,80,0,161.34,141.06,1.1315
1054,583313,2025-11-19T14:07:51,Right-handed,Rarely use mouse,19,3,73.5666,31,500,right,40,20,0,754.59,499.1,1.531
1055,583313,2025-11-19T14:07:51,Right-handed,Rarely use mouse,19,3,73.5666,32,180,right,120,60,0,170.29,161.25,0.9035
1056,583313,2025-11-19T14:07:51,Right-handed,Rarely use mouse,19,4,71.9512,1,180,right,80,40,0,224.58,205.7,0.9351
1057,583313,2025-11-19T14:07:51,Right-handed,Rarely use mouse,19,4,71.9512,2,180,left,120,60,0,169.67,152.74,0.9029
1058,583313,2025-11-19T14:07:51,Right-handed,Rarely use mouse,19,4,71.9512,3,260,left,120,60,0,396.41,313.84,1.1964
1059,583313,2025-11-19T14:07:51,Right-handed,Rarely use mouse,19,4,71.9512,4,180,right,120,60,0,175.11,156.54,0.9124
1060,583313,2025-11-19T14:07:51,Right-handed,Rarely use mouse,19,4,71.9512,5,180,left,80,40,0,209.22,174.29,0.7803
1061,583313,2025-11-19T14:07:51,Right-handed,Rarely use mouse,19,4,71.9512,6,500,left,160,80,0,594.96,485.08,1.0166
1062,583313,2025-11-19T14:07:51,Right-handed,Rarely use mouse,19,4,71.9512,7,260,right,80,40,0,263.5,259.33,0.9606
1063,583313,2025-11-19T14:07:51,Right-handed,Rarely use mouse,19,4,71.9512,8,500,left,80,40,0,575.56,525.46,1.0926
1064,583313,2025-11-19T14:07:51,Right-handed,Rarely use mouse,19,4,71.9512,9,260,left,160,80,0,296.84,245.13,0.8376
1065,583313,2025-11-19T14:07:51,Right-handed,Rarely use mouse,19,4,71.9512,10,360,right,40,20,0,445.13,367.01,1.1259
1066,583313,2025-11-19T14:07:51,Right-handed,Rarely use mouse,19,4,71.9512,11,360,left,40,20,0,374.9,363.01,1.2809
1067,583313,2025-11-19T14:07:51,Right-handed,Rarely use mouse,19,4,71.9512,12,500,left,40,20,0,764.73,495.0,1.4333
1068,583313,2025-11-19T14:07:51,Right-handed,Rarely use mouse,19,4,71.9512,13,500,right,80,40,0,740.98,515.01,1.3688
1069,583313,2025-11-19T14:07:51,Right-handed,Rarely use mouse,19,4,71.9512,14,260,right,160,80,0,445.95,282.35,1.2283
1070,583313,2025-11-19T14:07:51,Right-handed,Rarely use mouse,19,4,71.9512,15,500,right,160,80,0,530.61,514.08,0.9238
1071,583313,2025-11-19T14:07:51,Right-handed,Rarely use mouse,19,4,71.9512,16,360,right,80,40,0,561.62,373.29,1.3255
1072,583313,2025-11-19T14:07:51,Right-handed,Rarely use mouse,19,4,71.9512,17,360,left,80,40,0,779.3,373.0,1.59
1073,583313,2025-11-19T14:07:51,Right-handed,Rarely use mouse,19,4,71.9512,18,360,right,160,80,0,314.94,312.06,0.9682
1074,583313,2025-11-19T14:07:51,Right-handed,Rarely use mouse,19,4,71.9512,19,500,right,40,20,0,622.57,503.06,1.3283
1075,583313,2025-11-19T14:07:51,Right-handed,Rarely use mouse,19,4,71.9512,20,500,right,120,60,0,640.81,509.06,1.266
1076,583313,2025-11-19T14:07:51,Right-handed,Rarely use mouse,19,4,71.9512,21,180,right,160,80,0,222.9,143.27,1.0522
1077,583313,2025-11-19T14:07:51,Right-handed,Rarely use mouse,19,4,71.9512,22,180,right,40,20,1,264.04,192.07,1.6849
1078,583313,2025-11-19T14:07:51,Right-handed,Rarely use mouse,19,4,71.9512,23,360,right,120,60,0,848.84,376.07,1.4156
1079,583313,2025-11-19T14:07:51,Right-handed,Rarely use mouse,19,4,71.9512,24,260,right,40,20,0,730.8,247.13,1.7998
1080,583313,2025-11-19T14:07:51,Right-handed,Rarely use mouse,19,4,71.9512,25,500,left,120,60,0,841.3,523.28,1.6285
1081,583313,2025-11-19T14:07:51,Right-handed,Rarely use mouse,19,4,71.9512,26,180,left,40,20,0,213.73,189.26,1.2968
1082,583313,2025-11-19T14:07:51,Right-handed,Rarely use mouse,19,4,71.9512,27,260,left,40,20,0,1489.07,258.0,2.8634
1083,583313,2025-11-19T14:07:51,Right-handed,Rarely use mouse,19,4,71.9512,28,360,left,120,60,0,784.57,378.0,1.4121
1084,583313,2025-11-19T14:07:51,Right-handed,Rarely use mouse,19,4,71.9512,29,260,left,80,40,0,645.32,230.49,1.5263
1085,583313,2025-11-19T14:07:51,Right-handed,Rarely use mouse,19,4,71.9512,30,180,left,160,80,0,272.73,227.07,0.9928
1086,583313,2025-11-19T14:07:51,Right-handed,Rarely use mouse,19,4,71.9512,31,260,right,120,60,0,299.07,247.29,1.0994
1087,583313,2025-11-19T14:07:51,Right-handed,Rarely use mouse,19,4,71.9512,32,360,left,160,80,0,385.19,341.71,1.3416
1088,583313,2025-11-19T14:07:51,Right-handed,Rarely use mouse,19,5,66.0264,1,260,right,80,40,0,417.38,257.02,1.7096
1089,583313,2025-11-19T14:07:51,Right-handed,Rarely use mouse,19,5,66.0264,2,360,left,120,60,0,393.21,323.19,1.2204
1090,583313,2025-11-19T14:07:51,Right-handed,Rarely use mouse,19,5,66.0264,3,180,right,160,80,0,186.37,135.48,1.2495
1091,583313,2025-11-19T14:07:51,Right-handed,Rarely use mouse,19,5,66.0264,4,180,left,40,20,0,410.56,194.09,1.7117
1092,583313,2025-11-19T14:07:51,Right-handed,Rarely use mouse,19,5,66.0264,5,360,right,40,20,0,839.3,373.13,1.5434
1093,583313,2025-11-19T14:07:51,Right-handed,Rarely use mouse,19,5,66.0264,6,360,right,120,60,0,946.96,344.05,1.5661
1094,583313,2025-11-19T14:07:51,Right-handed,Rarely use mouse,19,5,66.0264,7,500,left,160,80,0,793.65,509.39,1.4536
1095,583313,2025-11-19T14:07:51,Right-handed,Rarely use mouse,19,5,66.0264,8,180,right,80,40,0,329.94,203.3,1.4058
1096,583313,2025-11-19T14:07:51,Right-handed,Rarely use mouse,19,5,66.0264,9,180,right,40,20,0,386.74,195.06,1.5164
1097,583313,2025-11-19T14:07:51,Right-handed,Rarely use mouse,19,5,66.0264,10,260,left,80,40,0,294.42,260.19,1.1921
1098,583313,2025-11-19T14:07:51,Right-handed,Rarely use mouse,19,5,66.0264,11,500,right,80,40,0,694.57,497.0,1.2076
1099,583313,2025-11-19T14:07:51,Right-handed,Rarely use mouse,19,5,66.0264,12,260,left,160,80,0,277.16,239.17,0.9622
1100,583313,2025-11-19T14:07:51,Right-handed,Rarely use mouse,19,5,66.0264,13,360,right,80,40,0,389.5,376.0,1.089
1101,583313,2025-11-19T14:07:51,Right-handed,Rarely use mouse,19,5,66.0264,14,180,left,160,80,0,233.85,205.0,0.7992
1102,583313,2025-11-19T14:07:51,Right-handed,Rarely use mouse,19,5,66.0264,15,260,right,160,80,0,268.06,251.05,0.8845
1103,583313,2025-11-19T14:07:51,Right-handed,Rarely use mouse,19,5,66.0264,16,180,left,120,60,0,236.53,212.01,0.7721
1104,583313,2025-11-19T14:07:51,Right-handed,Rarely use mouse,19,5,66.0264,17,260,right,120,60,0,236.49,220.01,0.7673
1105,583313,2025-11-19T14:07:51,Right-handed,Rarely use mouse,19,5,66.0264,18,260,right,40,20,0,305.9,246.16,1.2883
1106,583313,2025-11-19T14:07:51,Right-handed,Rarely use mouse,19,5,66.0264,19,500,left,120,60,0,846.23,484.3,1.2293
1107,583313,2025-11-19T14:07:51,Right-handed,Rarely use mouse,19,5,66.0264,20,360,right,160,80,0,515.19,410.01,1.1142
1108,583313,2025-11-19T14:07:51,Right-handed,Rarely use mouse,19,5,66.0264,21,180,right,120,60,0,209.52,186.27,0.8554
1109,583313,2025-11-19T14:07:51,Right-handed,Rarely use mouse,19,5,66.0264,22,500,right,160,80,0,708.45,517.01,1.1047
1110,583313,2025-11-19T14:07:51,Right-handed,Rarely use mouse,19,5,66.0264,23,260,left,120,60,0,333.62,300.01,0.8488
1111,583313,2025-11-19T14:07:51,Right-handed,Rarely use mouse,19,5,66.0264,24,360,left,160,80,0,319.37,303.59,0.9407
1112,583313,2025-11-19T14:07:51,Right-handed,Rarely use mouse,19,5,66.0264,25,360,left,40,20,0,378.15,372.07,1.3567
1113,583313,2025-11-19T14:07:51,Right-handed,Rarely use mouse,19,5,66.0264,26,500,right,40,20,0,732.36,501.08,1.4127
1114,583313,2025-11-19T14:07:51,Right-handed,Rarely use mouse,19,5,66.0264,27,260,left,40,20,0,287.8,273.12,1.2251
1115,583313,2025-11-19T14:07:51,Right-handed,Rarely use mouse,19,5,66.0264,28,360,left,80,40,0,357.55,350.0,1.2799
1116,583313,2025-11-19T14:07:51,Right-handed,Rarely use mouse,19,5,66.0264,29,500,right,120,60,0,697.99,521.38,1.3564
1117,583313,2025-11-19T14:07:51,Right-handed,Rarely use mouse,19,5,66.0264,30,500,left,80,40,0,510.84,492.0,1.136
1118,583313,2025-11-19T14:07:51,Right-handed,Rarely use mouse,19,5,66.0264,31,500,left,40,20,0,548.29,516.01,1.3322
1119,583313,2025-11-19T14:07:51,Right-handed,Rarely use mouse,19,5,66.0264,32,180,left,80,40,0,171.82,159.11,1.5723
1120,583313,2025-11-19T14:07:51,Right-handed,Rarely use mouse,19,6,69.8405,1,180,left,40,20,0,238.56,193.51,1.3762
1121,583313,2025-11-19T14:07:51,Right-handed,Rarely use mouse,19,6,69.8405,2,260,left,80,40,0,414.36,232.02,1.484
1122,583313,2025-11-19T14:07:51,Right-handed,Rarely use mouse,19,6,69.8405,3,500,left,40,20,0,1011.62,496.02,1.9453
1123,583313,2025-11-19T14:07:51,Right-handed,Rarely use mouse,19,6,69.8405,4,360,left,120,60,0,360.01,347.42,1.1451
1124,583313,2025-11-19T14:07:51,Right-handed,Rarely use mouse,19,6,69.8405,5,500,right,40,20,0,792.23,501.08,1.9379
1125,583313,2025-11-19T14:07:51,Right-handed,Rarely use mouse,19,6,69.8405,6,180,left,120,60,0,146.31,144.28,1.0165
1126,583313,2025-11-19T14:07:51,Right-handed,Rarely use mouse,19,6,69.8405,7,260,right,80,40,0,439.71,259.33,1.227
1127,583313,2025-11-19T14:07:51,Right-handed,Rarely use mouse,19,6,69.8405,8,360,right,80,40,0,481.98,368.11,1.2439
1128,583313,2025-11-19T14:07:51,Right-handed,Rarely use mouse,19,6,69.8405,9,500,right,80,40,0,794.01,476.04,1.6835
1129,583313,2025-11-19T14:07:51,Right-handed,Rarely use mouse,19,6,69.8405,10,360,left,80,40,0,364.8,352.07,1.1183
1130,583313,2025-11-19T14:07:51,Right-handed,Rarely use mouse,19,6,69.8405,11,180,right,120,60,0,227.9,215.96,1.272
1131,583313,2025-11-19T14:07:51,Right-handed,Rarely use mouse,19,6,69.8405,12,500,left,160,80,0,720.42,486.07,1.1054
1132,583313,2025-11-19T14:07:51,Right-handed,Rarely use mouse,19,6,69.8405,13,260,left,40,20,0,286.08,254.05,1.7654
1133,583313,2025-11-19T14:07:51,Right-handed,Rarely use mouse,19,6,69.8405,14,500,right,120,60,0,588.9,512.71,1.137
1134,583313,2025-11-19T14:07:51,Right-handed,Rarely use mouse,19,6,69.8405,15,180,right,80,40,0,280.0,163.2,1.7132
1135,583313,2025-11-19T14:07:51,Right-handed,Rarely use mouse,19,6,69.8405,16,180,right,160,80,0,119.04,105.12,1.062
1136,583313,2025-11-19T14:07:51,Right-handed,Rarely use mouse,19,6,69.8405,17,260,right,120,60,0,261.75,243.0,1.0779
1137,583313,2025-11-19T14:07:51,Right-handed,Rarely use mouse,19,6,69.8405,18,260,right,160,80,0,779.13,274.54,1.3686
1138,583313,2025-11-19T14:07:51,Right-handed,Rarely use mouse,19,6,69.8405,19,180,right,40,20,0,241.46,187.0,1.8697
1139,583313,2025-11-19T14:07:51,Right-handed,Rarely use mouse,19,6,69.8405,20,360,left,160,80,0,534.43,348.05,1.6912
1140,583313,2025-11-19T14:07:51,Right-handed,Rarely use mouse,19,6,69.8405,21,500,left,80,40,0,868.1,489.01,1.539
1141,583313,2025-11-19T14:07:51,Right-handed,Rarely use mouse,19,6,69.8405,22,360,right,120,60,0,403.97,392.05,0.9698
1142,583313,2025-11-19T14:07:51,Right-handed,Rarely use mouse,19,6,69.8405,23,360,right,160,80,0,419.08,407.0,1.0449
1143,583313,2025-11-19T14:07:51,Right-handed,Rarely use mouse,19,6,69.8405,24,260,right,40,20,0,278.54,268.07,1.3207
1144,583313,2025-11-19T14:07:51,Right-handed,Rarely use mouse,19,6,69.8405,25,360,left,40,20,0,480.56,348.0,1.4421
1145,583313,2025-11-19T14:07:51,Right-handed,Rarely use mouse,19,6,69.8405,26,500,right,160,80,0,565.7,534.01,0.9464
1146,583313,2025-11-19T14:07:51,Right-handed,Rarely use mouse,19,6,69.8405,27,180,left,160,80,0,182.45,174.14,1.0159
1147,583313,2025-11-19T14:07:51,Right-handed,Rarely use mouse,19,6,69.8405,28,180,left,80,40,1,281.24,183.88,2.1701
1148,583313,2025-11-19T14:07:51,Right-handed,Rarely use mouse,19,6,69.8405,29,260,left,120,60,0,286.05,282.11,1.1261
1149,583313,2025-11-19T14:07:51,Right-handed,Rarely use mouse,19,6,69.8405,30,360,right,40,20,0,451.1,347.21,1.6769
1150,583313,2025-11-19T14:07:51,Right-handed,Rarely use mouse,19,6,69.8405,31,500,left,120,60,0,508.51,493.37,0.9807
1151,583313,2025-11-19T14:07:51,Right-handed,Rarely use mouse,19,6,69.8405,32,260,left,160,80,0,208.44,196.21,1.0773
1152,583313,2025-11-19T14:07:51,Right-handed,Rarely use mouse,19,7,78.0322,1,360,left,160,80,0,425.68,356.14,1.66
1153,583313,2025-11-19T14:07:51,Right-handed,Rarely use mouse,19,7,78.0322,2,500,left,120,60,0,519.21,505.02,1.6933
1154,583313,2025-11-19T14:07:51,Right-handed,Rarely use mouse,19,7,78.0322,3,180,right,40,20,0,239.5,177.05,1.2995
1155,583313,2025-11-19T14:07:51,Right-handed,Rarely use mouse,19,7,78.0322,4,180,left,160,80,0,179.17,176.37,0.8813
1156,583313,2025-11-19T14:07:51,Right-handed,Rarely use mouse,19,7,78.0322,5,360,left,80,40,0,354.37,337.02,1.2015
1157,583313,2025-11-19T14:07:51,Right-handed,Rarely use mouse,19,7,78.0322,6,500,right,80,40,0,557.39,515.02,1.3057
1158,583313,2025-11-19T14:07:51,Right-handed,Rarely use mouse,19,7,78.0322,7,500,right,120,60,0,787.35,476.88,2.6104
1159,583313,2025-11-19T14:07:51,Right-handed,Rarely use mouse,19,7,78.0322,8,260,left,80,40,0,553.49,248.05,1.5889
1160,583313,2025-11-19T14:07:51,Right-handed,Rarely use mouse,19,7,78.0322,9,360,right,40,20,0,422.05,350.01,2.2495
1161,583313,2025-11-19T14:07:51,Right-handed,Rarely use mouse,19,7,78.0322,10,500,right,40,20,0,775.5,490.02,2.3353
1162,583313,2025-11-19T14:07:51,Right-handed,Rarely use mouse,19,7,78.0322,11,500,left,160,80,0,651.63,531.18,1.4855
1163,583313,2025-11-19T14:07:51,Right-handed,Rarely use mouse,19,7,78.0322,12,180,left,40,20,0,235.63,190.17,1.9552
1164,583313,2025-11-19T14:07:51,Right-handed,Rarely use mouse,19,7,78.0322,13,360,left,40,20,0,373.29,351.05,2.1135
1165,583313,2025-11-19T14:07:51,Right-handed,Rarely use mouse,19,7,78.0322,14,500,right,160,80,0,759.33,463.07,1.527
1166,583313,2025-11-19T14:07:51,Right-handed,Rarely use mouse,19,7,78.0322,15,260,right,120,60,0,252.78,241.3,1.4021
1167,583313,2025-11-19T14:07:51,Right-handed,Rarely use mouse,19,7,78.0322,16,180,left,80,40,0,280.53,193.58,1.3651
1168,583313,2025-11-19T14:07:51,Right-handed,Rarely use mouse,19,7,78.0322,17,180,right,80,40,0,177.35,175.1,1.1542
1169,583313,2025-11-19T14:07:51,Right-handed,Rarely use mouse,19,7,78.0322,18,260,left,120,60,0,324.76,255.44,1.1792
1170,583313,2025-11-19T14:07:51,Right-handed,Rarely use mouse,19,7,78.0322,19,360,right,160,80,0,378.22,359.4,1.2187
1171,583313,2025-11-19T14:07:51,Right-handed,Rarely use mouse,19,7,78.0322,20,260,right,40,20,0,369.25,270.03,1.6502
1172,583313,2025-11-19T14:07:51,Right-handed,Rarely use mouse,19,7,78.0322,21,260,left,40,20,0,284.1,256.0,1.6921
1173,583313,2025-11-19T14:07:51,Right-handed,Rarely use mouse,19,7,78.0322,22,180,left,120,60,0,220.15,186.02,1.6635
1174,583313,2025-11-19T14:07:51,Right-handed,Rarely use mouse,19,7,78.0322,23,360,left,120,60,0,355.53,344.01,1.6193
1175,583313,2025-11-19T14:07:51,Right-handed,Rarely use mouse,19,7,78.0322,24,180,right,120,60,2,379.58,199.0,1.3033
1176,583313,2025-11-19T14:07:51,Right-handed,Rarely use mouse,19,7,78.0322,25,500,left,40,20,0,597.31,509.04,1.8113
1177,583313,2025-11-19T14:07:51,Right-handed,Rarely use mouse,19,7,78.0322,26,260,left,160,80,0,230.62,224.08,1.2205
1178,583313,2025-11-19T14:07:51,Right-handed,Rarely use mouse,19,7,78.0322,27,500,left,80,40,1,760.37,491.0,2.0355
1179,583313,2025-11-19T14:07:51,Right-handed,Rarely use mouse,19,7,78.0322,28,260,right,160,80,1,314.4,310.16,1.0889
1180,583313,2025-11-19T14:07:51,Right-handed,Rarely use mouse,19,7,78.0322,29,360,right,120,60,0,346.46,334.01,0.9406
1181,583313,2025-11-19T14:07:51,Right-handed,Rarely use mouse,19,7,78.0322,30,360,right,80,40,0,367.73,342.21,1.4345
1182,583313,2025-11-19T14:07:51,Right-handed,Rarely use mouse,19,7,78.0322,31,260,right,80,40,0,344.03,258.0,1.3604
1183,583313,2025-11-19T14:07:51,Right-handed,Rarely use mouse,19,7,78.0322,32,180,right,160,80,0,134.92,127.57,0.9033
1184,583313,2025-11-19T14:07:51,Right-handed,Rarely use mouse,19,8,68.4638,1,360,left,40,20,0,389.26,360.01,1.1085
1185,583313,2025-11-19T14:07:51,Right-handed,Rarely use mouse,19,8,68.4638,2,360,right,40,20,0,431.27,351.01,1.4496
1186,583313,2025-11-19T14:07:51,Right-handed,Rarely use mouse,19,8,68.4638,3,500,left,160,80,0,487.63,474.46,0.967
1187,583313,2025-11-19T14:07:51,Right-handed,Rarely use mouse,19,8,68.4638,4,500,right,80,40,0,562.98,518.02,1.5079
1188,583313,2025-11-19T14:07:51,Right-handed,Rarely use mouse,19,8,68.4638,5,360,right,160,80,0,332.31,330.87,1.2072
1189,583313,2025-11-19T14:07:51,Right-handed,Rarely use mouse,19,8,68.4638,6,180,left,120,60,0,175.84,162.52,1.0176
1190,583313,2025-11-19T14:07:51,Right-handed,Rarely use mouse,19,8,68.4638,7,260,right,120,60,0,289.37,243.07,0.9258
1191,583313,2025-11-19T14:07:51,Right-handed,Rarely use mouse,19,8,68.4638,8,360,right,120,60,0,337.63,328.12,1.1596
1192,583313,2025-11-19T14:07:51,Right-handed,Rarely use mouse,19,8,68.4638,9,360,left,160,80,0,407.24,363.67,1.0038
1193,583313,2025-11-19T14:07:51,Right-handed,Rarely use mouse,19,8,68.4638,10,360,right,80,40,0,494.32,347.05,1.4211
1194,583313,2025-11-19T14:07:51,Right-handed,Rarely use mouse,19,8,68.4638,11,500,left,80,40,0,546.89,509.02,1.8959
1195,583313,2025-11-19T14:07:51,Right-handed,Rarely use mouse,19,8,68.4638,12,360,left,120,60,0,378.36,353.01,1.3927
1196,583313,2025-11-19T14:07:51,Right-handed,Rarely use mouse,19,8,68.4638,13,500,right,160,80,0,716.17,515.0,1.2461
1197,583313,2025-11-19T14:07:51,Right-handed,Rarely use mouse,19,8,68.4638,14,260,right,80,40,0,273.11,247.13,1.0798
1198,583313,2025-11-19T14:07:51,Right-handed,Rarely use mouse,19,8,68.4638,15,260,left,40,20,0,288.86,255.05,1.5666
1199,583313,2025-11-19T14:07:51,Right-handed,Rarely use mouse,19,8,68.4638,16,180,left,40,20,0,216.19,175.0,1.1945
1200,583313,2025-11-19T14:07:51,Right-handed,Rarely use mouse,19,8,68.4638,17,260,left,120,60,0,266.98,243.05,1.5516
1201,583313,2025-11-19T14:07:51,Right-handed,Rarely use mouse,19,8,68.4638,18,500,left,40,20,0,645.07,506.01,2.7825
1202,583313,2025-11-19T14:07:51,Right-handed,Rarely use mouse,19,8,68.4638,19,180,left,160,80,0,202.14,179.04,0.98
1203,583313,2025-11-19T14:07:51,Right-handed,Rarely use mouse,19,8,68.4638,20,260,right,160,80,0,248.82,233.01,1.1788
1204,583313,2025-11-19T14:07:51,Right-handed,Rarely use mouse,19,8,68.4638,21,180,right,80,40,0,327.85,187.07,1.5053
1205,583313,2025-11-19T14:07:51,Right-handed,Rarely use mouse,19,8,68.4638,22,260,left,160,80,0,244.78,236.36,1.2559
1206,583313,2025-11-19T14:07:51,Right-handed,Rarely use mouse,19,8,68.4638,23,500,right,120,60,0,564.7,510.12,0.9372
1207,583313,2025-11-19T14:07:51,Right-handed,Rarely use mouse,19,8,68.4638,24,180,right,40,20,0,344.07,173.23,1.224
1208,583313,2025-11-19T14:07:51,Right-handed,Rarely use mouse,19,8,68.4638,25,180,right,160,80,0,159.94,159.05,1.0372
1209,583313,2025-11-19T14:07:51,Right-handed,Rarely use mouse,19,8,68.4638,26,180,left,80,40,0,330.11,178.91,1.1442
1210,583313,2025-11-19T14:07:51,Right-handed,Rarely use mouse,19,8,68.4638,27,180,right,120,60,0,156.08,150.05,0.9379
1211,583313,2025-11-19T14:07:51,Right-handed,Rarely use mouse,19,8,68.4638,28,360,left,80,40,0,415.98,362.23,1.329
1212,583313,2025-11-19T14:07:51,Right-handed,Rarely use mouse,19,8,68.4638,29,500,left,120,60,0,534.97,522.75,1.344
1213,583313,2025-11-19T14:07:51,Right-handed,Rarely use mouse,19,8,68.4638,30,260,left,80,40,0,291.87,274.41,1.1782
1214,583313,2025-11-19T14:07:51,Right-handed,Rarely use mouse,19,8,68.4638,31,260,right,40,20,0,292.22,267.02,1.1513
1215,583313,2025-11-19T14:07:51,Right-handed,Rarely use mouse,19,8,68.4638,32,500,right,40,20,0,553.37,494.06,1.3119
1216,583313,2025-11-19T14:07:51,Right-handed,Rarely use mouse,19,9,62.1088,1,500,right,120,60,0,778.93,483.08,1.3046
1217,583313,2025-11-19T14:07:51,Right-handed,Rarely use mouse,19,9,62.1088,2,260,right,40,20,0,317.66,257.05,1.2213
1218,583313,2025-11-19T14:07:51,Right-handed,Rarely use mouse,19,9,62.1088,3,500,right,160,80,0,773.09,493.29,1.3585
1219,583313,2025-11-19T14:07:51,Right-handed,Rarely use mouse,19,9,62.1088,4,360,left,120,60,0,429.32,390.18,0.8742
1220,583313,2025-11-19T14:07:51,Right-handed,Rarely use mouse,19,9,62.1088,5,500,right,80,40,0,530.72,483.04,1.2825
1221,583313,2025-11-19T14:07:51,Right-handed,Rarely use mouse,19,9,62.1088,6,360,left,40,20,0,449.5,359.01,1.2616
1222,583313,2025-11-19T14:07:51,Right-handed,Rarely use mouse,19,9,62.1088,7,180,left,40,20,0,208.18,193.01,1.3929
1223,583313,2025-11-19T14:07:51,Right-handed,Rarely use mouse,19,9,62.1088,8,260,left,160,80,0,280.05,251.0,0.9685
1224,583313,2025-11-19T14:07:51,Right-handed,Rarely use mouse,19,9,62.1088,9,260,left,120,60,0,353.84,238.0,1.2218
1225,583313,2025-11-19T14:07:51,Right-handed,Rarely use mouse,19,9,62.1088,10,260,right,120,60,0,269.87,266.0,0.9743
1226,583313,2025-11-19T14:07:51,Right-handed,Rarely use mouse,19,9,62.1088,11,500,left,80,40,0,493.9,482.18,1.4426
1227,583313,2025-11-19T14:07:51,Right-handed,Rarely use mouse,19,9,62.1088,12,180,right,120,60,0,168.46,166.0,0.7426
1228,583313,2025-11-19T14:07:51,Right-handed,Rarely use mouse,19,9,62.1088,13,260,left,40,20,0,264.69,254.05,1.1115
1229,583313,2025-11-19T14:07:51,Right-handed,Rarely use mouse,19,9,62.1088,14,500,left,40,20,0,563.62,512.05,1.5352
1230,583313,2025-11-19T14:07:51,Right-handed,Rarely use mouse,19,9,62.1088,15,180,right,40,20,0,217.6,189.07,1.108
1231,583313,2025-11-19T14:07:51,Right-handed,Rarely use mouse,19,9,62.1088,16,180,right,160,80,0,202.69,190.0,0.825
1232,583313,2025-11-19T14:07:51,Right-handed,Rarely use mouse,19,9,62.1088,17,360,right,120,60,0,374.42,373.26,0.8459
1233,583313,2025-11-19T14:07:51,Right-handed,Rarely use mouse,19,9,62.1088,18,360,left,160,80,0,329.85,323.59,0.921
1234,583313,2025-11-19T14:07:51,Right-handed,Rarely use mouse,19,9,62.1088,19,360,right,160,80,0,376.4,363.16,0.8991
1235,583313,2025-11-19T14:07:51,Right-handed,Rarely use mouse,19,9,62.1088,20,360,right,40,20,0,364.53,356.01,1.3384
1236,583313,2025-11-19T14:07:51,Right-handed,Rarely use mouse,19,9,62.1088,21,260,right,160,80,0,201.82,198.36,0.9322
1237,583313,2025-11-19T14:07:51,Right-handed,Rarely use mouse,19,9,62.1088,22,500,left,160,80,0,473.06,470.05,0.849
1238,583313,2025-11-19T14:07:51,Right-handed,Rarely use mouse,19,9,62.1088,23,180,left,160,80,0,220.66,220.1,1.0244
1239,583313,2025-11-19T14:07:51,Right-handed,Rarely use mouse,19,9,62.1088,24,180,left,80,40,0,202.7,189.04,0.8859
1240,583313,2025-11-19T14:07:51,Right-handed,Rarely use mouse,19,9,62.1088,25,180,left,120,60,0,178.34,172.07,0.8705
1241,583313,2025-11-19T14:07:51,Right-handed,Rarely use mouse,19,9,62.1088,26,360,right,80,40,0,566.18,374.16,1.1929
1242,583313,2025-11-19T14:07:51,Right-handed,Rarely use mouse,19,9,62.1088,27,500,left,120,60,0,469.03,465.39,1.051
1243,583313,2025-11-19T14:07:51,Right-handed,Rarely use mouse,19,9,62.1088,28,360,left,80,40,0,356.29,339.59,1.671
1244,583313,2025-11-19T14:07:51,Right-handed,Rarely use mouse,19,9,62.1088,29,260,right,80,40,1,345.82,276.09,1.6871
1245,583313,2025-11-19T14:07:51,Right-handed,Rarely use mouse,19,9,62.1088,30,500,right,40,20,0,527.23,509.12,1.239
1246,583313,2025-11-19T14:07:51,Right-handed,Rarely use mouse,19,9,62.1088,31,180,right,80,40,0,164.61,161.79,0.8332
1247,583313,2025-11-19T14:07:51,Right-handed,Rarely use mouse,19,9,62.1088,32,260,left,80,40,0,368.7,261.73,1.3517
1248,583313,2025-11-19T14:07:51,Right-handed,Rarely use mouse,19,10,57.5659,1,360,left,40,20,0,358.72,351.07,1.2392
1249,583313,2025-11-19T14:07:51,Right-handed,Rarely use mouse,19,10,57.5659,2,360,left,80,40,0,387.47,343.47,1.3087
1250,583313,2025-11-19T14:07:51,Right-handed,Rarely use mouse,19,10,57.5659,3,360,right,160,80,0,347.17,321.9,0.9223
1251,583313,2025-11-19T14:07:51,Right-handed,Rarely use mouse,19,10,57.5659,4,180,right,160,80,0,181.66,164.68,0.9285
1252,583313,2025-11-19T14:07:51,Right-handed,Rarely use mouse,19,10,57.5659,5,260,right,40,20,0,308.75,271.09,1.2647
1253,583313,2025-11-19T14:07:51,Right-handed,Rarely use mouse,19,10,57.5659,6,260,left,80,40,0,315.53,265.83,1.0657
1254,583313,2025-11-19T14:07:51,Right-handed,Rarely use mouse,19,10,57.5659,7,500,right,40,20,0,525.87,503.06,1.6212
1255,583313,2025-11-19T14:07:51,Right-handed,Rarely use mouse,19,10,57.5659,8,260,right,160,80,0,217.04,206.02,1.1016
1256,583313,2025-11-19T14:07:51,Right-handed,Rarely use mouse,19,10,57.5659,9,180,left,120,60,0,180.83,180.07,0.9643
1257,583313,2025-11-19T14:07:51,Right-handed,Rarely use mouse,19,10,57.5659,10,180,right,120,60,0,196.71,184.46,0.8224
1258,583313,2025-11-19T14:07:51,Right-handed,Rarely use mouse,19,10,57.5659,11,260,left,160,80,0,262.86,235.05,1.0034
1259,583313,2025-11-19T14:07:51,Right-handed,Rarely use mouse,19,10,57.5659,12,360,right,40,20,0,382.98,369.0,1.0108
1260,583313,2025-11-19T14:07:51,Right-handed,Rarely use mouse,19,10,57.5659,13,260,left,40,20,0,264.38,260.05,1.3124
1261,583313,2025-11-19T14:07:51,Right-handed,Rarely use mouse,19,10,57.5659,14,500,left,80,40,0,515.4,490.15,1.0441
1262,583313,2025-11-19T14:07:51,Right-handed,Rarely use mouse,19,10,57.5659,15,500,right,80,40,0,518.15,515.0,0.8632
1263,583313,2025-11-19T14:07:51,Right-handed,Rarely use mouse,19,10,57.5659,16,500,left,160,80,0,480.79,465.47,1.0497
1264,583313,2025-11-19T14:07:51,Right-handed,Rarely use mouse,19,10,57.5659,17,260,right,80,40,0,265.7,263.19,0.8614
1265,583313,2025-11-19T14:07:51,Right-handed,Rarely use mouse,19,10,57.5659,18,360,left,160,80,0,348.15,336.04,0.892
1266,583313,2025-11-19T14:07:51,Right-handed,Rarely use mouse,19,10,57.5659,19,360,right,120,60,0,387.03,380.0,0.7891
1267,583313,2025-11-19T14:07:51,Right-handed,Rarely use mouse,19,10,57.5659,20,360,right,80,40,0,360.68,357.51,1.1675
1268,583313,2025-11-19T14:07:51,Right-handed,Rarely use mouse,19,10,57.5659,21,180,left,80,40,0,178.84,178.03,0.8406
1269,583313,2025-11-19T14:07:51,Right-handed,Rarely use mouse,19,10,57.5659,22,180,right,80,40,0,179.99,170.05,0.8517
1270,583313,2025-11-19T14:07:51,Right-handed,Rarely use mouse,19,10,57.5659,23,180,left,160,80,0,138.54,131.02,0.7689
1271,583313,2025-11-19T14:07:51,Right-handed,Rarely use mouse,19,10,57.5659,24,260,left,120,60,0,265.95,240.41,1.0541
1272,583313,2025-11-19T14:07:51,Right-handed,Rarely use mouse,19,10,57.5659,25,500,right,160,80,0,574.44,568.01,0.8348
1273,583313,2025-11-19T14:07:51,Right-handed,Rarely use mouse,19,10,57.5659,26,500,left,120,60,0,491.48,486.26,0.9568
1274,583313,2025-11-19T14:07:51,Right-handed,Rarely use mouse,19,10,57.5659,27,500,left,40,20,0,502.4,498.08,1.3033
1275,583313,2025-11-19T14:07:51,Right-handed,Rarely use mouse,19,10,57.5659,28,500,right,120,60,0,586.45,517.65,1.2636
1276,583313,2025-11-19T14:07:51,Right-handed,Rarely use mouse,19,10,57.5659,29,360,left,120,60,0,351.8,341.01,1.1209
1277,583313,2025-11-19T14:07:51,Right-handed,Rarely use mouse,19,10,57.5659,30,180,left,40,20,0,234.01,174.23,1.8088
1278,583313,2025-11-19T14:07:51,Right-handed,Rarely use mouse,19,10,57.5659,31,260,right,120,60,0,264.85,257.02,0.8987
1279,583313,2025-11-19T14:07:51,Right-handed,Rarely use mouse,19,10,57.5659,32,180,right,40,20,0,181.0,174.0,0.938
1280,979425,2025-11-19T14:24:25,Right-handed,Power user,20,1,53.7846,1,360,right,160,80,0,355.74,346.37,0.6492
1281,979425,2025-11-19T14:24:25,Right-handed,Power user,20,1,53.7846,2,500,right,40,20,0,577.21,508.08,1.1814
1282,979425,2025-11-19T14:24:25,Right-handed,Power user,20,1,53.7846,3,500,left,160,80,0,512.73,496.63,0.836
1283,979425,2025-11-19T14:24:25,Right-handed,Power user,20,1,53.7846,4,360,right,40,20,0,358.0,354.0,0.881
1284,979425,2025-11-19T14:24:25,Right-handed,Power user,20,1,53.7846,5,500,right,80,40,0,552.27,507.25,1.0647
1285,979425,2025-11-19T14:24:25,Right-handed,Power user,20,1,53.7846,6,500,left,120,60,0,509.35,492.02,0.9686
1286,979425,2025-11-19T14:24:25,Right-handed,Power user,20,1,53.7846,7,360,left,80,40,0,340.25,339.01,1.0598
1287,979425,2025-11-19T14:24:25,Right-handed,Power user,20,1,53.7846,8,360,left,40,20,0,379.5,362.09,0.972
1288,979425,2025-11-19T14:24:25,Right-handed,Power user,20,1,53.7846,9,180,right,40,20,0,200.77,171.66,0.9854
1289,979425,2025-11-19T14:24:25,Right-handed,Power user,20,1,53.7846,10,500,left,80,40,0,485.21,477.01,0.8102
1290,979425,2025-11-19T14:24:25,Right-handed,Power user,20,1,53.7846,11,360,right,80,40,0,340.16,338.0,0.9406
1291,979425,2025-11-19T14:24:25,Right-handed,Power user,20,1,53.7846,12,180,left,160,80,0,131.5,131.0,0.5257
1292,979425,2025-11-19T14:24:25,Right-handed,Power user,20,1,53.7846,13,260,right,40,20,0,271.49,259.0,0.9828
1293,979425,2025-11-19T14:24:25,Right-handed,Power user,20,1,53.7846,14,180,right,160,80,0,129.16,129.0,0.6913
1294,979425,2025-11-19T14:24:25,Right-handed,Power user,20,1,53.7846,15,180,left,120,60,0,176.49,176.03,0.6267
1295,979425,2025-11-19T14:24:25,Right-handed,Power user,20,1,53.7846,16,180,right,80,40,0,158.61,150.03,0.6456
1296,979425,2025-11-19T14:24:25,Right-handed,Power user,20,1,53.7846,17,260,left,120,60,0,263.67,263.03,0.7767
1297,979425,2025-11-19T14:24:25,Right-handed,Power user,20,1,53.7846,18,500,left,40,20,0,502.33,497.03,0.9298
1298,979425,2025-11-19T14:24:25,Right-handed,Power user,20,1,53.7846,19,500,right,120,60,0,531.03,509.0,0.7778
1299,979425,2025-11-19T14:24:25,Right-handed,Power user,20,1,53.7846,20,180,right,120,60,0,150.96,149.05,0.5942
1300,979425,2025-11-19T14:24:25,Right-handed,Power user,20,1,53.7846,21,260,right,160,80,0,242.22,242.02,0.7221
1301,979425,2025-11-19T14:24:25,Right-handed,Power user,20,1,53.7846,22,260,left,160,80,0,238.48,225.01,0.5495
1302,979425,2025-11-19T14:24:25,Right-handed,Power user,20,1,53.7846,23,500,right,160,80,0,532.0,521.0,0.7499
1303,979425,2025-11-19T14:24:25,Right-handed,Power user,20,1,53.7846,24,260,left,80,40,0,340.18,266.02,0.8814
1304,979425,2025-11-19T14:24:25,Right-handed,Power user,20,1,53.7846,25,260,right,120,60,0,249.41,235.0,0.5554
1305,979425,2025-11-19T14:24:25,Right-handed,Power user,20,1,53.7846,26,260,right,80,40,0,293.31,290.02,0.802
1306,979425,2025-11-19T14:24:25,Right-handed,Power user,20,1,53.7846,27,180,left,80,40,0,169.14,169.01,0.7093
1307,979425,2025-11-19T14:24:25,Right-handed,Power user,20,1,53.7846,28,360,right,120,60,0,340.18,340.04,0.7437
1308,979425,2025-11-19T14:24:25,Right-handed,Power user,20,1,53.7846,29,180,left,40,20,0,178.18,178.03,1.1426
1309,979425,2025-11-19T14:24:25,Right-handed,Power user,20,1,53.7846,30,360,left,160,80,0,369.44,369.07,0.6599
1310,979425,2025-11-19T14:24:25,Right-handed,Power user,20,1,53.7846,31,360,left,120,60,0,489.55,379.01,0.9032
1311,979425,2025-11-19T14:24:25,Right-handed,Power user,20,1,53.7846,32,260,left,40,20,0,250.45,250.16,0.9035
1312,979425,2025-11-19T14:24:25,Right-handed,Power user,20,2,48.0889,1,360,left,40,20,0,491.87,365.27,1.0233
1313,979425,2025-11-19T14:24:25,Right-handed,Power user,20,2,48.0889,2,260,left,40,20,0,260.11,257.01,0.7573
1314,979425,2025-11-19T14:24:25,Right-handed,Power user,20,2,48.0889,3,180,left,120,60,0,156.07,154.32,0.6218
1315,979425,2025-11-19T14:24:25,Right-handed,Power user,20,2,48.0889,4,360,left,80,40,0,494.68,348.21,1.2656
1316,979425,2025-11-19T14:24:25,Right-handed,Power user,20,2,48.0889,5,360,right,120,60,0,373.2,354.04,0.7708
1317,979425,2025-11-19T14:24:25,Right-handed,Power user,20,2,48.0889,6,500,right,80,40,0,505.11,501.02,0.8733
1318,979425,2025-11-19T14:24:25,Right-handed,Power user,20,2,48.0889,7,500,left,120,60,0,521.22,518.12,0.7072
1319,979425,2025-11-19T14:24:25,Right-handed,Power user,20,2,48.0889,8,500,left,80,40,0,513.93,502.29,0.7253
1320,979425,2025-11-19T14:24:25,Right-handed,Power user,20,2,48.0889,9,360,left,160,80,0,382.85,333.49,1.2249
1321,979425,2025-11-19T14:24:25,Right-handed,Power user,20,2,48.0889,10,180,left,80,40,0,175.34,175.01,0.6476
1322,979425,2025-11-19T14:24:25,Right-handed,Power user,20,2,48.0889,11,500,left,160,80,0,677.75,532.24,0.9206
1323,979425,2025-11-19T14:24:25,Right-handed,Power user,20,2,48.0889,12,260,right,80,40,0,332.17,296.03,0.7302
1324,979425,2025-11-19T14:24:25,Right-handed,Power user,20,2,48.0889,13,500,right,40,20,0,527.13,506.0,1.1535
1325,979425,2025-11-19T14:24:25,Right-handed,Power user,20,2,48.0889,14,260,left,120,60,0,229.42,228.22,0.7544
1326,979425,2025-11-19T14:24:25,Right-handed,Power user,20,2,48.0889,15,180,right,160,80,0,117.21,117.04,0.5688
1327,979425,2025-11-19T14:24:25,Right-handed,Power user,20,2,48.0889,16,360,right,160,80,0,297.12,297.02,0.7387
1328,979425,2025-11-19T14:24:25,Right-handed,Power user,20,2,48.0889,17,180,right,40,20,0,191.34,189.07,0.8251
1329,979425,2025-11-19T14:24:25,Right-handed,Power user,20,2,48.0889,18,180,left,160,80,0,147.1,147.0,0.5376
1330,979425,2025-11-19T14:24:25,Right-handed,Power user,20,2,48.0889,19,500,right,160,80,0,422.19,422.06,0.6575
1331,979425,2025-11-19T14:24:25,Right-handed,Power user,20,2,48.0889,20,500,left,40,20,0,517.65,499.01,0.8835
1332,979425,2025-11-19T14:24:25,Right-handed,Power user,20,2,48.0889,21,260,left,160,80,0,234.78,233.05,0.6563
1333,979425,2025-11-19T14:24:25,Right-handed,Power user,20,2,48.0889,22,180,right,80,40,0,161.88,161.0,0.7701
1334,979425,2025-11-19T14:24:25,Right-handed,Power user,20,2,48.0889,23,500,right,120,60,0,490.6,488.02,0.8034
1335,979425,2025-11-19T14:24:25,Right-handed,Power user,20,2,48.0889,24,360,right,80,40,0,355.28,342.05,0.8068
1336,979425,2025-11-19T14:24:25,Right-handed,Power user,20,2,48.0889,25,260,left,80,40,0,273.58,273.09,0.7418
1337,979425,2025-11-19T14:24:25,Right-handed,Power user,20,2,48.0889,26,180,right,120,60,0,138.48,137.03,0.6343
1338,979425,2025-11-19T14:24:25,Right-handed,Power user,20,2,48.0889,27,180,left,40,20,0,181.04,181.01,0.7097
1339,979425,2025-11-19T14:24:25,Right-handed,Power user,20,2,48.0889,28,360,left,120,60,0,352.68,352.09,0.6665
1340,979425,2025-11-19T14:24:25,Right-handed,Power user,20,2,48.0889,29,260,right,160,80,0,228.83,219.06,0.6891
1341,979425,2025-11-19T14:24:25,Right-handed,Power user,20,2,48.0889,30,260,right,40,20,0,252.5,251.05,0.8587
1342,979425,2025-11-19T14:24:25,Right-handed,Power user,20,2,48.0889,31,260,right,120,60,0,231.51,231.0,0.7534
1343,979425,2025-11-19T14:24:25,Right-handed,Power user,20,2,48.0889,32,360,right,40,20,0,358.62,358.14,0.8961
1344,979425,2025-11-19T14:24:25,Right-handed,Power user,20,3,42.9465,1,260,left,40,20,0,265.77,253.02,0.9033
1345,979425,2025-11-19T14:24:25,Right-handed,Power user,20,3,42.9465,2,360,right,120,60,0,348.48,348.02,0.7635
1346,979425,2025-11-19T14:24:25,Right-handed,Power user,20,3,42.9465,3,180,right,160,80,0,128.21,128.04,0.5842
1347,979425,2025-11-19T14:24:25,Right-handed,Power user,20,3,42.9465,4,180,right,80,40,0,176.27,176.05,0.7093
1348,979425,2025-11-19T14:24:25,Right-handed,Power user,20,3,42.9465,5,360,right,160,80,0,359.34,359.05,0.612
1349,979425,2025-11-19T14:24:25,Right-handed,Power user,20,3,42.9465,6,500,left,40,20,0,499.4,498.03,1.1215
1350,979425,2025-11-19T14:24:25,Right-handed,Power user,20,3,42.9465,7,180,right,120,60,1,165.41,164.01,0.9398
1351,979425,2025-11-19T14:24:25,Right-handed,Power user,20,3,42.9465,8,180,right,40,20,0,189.71,188.02,0.8051
1352,979425,2025-11-19T14:24:25,Right-handed,Power user,20,3,42.9465,9,360,right,40,20,0,355.41,355.04,0.8623
1353,979425,2025-11-19T14:24:25,Right-handed,Power user,20,3,42.9465,10,180,left,120,60,0,174.41,174.0,0.7468
1354,979425,2025-11-19T14:24:25,Right-handed,Power user,20,3,42.9465,11,260,right,40,20,0,267.56,267.02,0.9021
1355,979425,2025-11-19T14:24:25,Right-handed,Power user,20,3,42.9465,12,500,right,120,60,0,688.23,514.0,1.0429
1356,979425,2025-11-19T14:24:25,Right-handed,Power user,20,3,42.9465,13,260,right,80,40,0,286.28,286.02,0.7357
1357,979425,2025-11-19T14:24:25,Right-handed,Power user,20,3,42.9465,14,500,left,80,40,0,585.01,497.2,0.8448
1358,979425,2025-11-19T14:24:25,Right-handed,Power user,20,3,42.9465,15,260,right,160,80,0,240.0,240.0,0.7291
1359,979425,2025-11-19T14:24:25,Right-handed,Power user,20,3,42.9465,16,260,left,120,60,0,251.2,251.01,0.6354
1360,979425,2025-11-19T14:24:25,Right-handed,Power user,20,3,42.9465,17,360,left,80,40,0,610.98,381.02,1.0201
1361,979425,2025-11-19T14:24:25,Right-handed,Power user,20,3,42.9465,18,360,left,40,20,0,508.63,356.0,0.9539
1362,979425,2025-11-19T14:24:25,Right-handed,Power user,20,3,42.9465,19,360,left,160,80,0,379.13,379.0,0.6166
1363,979425,2025-11-19T14:24:25,Right-handed,Power user,20,3,42.9465,20,500,left,160,80,0,493.15,493.0,0.6861
1364,979425,2025-11-19T14:24:25,Right-handed,Power user,20,3,42.9465,21,260,right,120,60,0,238.15,238.03,0.6875
1365,979425,2025-11-19T14:24:25,Right-handed,Power user,20,3,42.9465,22,360,right,80,40,0,365.68,363.0,0.9316
1366,979425,2025-11-19T14:24:25,Right-handed,Power user,20,3,42.9465,23,500,right,160,80,0,498.24,497.0,0.6525
1367,979425,2025-11-19T14:24:25,Right-handed,Power user,20,3,42.9465,24,500,left,120,60,0,511.96,511.06,0.8178
1368,979425,2025-11-19T14:24:25,Right-handed,Power user,20,3,42.9465,25,500,right,80,40,0,487.02,476.01,0.8685
1369,979425,2025-11-19T14:24:25,Right-handed,Power user,20,3,42.9465,26,180,left,160,80,0,211.04,211.01,0.5066
1370,979425,2025-11-19T14:24:25,Right-handed,Power user,20,3,42.9465,27,360,left,120,60,0,369.66,369.01,0.6619
1371,979425,2025-11-19T14:24:25,Right-handed,Power user,20,3,42.9465,28,260,left,160,80,0,213.0,213.0,0.5968
1372,979425,2025-11-19T14:24:25,Right-handed,Power user,20,3,42.9465,29,260,left,80,40,0,263.11,263.02,0.598
1373,979425,2025-11-19T14:24:25,Right-handed,Power user,20,3,42.9465,30,500,right,40,20,0,523.5,499.0,0.7923
1374,979425,2025-11-19T14:24:25,Right-handed,Power user,20,3,42.9465,31,180,left,80,40,0,179.71,179.14,0.7488
1375,979425,2025-11-19T14:24:25,Right-handed,Power user,20,3,42.9465,32,180,left,40,20,0,175.12,173.07,0.7391
1376,979425,2025-11-19T14:24:25,Right-handed,Power user,20,4,41.944,1,180,left,80,40,0,204.29,204.01,0.7864
1377,979425,2025-11-19T14:24:25,Right-handed,Power user,20,4,41.944,2,500,left,40,20,0,698.53,506.14,0.9533
1378,979425,2025-11-19T14:24:25,Right-handed,Power user,20,4,41.944,3,260,right,40,20,1,263.13,261.0,0.8744
1379,979425,2025-11-19T14:24:25,Right-handed,Power user,20,4,41.944,4,500,right,40,20,0,600.71,494.04,0.8222
1380,979425,2025-11-19T14:24:25,Right-handed,Power user,20,4,41.944,5,180,left,120,60,0,133.06,133.0,0.5353
1381,979425,2025-11-19T14:24:25,Right-handed,Power user,20,4,41.944,6,360,right,120,60,0,335.34,331.01,0.734
1382,979425,2025-11-19T14:24:25,Right-handed,Power user,20,4,41.944,7,500,left,80,40,0,484.21,484.0,0.8143
1383,979425,2025-11-19T14:24:25,Right-handed,Power user,20,4,41.944,8,180,right,120,60,0,182.02,182.0,0.5627
1384,979425,2025-11-19T14:24:25,Right-handed,Power user,20,4,41.944,9,500,right,160,80,0,465.06,455.0,0.6784
1385,979425,2025-11-19T14:24:25,Right-handed,Power user,20,4,41.944,10,360,left,80,40,0,340.05,339.02,0.7513
1386,979425,2025-11-19T14:24:25,Right-handed,Power user,20,4,41.944,11,260,left,120,60,0,268.37,267.05,0.6107
1387,979425,2025-11-19T14:24:25,Right-handed,Power user,20,4,41.944,12,360,right,80,40,0,338.8,337.01,0.815
1388,979425,2025-11-19T14:24:25,Right-handed,Power user,20,4,41.944,13,500,left,160,80,0,500.84,498.08,0.6862
1389,979425,2025-11-19T14:24:25,Right-handed,Power user,20,4,41.944,14,260,right,120,60,0,258.17,257.05,0.6161
1390,979425,2025-11-19T14:24:25,Right-handed,Power user,20,4,41.944,15,260,left,80,40,0,251.34,251.03,0.7328
1391,979425,2025-11-19T14:24:25,Right-handed,Power user,20,4,41.944,16,360,left,160,80,0,429.48,396.28,0.742
1392,979425,2025-11-19T14:24:25,Right-handed,Power user,20,4,41.944,17,180,right,80,40,0,599.04,178.01,0.7695
1393,979425,2025-11-19T14:24:25,Right-handed,Power user,20,4,41.944,18,360,left,40,20,0,361.96,357.0,0.9907
1394,979425,2025-11-19T14:24:25,Right-handed,Power user,20,4,41.944,19,260,right,80,40,0,256.45,255.16,0.7035
1395,979425,2025-11-19T14:24:25,Right-handed,Power user,20,4,41.944,20,180,right,160,80,0,179.26,175.01,0.4879
1396,979425,2025-11-19T14:24:25,Right-handed,Power user,20,4,41.944,21,260,right,160,80,0,262.98,256.1,0.64
1397,979425,2025-11-19T14:24:25,Right-handed,Power user,20,4,41.944,22,500,left,120,60,0,573.36,496.0,0.8026
1398,979425,2025-11-19T14:24:25,Right-handed,Power user,20,4,41.944,23,360,right,160,80,0,330.32,330.01,0.6221
1399,979425,2025-11-19T14:24:25,Right-handed,Power user,20,4,41.944,24,360,right,40,20,0,357.84,349.07,1.1168
1400,979425,2025-11-19T14:24:25,Right-handed,Power user,20,4,41.944,25,260,left,40,20,0,263.57,258.05,0.7758
1401,979425,2025-11-19T14:24:25,Right-handed,Power user,20,4,41.944,26,260,left,160,80,0,232.23,232.05,0.5063
1402,979425,2025-11-19T14:24:25,Right-handed,Power user,20,4,41.944,27,500,right,80,40,0,537.04,488.15,0.7969
1403,979425,2025-11-19T14:24:25,Right-handed,Power user,20,4,41.944,28,180,left,160,80,0,163.05,163.0,0.5446
1404,979425,2025-11-19T14:24:25,Right-handed,Power user,20,4,41.944,29,180,left,40,20,0,181.53,179.03,0.8128
1405,979425,2025-11-19T14:24:25,Right-handed,Power user,20,4,41.944,30,500,right,120,60,0,512.0,512.0,0.6627
1406,979425,2025-11-19T14:24:25,Right-handed,Power user,20,4,41.944,31,360,left,120,60,0,415.36,415.12,0.6623
1407,979425,2025-11-19T14:24:25,Right-handed,Power user,20,4,41.944,32,180,right,40,20,0,173.54,173.01,0.8705
1408,979425,2025-11-19T14:24:25,Right-handed,Power user,20,5,39.6033,1,500,left,160,80,0,507.72,500.2,0.7963
1409,979425,2025-11-19T14:24:25,Right-handed,Power user,20,5,39.6033,2,260,right,40,20,0,276.83,276.01,0.8579
1410,979425,2025-11-19T14:24:25,Right-handed,Power user,20,5,39.6033,3,260,left,120,60,0,262.83,253.05,0.6471
1411,979425,2025-11-19T14:24:25,Right-handed,Power user,20,5,39.6033,4,180,right,40,20,0,188.87,184.1,0.7321
1412,979425,2025-11-19T14:24:25,Right-handed,Power user,20,5,39.6033,5,180,right,80,40,0,202.29,195.58,0.7793
1413,979425,2025-11-19T14:24:25,Right-handed,Power user,20,5,39.6033,6,180,left,160,80,0,231.55,169.01,0.514
1414,979425,2025-11-19T14:24:25,Right-handed,Power user,20,5,39.6033,7,500,left,80,40,0,593.14,507.06,0.8497
1415,979425,2025-11-19T14:24:25,Right-handed,Power user,20,5,39.6033,8,500,left,120,60,0,503.78,485.45,0.6975
1416,979425,2025-11-19T14:24:25,Right-handed,Power user,20,5,39.6033,9,260,right,80,40,0,235.0,235.0,0.7307
1417,979425,2025-11-19T14:24:25,Right-handed,Power user,20,5,39.6033,10,360,right,80,40,0,352.2,351.07,0.8117
1418,979425,2025-11-19T14:24:25,Right-handed,Power user,20,5,39.6033,11,180,left,80,40,0,189.16,179.0,0.6512
1419,979425,2025-11-19T14:24:25,Right-handed,Power user,20,5,39.6033,12,260,left,160,80,0,201.57,201.06,0.6433
1420,979425,2025-11-19T14:24:25,Right-handed,Power user,20,5,39.6033,13,360,left,80,40,0,413.46,373.3,0.71
1421,979425,2025-11-19T14:24:25,Right-handed,Power user,20,5,39.6033,14,260,right,120,60,0,269.14,269.02,0.633
1422,979425,2025-11-19T14:24:25,Right-handed,Power user,20,5,39.6033,15,500,right,80,40,0,503.49,503.1,0.6857
1423,979425,2025-11-19T14:24:25,Right-handed,Power user,20,5,39.6033,16,360,right,120,60,0,384.68,382.42,0.9099
1424,979425,2025-11-19T14:24:25,Right-handed,Power user,20,5,39.6033,17,360,right,40,20,0,368.09,360.01,1.0004
1425,979425,2025-11-19T14:24:25,Right-handed,Power user,20,5,39.6033,18,360,left,40,20,0,390.75,368.01,0.9825
1426,979425,2025-11-19T14:24:25,Right-handed,Power user,20,5,39.6033,19,180,right,160,80,0,168.13,168.0,0.5516
1427,979425,2025-11-19T14:24:25,Right-handed,Power user,20,5,39.6033,20,180,right,120,60,0,139.46,139.01,0.5856
1428,979425,2025-11-19T14:24:25,Right-handed,Power user,20,5,39.6033,21,500,left,40,20,0,503.14,499.08,0.786
1429,979425,2025-11-19T14:24:25,Right-handed,Power user,20,5,39.6033,22,180,left,40,20,0,176.37,176.07,0.7572
1430,979425,2025-11-19T14:24:25,Right-handed,Power user,20,5,39.6033,23,360,right,160,80,0,410.08,410.01,0.6249
1431,979425,2025-11-19T14:24:25,Right-handed,Power user,20,5,39.6033,24,260,left,80,40,0,296.97,296.08,0.5818
1432,979425,2025-11-19T14:24:25,Right-handed,Power user,20,5,39.6033,25,360,left,120,60,0,316.8,316.08,0.6807
1433,979425,2025-11-19T14:24:25,Right-handed,Power user,20,5,39.6033,26,500,right,40,20,0,502.76,501.05,1.1312
1434,979425,2025-11-19T14:24:25,Right-handed,Power user,20,5,39.6033,27,180,left,120,60,0,180.22,180.04,0.5384
1435,979425,2025-11-19T14:24:25,Right-handed,Power user,20,5,39.6033,28,500,right,160,80,0,487.27,487.1,0.6764
1436,979425,2025-11-19T14:24:25,Right-handed,Power user,20,5,39.6033,29,260,right,160,80,1,297.88,296.24,0.8809
1437,979425,2025-11-19T14:24:25,Right-handed,Power user,20,5,39.6033,30,500,right,120,60,0,686.62,513.28,0.8288
1438,979425,2025-11-19T14:24:25,Right-handed,Power user,20,5,39.6033,31,260,left,40,20,0,252.27,252.0,0.8033
1439,979425,2025-11-19T14:24:25,Right-handed,Power user,20,5,39.6033,32,360,left,160,80,0,546.34,424.2,0.9723
1440,979425,2025-11-19T14:24:25,Right-handed,Power user,20,6,41.6446,1,360,left,160,80,0,342.64,342.33,0.649
1441,979425,2025-11-19T14:24:25,Right-handed,Power user,20,6,41.6446,2,260,right,160,80,0,232.31,231.03,0.6011
1442,979425,2025-11-19T14:24:25,Right-handed,Power user,20,6,41.6446,3,180,right,120,60,0,181.49,178.18,0.7472
1443,979425,2025-11-19T14:24:25,Right-handed,Power user,20,6,41.6446,4,180,right,80,40,0,152.3,155.12,0.4956
1444,979425,2025-11-19T14:24:25,Right-handed,Power user,20,6,41.6446,5,260,left,120,60,0,382.02,281.0,0.7787
1445,979425,2025-11-19T14:24:25,Right-handed,Power user,20,6,41.6446,6,360,left,40,20,1,385.07,367.16,1.2088
1446,979425,2025-11-19T14:24:25,Right-handed,Power user,20,6,41.6446,7,260,right,120,60,0,243.3,243.0,0.6077
1447,979425,2025-11-19T14:24:25,Right-handed,Power user,20,6,41.6446,8,180,left,160,80,0,180.0,180.0,0.5251
1448,979425,2025-11-19T14:24:25,Right-handed,Power user,20,6,41.6446,9,360,right,40,20,0,367.48,367.0,1.2032
1449,979425,2025-11-19T14:24:25,Right-handed,Power user,20,6,41.6446,10,260,right,80,40,0,266.22,266.02,0.6775
1450,979425,2025-11-19T14:24:25,Right-handed,Power user,20,6,41.6446,11,180,right,160,80,0,157.04,153.0,0.4627
1451,979425,2025-11-19T14:24:25,Right-handed,Power user,20,6,41.6446,12,500,left,80,40,0,485.4,484.07,0.9466
1452,979425,2025-11-19T14:24:25,Right-handed,Power user,20,6,41.6446,13,180,left,40,20,0,182.25,182.0,0.8643
1453,979425,2025-11-19T14:24:25,Right-handed,Power user,20,6,41.6446,14,500,right,40,20,0,528.94,505.0,1.2099
1454,979425,2025-11-19T14:24:25,Right-handed,Power user,20,6,41.6446,15,360,left,80,40,0,368.23,358.02,0.8735
1455,979425,2025-11-19T14:24:25,Right-handed,Power user,20,6,41.6446,16,260,left,80,40,0,232.98,228.22,0.9258
1456,979425,2025-11-19T14:24:25,Right-handed,Power user,20,6,41.6446,17,180,left,120,60,0,157.32,154.0,0.5181
1457,979425,2025-11-19T14:24:25,Right-handed,Power user,20,6,41.6446,18,180,left,80,40,0,168.22,167.59,0.5438
1458,979425,2025-11-19T14:24:25,Right-handed,Power user,20,6,41.6446,19,260,left,160,80,0,219.82,219.45,0.5233
1459,979425,2025-11-19T14:24:25,Right-handed,Power user,20,6,41.6446,20,260,left,40,20,0,257.29,257.12,0.6688
1460,979425,2025-11-19T14:24:25,Right-handed,Power user,20,6,41.6446,21,500,right,160,80,0,672.44,465.05,0.6819
1461,979425,2025-11-19T14:24:25,Right-handed,Power user,20,6,41.6446,22,260,right,40,20,0,260.03,258.0,0.8264
1462,979425,2025-11-19T14:24:25,Right-handed,Power user,20,6,41.6446,23,500,left,120,60,0,458.48,458.25,0.6912
1463,979425,2025-11-19T14:24:25,Right-handed,Power user,20,6,41.6446,24,360,right,160,80,0,326.39,326.02,0.6715
1464,979425,2025-11-19T14:24:25,Right-handed,Power user,20,6,41.6446,25,360,right,80,40,0,341.96,341.04,0.7486
1465,979425,2025-11-19T14:24:25,Right-handed,Power user,20,6,41.6446,26,500,right,80,40,0,481.4,480.2,0.9172
1466,979425,2025-11-19T14:24:25,Right-handed,Power user,20,6,41.6446,27,360,left,120,60,0,327.65,327.04,0.6249
1467,979425,2025-11-19T14:24:25,Right-handed,Power user,20,6,41.6446,28,180,right,40,20,0,177.46,177.1,0.6863
1468,979425,2025-11-19T14:24:25,Right-handed,Power user,20,6,41.6446,29,500,right,120,60,0,463.49,462.13,0.9265
1469,979425,2025-11-19T14:24:25,Right-handed,Power user,20,6,41.6446,30,500,left,40,20,0,483.49,483.01,0.8677
1470,979425,2025-11-19T14:24:25,Right-handed,Power user,20,6,41.6446,31,500,left,160,80,0,471.81,471.31,0.7122
1471,979425,2025-11-19T14:24:25,Right-handed,Power user,20,6,41.6446,32,360,right,120,60,0,354.24,354.0,0.6227
1472,979425,2025-11-19T14:24:25,Right-handed,Power user,20,7,42.086,1,260,left,160,80,0,185.19,185.01,0.6909
1473,979425,2025-11-19T14:24:25,Right-handed,Power user,20,7,42.086,2,180,right,160,80,0,146.0,145.0,0.5592
1474,979425,2025-11-19T14:24:25,Right-handed,Power user,20,7,42.086,3,360,right,120,60,0,367.78,367.16,0.7593
1475,979425,2025-11-19T14:24:25,Right-handed,Power user,20,7,42.086,4,180,left,80,40,0,183.19,183.01,0.7484
1476,979425,2025-11-19T14:24:25,Right-handed,Power user,20,7,42.086,5,500,left,160,80,0,459.35,459.18,0.6348
1477,979425,2025-11-19T14:24:25,Right-handed,Power user,20,7,42.086,6,360,right,160,80,0,364.25,364.09,0.5308
1478,979425,2025-11-19T14:24:25,Right-handed,Power user,20,7,42.086,7,360,left,120,60,0,347.63,347.14,0.6643
1479,979425,2025-11-19T14:24:25,Right-handed,Power user,20,7,42.086,8,180,left,40,20,0,184.28,184.07,0.7047
1480,979425,2025-11-19T14:24:25,Right-handed,Power user,20,7,42.086,9,500,right,40,20,0,509.26,504.02,0.8137
1481,979425,2025-11-19T14:24:25,Right-handed,Power user,20,7,42.086,10,500,right,120,60,0,452.37,452.04,0.7169
1482,979425,2025-11-19T14:24:25,Right-handed,Power user,20,7,42.086,11,180,right,40,20,0,170.61,170.19,0.6786
1483,979425,2025-11-19T14:24:25,Right-handed,Power user,20,7,42.086,12,180,right,80,40,0,204.36,204.04,0.7493
1484,979425,2025-11-19T14:24:25,Right-handed,Power user,20,7,42.086,13,180,right,120,60,0,186.27,185.02,0.5952
1485,979425,2025-11-19T14:24:25,Right-handed,Power user,20,7,42.086,14,180,left,120,60,0,184.01,184.0,0.5454
1486,979425,2025-11-19T14:24:25,Right-handed,Power user,20,7,42.086,15,500,right,160,80,0,491.54,489.07,0.6865
1487,979425,2025-11-19T14:24:25,Right-handed,Power user,20,7,42.086,16,260,right,160,80,0,221.05,218.52,1.1167
1488,979425,2025-11-19T14:24:25,Right-handed,Power user,20,7,42.086,17,260,left,80,40,0,398.21,253.02,0.8425
1489,979425,2025-11-19T14:24:25,Right-handed,Power user,20,7,42.086,18,260,right,40,20,0,257.54,256.12,0.8864
1490,979425,2025-11-19T14:24:25,Right-handed,Power user,20,7,42.086,19,260,left,120,60,0,242.59,241.0,0.6996
1491,979425,2025-11-19T14:24:25,Right-handed,Power user,20,7,42.086,20,260,right,120,60,0,217.56,217.15,0.9008
1492,979425,2025-11-19T14:24:25,Right-handed,Power user,20,7,42.086,21,360,right,40,20,0,357.1,350.02,1.0111
1493,979425,2025-11-19T14:24:25,Right-handed,Power user,20,7,42.086,22,180,left,160,80,0,161.48,160.03,0.937
1494,979425,2025-11-19T14:24:25,Right-handed,Power user,20,7,42.086,23,500,left,120,60,0,529.81,529.0,0.6696
1495,979425,2025-11-19T14:24:25,Right-handed,Power user,20,7,42.086,24,360,left,40,20,0,441.36,353.09,1.1018
1496,979425,2025-11-19T14:24:25,Right-handed,Power user,20,7,42.086,25,260,right,80,40,0,744.6,285.0,0.8668
1497,979425,2025-11-19T14:24:25,Right-handed,Power user,20,7,42.086,26,360,left,160,80,0,303.31,303.01,0.6194
1498,979425,2025-11-19T14:24:25,Right-handed,Power user,20,7,42.086,27,360,left,80,40,0,346.0,338.0,0.6584
1499,979425,2025-11-19T14:24:25,Right-handed,Power user,20,7,42.086,28,260,left,40,20,0,256.69,255.0,0.6829
1500,979425,2025-11-19T14:24:25,Right-handed,Power user,20,7,42.086,29,360,right,80,40,0,490.33,342.0,0.9723
1501,979425,2025-11-19T14:24:25,Right-handed,Power user,20,7,42.086,30,500,left,80,40,0,500.6,500.06,0.7083
1502,979425,2025-11-19T14:24:25,Right-handed,Power user,20,7,42.086,31,500,left,40,20,0,533.78,499.0,1.4183
1503,979425,2025-11-19T14:24:25,Right-handed,Power user,20,7,42.086,32,500,right,80,40,0,520.26,520.06,0.7521
1504,979425,2025-11-19T14:24:25,Right-handed,Power user,20,8,38.8903,1,500,right,40,20,0,588.67,500.06,0.899
1505,979425,2025-11-19T14:24:25,Right-handed,Power user,20,8,38.8903,2,360,right,80,40,0,473.35,359.0,1.2007
1506,979425,2025-11-19T14:24:25,Right-handed,Power user,20,8,38.8903,3,500,right,120,60,0,478.21,478.02,0.7579
1507,979425,2025-11-19T14:24:25,Right-handed,Power user,20,8,38.8903,4,360,left,160,80,0,313.26,312.0,0.8229
1508,979425,2025-11-19T14:24:25,Right-handed,Power user,20,8,38.8903,5,180,right,40,20,0,200.11,189.01,0.6326
1509,979425,2025-11-19T14:24:25,Right-handed,Power user,20,8,38.8903,6,360,left,80,40,0,360.15,360.01,0.6247
1510,979425,2025-11-19T14:24:25,Right-handed,Power user,20,8,38.8903,7,180,right,160,80,0,170.0,164.0,0.5065
1511,979425,2025-11-19T14:24:25,Right-handed,Power user,20,8,38.8903,8,180,right,120,60,0,133.11,133.02,0.582
1512,979425,2025-11-19T14:24:25,Right-handed,Power user,20,8,38.8903,9,260,right,40,20,0,275.63,270.0,0.7372
1513,979425,2025-11-19T14:24:25,Right-handed,Power user,20,8,38.8903,10,180,right,80,40,0,290.08,189.07,0.8421
1514,979425,2025-11-19T14:24:25,Right-handed,Power user,20,8,38.8903,11,260,left,40,20,0,550.44,276.03,0.9322
1515,979425,2025-11-19T14:24:25,Right-handed,Power user,20,8,38.8903,12,180,left,40,20,0,178.0,177.0,0.8288
1516,979425,2025-11-19T14:24:25,Right-handed,Power user,20,8,38.8903,13,360,left,40,20,0,554.13,356.04,0.9395
1517,979425,2025-11-19T14:24:25,Right-handed,Power user,20,8,38.8903,14,180,left,80,40,1,145.28,145.06,0.6992
1518,979425,2025-11-19T14:24:25,Right-handed,Power user,20,8,38.8903,15,260,left,80,40,0,222.14,222.04,0.5997
1519,979425,2025-11-19T14:24:25,Right-handed,Power user,20,8,38.8903,16,360,left,120,60,0,305.75,304.06,0.7023
1520,979425,2025-11-19T14:24:25,Right-handed,Power user,20,8,38.8903,17,260,right,80,40,0,404.15,282.04,0.747
1521,979425,2025-11-19T14:24:25,Right-handed,Power user,20,8,38.8903,18,180,left,120,60,0,152.44,152.21,0.5004
1522,979425,2025-11-19T14:24:25,Right-handed,Power user,20,8,38.8903,19,260,right,160,80,0,257.0,239.0,0.5571
1523,979425,2025-11-19T14:24:25,Right-handed,Power user,20,8,38.8903,20,180,left,160,80,0,196.03,189.17,0.5307
1524,979425,2025-11-19T14:24:25,Right-handed,Power user,20,8,38.8903,21,260,left,160,80,0,199.1,199.01,0.4962
1525,979425,2025-11-19T14:24:25,Right-handed,Power user,20,8,38.8903,22,360,right,160,80,0,357.12,357.01,0.5693
1526,979425,2025-11-19T14:24:25,Right-handed,Power user,20,8,38.8903,23,500,left,120,60,0,477.32,477.07,0.6761
1527,979425,2025-11-19T14:24:25,Right-handed,Power user,20,8,38.8903,24,260,left,120,60,0,249.25,249.07,0.6195
1528,979425,2025-11-19T14:24:25,Right-handed,Power user,20,8,38.8903,25,500,left,40,20,0,729.87,511.22,0.9704
1529,979425,2025-11-19T14:24:25,Right-handed,Power user,20,8,38.8903,26,360,right,40,20,0,425.56,362.0,1.1987
1530,979425,2025-11-19T14:24:25,Right-handed,Power user,20,8,38.8903,27,360,right,120,60,0,555.07,381.0,0.817
1531,979425,2025-11-19T14:24:25,Right-handed,Power user,20,8,38.8903,28,500,right,80,40,1,566.33,531.06,1.1759
1532,979425,2025-11-19T14:24:25,Right-handed,Power user,20,8,38.8903,29,260,right,120,60,0,299.71,270.01,0.8722
1533,979425,2025-11-19T14:24:25,Right-handed,Power user,20,8,38.8903,30,500,left,160,80,0,704.2,465.03,0.8035
1534,979425,2025-11-19T14:24:25,Right-handed,Power user,20,8,38.8903,31,500,right,160,80,0,506.04,505.01,0.6784
1535,979425,2025-11-19T14:24:25,Right-handed,Power user,20,8,38.8903,32,500,left,80,40,0,482.17,481.05,0.6693
1536,979425,2025-11-19T14:24:25,Right-handed,Power user,20,9,38.204,1,360,right,40,20,0,439.52,352.0,0.9098
1537,979425,2025-11-19T14:24:25,Right-handed,Power user,20,9,38.204,2,360,left,120,60,0,354.72,354.07,0.6605
1538,979425,2025-11-19T14:24:25,Right-handed,Power user,20,9,38.204,3,260,left,40,20,0,266.81,266.02,0.8833
1539,979425,2025-11-19T14:24:25,Right-handed,Power user,20,9,38.204,4,500,left,40,20,0,502.62,501.02,0.8277
1540,979425,2025-11-19T14:24:25,Right-handed,Power user,20,9,38.204,5,360,left,40,20,0,357.54,357.04,0.7992
1541,979425,2025-11-19T14:24:25,Right-handed,Power user,20,9,38.204,6,180,right,160,80,0,119.76,119.1,0.508
1542,979425,2025-11-19T14:24:25,Right-handed,Power user,20,9,38.204,7,260,left,160,80,0,268.41,265.0,0.5664
1543,979425,2025-11-19T14:24:25,Right-handed,Power user,20,9,38.204,8,360,right,160,80,0,328.57,328.01,0.6284
1544,979425,2025-11-19T14:24:25,Right-handed,Power user,20,9,38.204,9,260,left,120,60,0,276.24,276.0,0.5856
1545,979425,2025-11-19T14:24:25,Right-handed,Power user,20,9,38.204,10,360,left,80,40,0,429.36,360.05,1.3025
1546,979425,2025-11-19T14:24:25,Right-handed,Power user,20,9,38.204,11,500,left,160,80,0,543.59,543.06,0.6502
1547,979425,2025-11-19T14:24:25,Right-handed,Power user,20,9,38.204,12,180,right,120,60,0,130.1,127.32,0.6891
1548,979425,2025-11-19T14:24:25,Right-handed,Power user,20,9,38.204,13,180,right,80,40,0,189.68,189.0,0.6573
1549,979425,2025-11-19T14:24:25,Right-handed,Power user,20,9,38.204,14,360,right,120,60,0,378.66,366.02,0.6355
1550,979425,2025-11-19T14:24:25,Right-handed,Power user,20,9,38.204,15,180,left,160,80,1,478.29,131.24,0.6527
1551,979425,2025-11-19T14:24:25,Right-handed,Power user,20,9,38.204,16,360,right,80,40,0,345.0,345.0,0.7067
1552,979425,2025-11-19T14:24:25,Right-handed,Power user,20,9,38.204,17,260,right,160,80,0,194.94,194.31,0.4812
1553,979425,2025-11-19T14:24:25,Right-handed,Power user,20,9,38.204,18,500,right,40,20,0,580.92,512.02,0.9332
1554,979425,2025-11-19T14:24:25,Right-handed,Power user,20,9,38.204,19,180,right,40,20,0,172.55,172.01,1.1166
1555,979425,2025-11-19T14:24:25,Right-handed,Power user,20,9,38.204,20,500,left,80,40,0,531.04,501.0,0.6603
1556,979425,2025-11-19T14:24:25,Right-handed,Power user,20,9,38.204,21,260,right,40,20,0,259.81,256.01,0.7645
1557,979425,2025-11-19T14:24:25,Right-handed,Power user,20,9,38.204,22,500,right,160,80,0,512.06,512.0,0.6136
1558,979425,2025-11-19T14:24:25,Right-handed,Power user,20,9,38.204,23,500,right,80,40,0,484.11,483.15,0.8644
1559,979425,2025-11-19T14:24:25,Right-handed,Power user,20,9,38.204,24,360,left,160,80,0,314.01,313.27,0.711
1560,979425,2025-11-19T14:24:25,Right-handed,Power user,20,9,38.204,25,260,right,80,40,0,264.03,262.32,0.6485
1561,979425,2025-11-19T14:24:25,Right-handed,Power user,20,9,38.204,26,500,left,120,60,0,662.65,514.06,0.975
1562,979425,2025-11-19T14:24:25,Right-handed,Power user,20,9,38.204,27,260,left,80,40,0,264.06,263.05,0.7382
1563,979425,2025-11-19T14:24:25,Right-handed,Power user,20,9,38.204,28,180,left,40,20,0,195.0,195.0,0.6385
1564,979425,2025-11-19T14:24:25,Right-handed,Power user,20,9,38.204,29,260,right,120,60,0,240.0,226.0,0.5239
1565,979425,2025-11-19T14:24:25,Right-handed,Power user,20,9,38.204,30,500,right,120,60,0,461.02,461.0,0.9437
1566,979425,2025-11-19T14:24:25,Right-handed,Power user,20,9,38.204,31,180,left,120,60,0,473.24,222.02,0.9095
1567,979425,2025-11-19T14:24:25,Right-handed,Power user,20,9,38.204,32,180,left,80,40,0,156.39,156.05,0.6606
1568,979425,2025-11-19T14:24:25,Right-handed,Power user,20,10,38.2451,1,260,right,160,80,0,205.12,205.0,0.7251
1569,979425,2025-11-19T14:24:25,Right-handed,Power user,20,10,38.2451,2,180,right,40,20,0,178.08,175.03,0.7127
1570,979425,2025-11-19T14:24:25,Right-handed,Power user,20,10,38.2451,3,260,right,80,40,0,238.27,236.1,0.8915
1571,979425,2025-11-19T14:24:25,Right-handed,Power user,20,10,38.2451,4,260,left,40,20,0,275.18,250.1,1.1232
1572,979425,2025-11-19T14:24:25,Right-handed,Power user,20,10,38.2451,5,500,right,80,40,0,516.03,516.0,0.6905
1573,979425,2025-11-19T14:24:25,Right-handed,Power user,20,10,38.2451,6,360,right,80,40,0,351.35,351.04,0.753
1574,979425,2025-11-19T14:24:25,Right-handed,Power user,20,10,38.2451,7,500,left,160,80,0,514.83,513.01,0.7054
1575,979425,2025-11-19T14:24:25,Right-handed,Power user,20,10,38.2451,8,180,left,120,60,0,172.18,172.03,0.6011
1576,979425,2025-11-19T14:24:25,Right-handed,Power user,20,10,38.2451,9,500,right,120,60,0,510.63,508.02,0.6396
1577,979425,2025-11-19T14:24:25,Right-handed,Power user,20,10,38.2451,10,500,left,40,20,0,501.63,501.0,0.7173
1578,979425,2025-11-19T14:24:25,Right-handed,Power user,20,10,38.2451,11,500,left,120,60,0,467.32,467.01,0.7876
1579,979425,2025-11-19T14:24:25,Right-handed,Power user,20,10,38.2451,12,360,right,160,80,1,427.11,425.0,0.5958
1580,979425,2025-11-19T14:24:25,Right-handed,Power user,20,10,38.2451,13,360,right,120,60,0,374.09,372.01,0.6604
1581,979425,2025-11-19T14:24:25,Right-handed,Power user,20,10,38.2451,14,500,right,160,80,0,548.31,546.03,0.6997
1582,979425,2025-11-19T14:24:25,Right-handed,Power user,20,10,38.2451,15,360,left,160,80,0,304.8,304.03,0.6859
1583,979425,2025-11-19T14:24:25,Right-handed,Power user,20,10,38.2451,16,180,right,160,80,0,147.13,147.01,0.5429
1584,979425,2025-11-19T14:24:25,Right-handed,Power user,20,10,38.2451,17,180,right,120,60,0,133.52,133.0,0.6368
1585,979425,2025-11-19T14:24:25,Right-handed,Power user,20,10,38.2451,18,500,left,80,40,0,500.48,499.02,0.6763
1586,979425,2025-11-19T14:24:25,Right-handed,Power user,20,10,38.2451,19,180,left,160,80,0,143.0,143.0,0.5209
1587,979425,2025-11-19T14:24:25,Right-handed,Power user,20,10,38.2451,20,260,left,160,80,0,202.16,202.02,0.6311
1588,979425,2025-11-19T14:24:25,Right-handed,Power user,20,10,38.2451,21,360,left,40,20,0,378.25,378.01,0.8253
1589,979425,2025-11-19T14:24:25,Right-handed,Power user,20,10,38.2451,22,180,left,40,20,0,165.63,165.0,0.7706
1590,979425,2025-11-19T14:24:25,Right-handed,Power user,20,10,38.2451,23,180,left,80,40,0,143.0,143.0,0.6783
1591,979425,2025-11-19T14:24:25,Right-handed,Power user,20,10,38.2451,24,180,right,80,40,0,173.0,173.0,0.6015
1592,979425,2025-11-19T14:24:25,Right-handed,Power user,20,10,38.2451,25,360,right,40,20,1,351.15,349.01,0.7687
1593,979425,2025-11-19T14:24:25,Right-handed,Power user,20,10,38.2451,26,260,left,120,60,0,223.16,223.0,0.632
1594,979425,2025-11-19T14:24:25,Right-handed,Power user,20,10,38.2451,27,360,left,120,60,0,360.25,352.0,0.6822
1595,979425,2025-11-19T14:24:25,Right-handed,Power user,20,10,38.2451,28,360,left,80,40,0,337.12,337.0,0.6822
1596,979425,2025-11-19T14:24:25,Right-handed,Power user,20,10,38.2451,29,260,left,80,40,0,254.17,254.02,0.687
1597,979425,2025-11-19T14:24:25,Right-handed,Power user,20,10,38.2451,30,260,right,120,60,0,241.85,240.41,0.6704
1598,979425,2025-11-19T14:24:25,Right-handed,Power user,20,10,38.2451,31,260,right,40,20,0,267.57,267.0,0.6439
1599,979425,2025-11-19T14:24:25,Right-handed,Power user,20,10,38.2451,32,500,right,40,20,0,688.57,510.17,0.9608
1600,365063,2025-11-19T21:08:46,Left-handed,Casual user,30,1,87.4451,1,180,right,40,20,0,1001.91,186.01,2.7352
1601,365063,2025-11-19T21:08:46,Left-handed,Casual user,30,1,87.4451,2,360,left,80,40,0,431.41,344.0,1.1083
1602,365063,2025-11-19T21:08:46,Left-handed,Casual user,30,1,87.4451,3,180,left,40,20,0,423.1,163.2,1.6965
1603,365063,2025-11-19T21:08:46,Left-handed,Casual user,30,1,87.4451,4,360,right,40,20,1,404.75,347.01,2.0224
1604,365063,2025-11-19T21:08:46,Left-handed,Casual user,30,1,87.4451,5,500,left,160,80,0,505.54,456.0,1.143
1605,365063,2025-11-19T21:08:46,Left-handed,Casual user,30,1,87.4451,6,500,right,120,60,0,545.76,491.71,1.0531
1606,365063,2025-11-19T21:08:46,Left-handed,Casual user,30,1,87.4451,7,500,left,120,60,0,505.32,474.21,1.3887
1607,365063,2025-11-19T21:08:46,Left-handed,Casual user,30,1,87.4451,8,500,left,80,40,0,756.03,476.46,1.3199
1608,365063,2025-11-19T21:08:46,Left-handed,Casual user,30,1,87.4451,9,360,left,160,80,0,413.69,364.01,1.0244
1609,365063,2025-11-19T21:08:46,Left-handed,Casual user,30,1,87.4451,10,260,right,120,60,0,259.09,236.93,0.924
1610,365063,2025-11-19T21:08:46,Left-handed,Casual user,30,1,87.4451,11,360,right,120,60,0,577.87,411.95,1.0376
1611,365063,2025-11-19T21:08:46,Left-handed,Casual user,30,1,87.4451,12,180,left,160,80,0,141.0,126.0,0.6679
1612,365063,2025-11-19T21:08:46,Left-handed,Casual user,30,1,87.4451,13,260,left,80,40,0,251.18,247.24,1.0237
1613,365063,2025-11-19T21:08:46,Left-handed,Casual user,30,1,87.4451,14,500,right,40,20,1,680.41,492.02,1.9192
1614,365063,2025-11-19T21:08:46,Left-handed,Casual user,30,1,87.4451,15,260,left,160,80,0,234.61,216.02,0.9854
1615,365063,2025-11-19T21:08:46,Left-handed,Casual user,30,1,87.4451,16,180,left,80,40,0,200.05,176.28,0.9788
1616,365063,2025-11-19T21:08:46,Left-handed,Casual user,30,1,87.4451,17,180,right,80,40,0,171.53,166.43,0.9093
1617,365063,2025-11-19T21:08:46,Left-handed,Casual user,30,1,87.4451,18,260,right,40,20,0,374.96,271.05,1.4447
1618,365063,2025-11-19T21:08:46,Left-handed,Casual user,30,1,87.4451,19,260,right,80,40,0,370.07,274.18,1.0609
1619,365063,2025-11-19T21:08:46,Left-handed,Casual user,30,1,87.4451,20,500,left,40,20,0,729.53,502.08,2.2653
1620,365063,2025-11-19T21:08:46,Left-handed,Casual user,30,1,87.4451,21,180,right,120,60,0,158.0,153.33,0.8491
1621,365063,2025-11-19T21:08:46,Left-handed,Casual user,30,1,87.4451,22,360,right,80,40,0,345.28,330.55,0.9729
1622,365063,2025-11-19T21:08:46,Left-handed,Casual user,30,1,87.4451,23,360,left,40,20,0,508.96,369.07,1.2772
1623,365063,2025-11-19T21:08:46,Left-handed,Casual user,30,1,87.4451,24,500,right,80,40,0,632.46,505.22,1.415
1624,365063,2025-11-19T21:08:46,Left-handed,Casual user,30,1,87.4451,25,260,left,120,60,0,264.32,260.19,0.8796
1625,365063,2025-11-19T21:08:46,Left-handed,Casual user,30,1,87.4451,26,260,left,40,20,0,343.56,246.07,1.2027
1626,365063,2025-11-19T21:08:46,Left-handed,Casual user,30,1,87.4451,27,180,left,120,60,0,217.68,157.08,1.0865
1627,365063,2025-11-19T21:08:46,Left-handed,Casual user,30,1,87.4451,28,500,right,160,80,0,544.59,531.66,0.8108
1628,365063,2025-11-19T21:08:46,Left-handed,Casual user,30,1,87.4451,29,360,right,160,80,0,380.02,312.52,1.0354
1629,365063,2025-11-19T21:08:46,Left-handed,Casual user,30,1,87.4451,30,180,right,160,80,0,286.06,185.87,1.1089
1630,365063,2025-11-19T21:08:46,Left-handed,Casual user,30,1,87.4451,31,260,right,160,80,0,216.51,208.79,0.8409
1631,365063,2025-11-19T21:08:46,Left-handed,Casual user,30,1,87.4451,32,360,left,120,60,0,358.46,340.25,0.9913
1632,365063,2025-11-19T21:08:46,Left-handed,Casual user,30,2,87.4132,1,180,right,120,60,0,228.03,190.76,0.9818
1633,365063,2025-11-19T21:08:46,Left-handed,Casual user,30,2,87.4132,2,180,left,120,60,0,159.55,148.22,0.9375
1634,365063,2025-11-19T21:08:46,Left-handed,Casual user,30,2,87.4132,3,260,right,80,40,0,646.83,292.03,1.3926
1635,365063,2025-11-19T21:08:46,Left-handed,Casual user,30,2,87.4132,4,180,left,160,80,0,120.4,110.37,0.7938
1636,365063,2025-11-19T21:08:46,Left-handed,Casual user,30,2,87.4132,5,500,left,120,60,0,708.78,527.19,1.3933
1637,365063,2025-11-19T21:08:46,Left-handed,Casual user,30,2,87.4132,6,500,left,160,80,0,478.63,448.07,1.2646
1638,365063,2025-11-19T21:08:46,Left-handed,Casual user,30,2,87.4132,7,500,left,40,20,0,1421.96,504.04,2.568
1639,365063,2025-11-19T21:08:46,Left-handed,Casual user,30,2,87.4132,8,360,right,160,80,0,343.55,336.04,0.8379
1640,365063,2025-11-19T21:08:46,Left-handed,Casual user,30,2,87.4132,9,260,left,120,60,0,259.71,232.11,0.7677
1641,365063,2025-11-19T21:08:46,Left-handed,Casual user,30,2,87.4132,10,180,left,40,20,0,193.28,178.0,1.5265
1642,365063,2025-11-19T21:08:46,Left-handed,Casual user,30,2,87.4132,11,180,left,80,40,0,444.48,191.09,1.5008
1643,365063,2025-11-19T21:08:46,Left-handed,Casual user,30,2,87.4132,12,360,right,80,40,0,381.41,368.07,1.307
1644,365063,2025-11-19T21:08:46,Left-handed,Casual user,30,2,87.4132,13,360,left,40,20,0,394.45,357.09,1.0789
1645,365063,2025-11-19T21:08:46,Left-handed,Casual user,30,2,87.4132,14,360,left,160,80,0,381.79,353.75,1.2164
1646,365063,2025-11-19T21:08:46,Left-handed,Casual user,30,2,87.4132,15,500,right,80,40,0,511.29,488.33,1.2393
1647,365063,2025-11-19T21:08:46,Left-handed,Casual user,30,2,87.4132,16,360,right,120,60,0,396.46,340.04,0.9534
1648,365063,2025-11-19T21:08:46,Left-handed,Casual user,30,2,87.4132,17,500,right,160,80,0,579.61,462.02,1.0215
1649,365063,2025-11-19T21:08:46,Left-handed,Casual user,30,2,87.4132,18,260,right,160,80,0,267.63,210.95,0.9847
1650,365063,2025-11-19T21:08:46,Left-handed,Casual user,30,2,87.4132,19,260,left,160,80,0,299.2,266.0,0.7352
1651,365063,2025-11-19T21:08:46,Left-handed,Casual user,30,2,87.4132,20,260,right,120,60,0,288.68,228.37,0.8
1652,365063,2025-11-19T21:08:46,Left-handed,Casual user,30,2,87.4132,21,500,left,80,40,0,557.87,480.3,1.0761
1653,365063,2025-11-19T21:08:46,Left-handed,Casual user,30,2,87.4132,22,260,right,40,20,0,288.8,269.0,0.9994
1654,365063,2025-11-19T21:08:46,Left-handed,Casual user,30,2,87.4132,23,180,right,160,80,0,130.75,118.42,1.0434
1655,365063,2025-11-19T21:08:46,Left-handed,Casual user,30,2,87.4132,24,260,left,80,40,0,259.2,252.07,0.787
1656,365063,2025-11-19T21:08:46,Left-handed,Casual user,30,2,87.4132,25,500,right,120,60,0,505.48,472.15,1.2665
1657,365063,2025-11-19T21:08:46,Left-handed,Casual user,30,2,87.4132,26,500,right,40,20,0,701.98,495.08,1.6251
1658,365063,2025-11-19T21:08:46,Left-handed,Casual user,30,2,87.4132,27,360,right,40,20,0,469.74,347.04,1.4051
1659,365063,2025-11-19T21:08:46,Left-handed,Casual user,30,2,87.4132,28,360,left,120,60,0,386.71,360.09,1.1813
1660,365063,2025-11-19T21:08:46,Left-handed,Casual user,30,2,87.4132,29,360,left,80,40,0,434.02,359.14,1.1906
1661,365063,2025-11-19T21:08:46,Left-handed,Casual user,30,2,87.4132,30,260,left,40,20,0,428.74,246.02,1.9815
1662,365063,2025-11-19T21:08:46,Left-handed,Casual user,30,2,87.4132,31,180,right,40,20,0,204.02,181.22,1.1949
1663,365063,2025-11-19T21:08:46,Left-handed,Casual user,30,2,87.4132,32,180,right,80,40,0,274.63,188.22,1.0151
1664,365063,2025-11-19T21:08:46,Left-handed,Casual user,30,3,103.9187,1,260,right,80,40,0,288.05,248.52,1.0012
1665,365063,2025-11-19T21:08:46,Left-handed,Casual user,30,3,103.9187,2,180,left,160,80,0,170.22,163.0,0.9591
1666,365063,2025-11-19T21:08:46,Left-handed,Casual user,30,3,103.9187,3,360,left,120,60,0,365.71,340.24,1.2454
1667,365063,2025-11-19T21:08:46,Left-handed,Casual user,30,3,103.9187,4,500,right,40,20,0,519.25,487.05,1.518
1668,365063,2025-11-19T21:08:46,Left-handed,Casual user,30,3,103.9187,5,500,right,160,80,0,1984.61,477.03,15.5892
1669,365063,2025-11-19T21:08:46,Left-handed,Casual user,30,3,103.9187,6,260,right,160,80,0,524.36,287.78,1.4124
1670,365063,2025-11-19T21:08:46,Left-handed,Casual user,30,3,103.9187,7,180,right,40,20,0,220.75,186.13,1.2411
1671,365063,2025-11-19T21:08:46,Left-handed,Casual user,30,3,103.9187,8,260,left,80,40,0,252.8,242.17,1.0518
1672,365063,2025-11-19T21:08:46,Left-handed,Casual user,30,3,103.9187,9,180,right,160,80,0,124.02,110.16,0.6441
1673,365063,2025-11-19T21:08:46,Left-handed,Casual user,30,3,103.9187,10,260,left,120,60,0,265.85,236.1,0.9158
1674,365063,2025-11-19T21:08:46,Left-handed,Casual user,30,3,103.9187,11,260,left,40,20,0,507.31,257.03,1.5721
1675,365063,2025-11-19T21:08:46,Left-handed,Casual user,30,3,103.9187,12,180,left,120,60,0,177.97,163.03,1.418
1676,365063,2025-11-19T21:08:46,Left-handed,Casual user,30,3,103.9187,13,500,left,160,80,0,778.28,510.57,1.5093
1677,365063,2025-11-19T21:08:46,Left-handed,Casual user,30,3,103.9187,14,360,right,120,60,0,338.48,329.3,1.1192
1678,365063,2025-11-19T21:08:46,Left-handed,Casual user,30,3,103.9187,15,500,left,80,40,0,522.49,495.15,1.2184
1679,365063,2025-11-19T21:08:46,Left-handed,Casual user,30,3,103.9187,16,360,left,160,80,0,419.39,332.15,1.2507
1680,365063,2025-11-19T21:08:46,Left-handed,Casual user,30,3,103.9187,17,360,right,40,20,0,393.82,355.32,1.4657
1681,365063,2025-11-19T21:08:46,Left-handed,Casual user,30,3,103.9187,18,260,right,120,60,0,258.4,234.36,1.1335
1682,365063,2025-11-19T21:08:46,Left-handed,Casual user,30,3,103.9187,19,360,right,160,80,0,314.07,307.04,0.8245
1683,365063,2025-11-19T21:08:46,Left-handed,Casual user,30,3,103.9187,20,360,right,80,40,0,358.81,344.01,1.191
1684,365063,2025-11-19T21:08:46,Left-handed,Casual user,30,3,103.9187,21,360,left,40,20,0,490.44,361.09,1.8339
1685,365063,2025-11-19T21:08:46,Left-handed,Casual user,30,3,103.9187,22,180,right,120,60,0,136.77,129.06,0.7668
1686,365063,2025-11-19T21:08:46,Left-handed,Casual user,30,3,103.9187,23,180,left,40,20,0,212.64,173.29,1.1335
1687,365063,2025-11-19T21:08:46,Left-handed,Casual user,30,3,103.9187,24,260,right,40,20,0,299.27,243.13,1.057
1688,365063,2025-11-19T21:08:46,Left-handed,Casual user,30,3,103.9187,25,500,right,120,60,0,478.04,452.01,1.1441
1689,365063,2025-11-19T21:08:46,Left-handed,Casual user,30,3,103.9187,26,500,right,80,40,0,965.78,492.74,1.6878
1690,365063,2025-11-19T21:08:46,Left-handed,Casual user,30,3,103.9187,27,180,left,80,40,0,193.3,180.4,1.0824
1691,365063,2025-11-19T21:08:46,Left-handed,Casual user,30,3,103.9187,28,360,left,80,40,0,397.73,369.39,1.1045
1692,365063,2025-11-19T21:08:46,Left-handed,Casual user,30,3,103.9187,29,260,left,160,80,1,224.61,219.66,1.1581
1693,365063,2025-11-19T21:08:46,Left-handed,Casual user,30,3,103.9187,30,500,left,120,60,1,621.41,525.55,1.6679
1694,365063,2025-11-19T21:08:46,Left-handed,Casual user,30,3,103.9187,31,180,right,80,40,0,198.3,150.0,1.2822
1695,365063,2025-11-19T21:08:46,Left-handed,Casual user,30,3,103.9187,32,500,left,40,20,0,521.1,504.0,1.2316
1696,365063,2025-11-19T21:08:46,Left-handed,Casual user,30,4,73.4722,1,500,left,80,40,0,572.99,493.01,1.145
1697,365063,2025-11-19T21:08:46,Left-handed,Casual user,30,4,73.4722,2,260,right,40,20,0,267.91,253.28,1.6305
1698,365063,2025-11-19T21:08:46,Left-handed,Casual user,30,4,73.4722,3,360,left,160,80,0,372.38,358.07,1.1233
1699,365063,2025-11-19T21:08:46,Left-handed,Casual user,30,4,73.4722,4,360,right,160,80,0,307.98,300.33,0.9583
1700,365063,2025-11-19T21:08:46,Left-handed,Casual user,30,4,73.4722,5,260,right,160,80,0,226.76,214.67,0.851
1701,365063,2025-11-19T21:08:46,Left-handed,Casual user,30,4,73.4722,6,500,right,120,60,0,605.48,479.0,0.9019
1702,365063,2025-11-19T21:08:46,Left-handed,Casual user,30,4,73.4722,7,500,right,40,20,0,519.76,503.0,0.906
1703,365063,2025-11-19T21:08:46,Left-handed,Casual user,30,4,73.4722,8,360,left,40,20,0,380.72,371.01,1.5213
1704,365063,2025-11-19T21:08:46,Left-handed,Casual user,30,4,73.4722,9,180,left,40,20,0,191.26,184.01,1.1877
1705,365063,2025-11-19T21:08:46,Left-handed,Casual user,30,4,73.4722,10,500,left,120,60,0,451.28,447.25,1.0828
1706,365063,2025-11-19T21:08:46,Left-handed,Casual user,30,4,73.4722,11,360,left,120,60,0,317.91,313.16,1.0942
1707,365063,2025-11-19T21:08:46,Left-handed,Casual user,30,4,73.4722,12,180,right,160,80,0,149.48,148.08,0.7472
1708,365063,2025-11-19T21:08:46,Left-handed,Casual user,30,4,73.4722,13,180,left,80,40,0,191.94,191.51,0.8061
1709,365063,2025-11-19T21:08:46,Left-handed,Casual user,30,4,73.4722,14,180,right,120,60,0,145.25,136.47,0.9274
1710,365063,2025-11-19T21:08:46,Left-handed,Casual user,30,4,73.4722,15,260,left,120,60,0,252.58,249.16,1.1331
1711,365063,2025-11-19T21:08:46,Left-handed,Casual user,30,4,73.4722,16,360,right,80,40,0,402.62,372.07,1.104
1712,365063,2025-11-19T21:08:46,Left-handed,Casual user,30,4,73.4722,17,180,right,40,20,0,203.54,198.0,1.1014
1713,365063,2025-11-19T21:08:46,Left-handed,Casual user,30,4,73.4722,18,360,left,80,40,0,343.66,329.22,0.9887
1714,365063,2025-11-19T21:08:46,Left-handed,Casual user,30,4,73.4722,19,260,left,40,20,0,282.01,259.23,1.161
1715,365063,2025-11-19T21:08:46,Left-handed,Casual user,30,4,73.4722,20,360,right,120,60,0,307.96,302.01,0.8742
1716,365063,2025-11-19T21:08:46,Left-handed,Casual user,30,4,73.4722,21,500,left,40,20,1,567.37,511.0,2.0228
1717,365063,2025-11-19T21:08:46,Left-handed,Casual user,30,4,73.4722,22,260,left,80,40,0,247.33,243.01,1.2338
1718,365063,2025-11-19T21:08:46,Left-handed,Casual user,30,4,73.4722,23,260,right,80,40,2,339.69,292.14,2.4881
1719,365063,2025-11-19T21:08:46,Left-handed,Casual user,30,4,73.4722,24,500,left,160,80,0,477.25,469.18,1.1975
1720,365063,2025-11-19T21:08:46,Left-handed,Casual user,30,4,73.4722,25,260,right,120,60,0,219.64,214.83,0.7792
1721,365063,2025-11-19T21:08:46,Left-handed,Casual user,30,4,73.4722,26,180,left,120,60,0,154.42,153.94,0.7006
1722,365063,2025-11-19T21:08:46,Left-handed,Casual user,30,4,73.4722,27,180,left,160,80,0,146.04,146.0,0.7539
1723,365063,2025-11-19T21:08:46,Left-handed,Casual user,30,4,73.4722,28,360,right,40,20,0,366.15,358.07,1.2792
1724,365063,2025-11-19T21:08:46,Left-handed,Casual user,30,4,73.4722,29,180,right,80,40,0,172.87,171.05,0.9656
1725,365063,2025-11-19T21:08:46,Left-handed,Casual user,30,4,73.4722,30,500,right,80,40,0,498.08,494.04,1.2071
1726,365063,2025-11-19T21:08:46,Left-handed,Casual user,30,4,73.4722,31,500,right,160,80,0,494.23,491.1,0.8252
1727,365063,2025-11-19T21:08:46,Left-handed,Casual user,30,4,73.4722,32,260,left,160,80,0,251.17,241.25,0.7617
1728,365063,2025-11-19T21:08:46,Left-handed,Casual user,30,5,94.2412,1,360,left,40,20,0,462.72,362.23,1.6144
1729,365063,2025-11-19T21:08:46,Left-handed,Casual user,30,5,94.2412,2,260,left,120,60,0,499.42,283.11,1.2045
1730,365063,2025-11-19T21:08:46,Left-handed,Casual user,30,5,94.2412,3,500,right,80,40,0,750.64,472.01,2.5581
1731,365063,2025-11-19T21:08:46,Left-handed,Casual user,30,5,94.2412,4,180,left,40,20,0,388.12,189.21,3.6424
1732,365063,2025-11-19T21:08:46,Left-handed,Casual user,30,5,94.2412,5,500,right,40,20,6,1744.19,495.0,2.7054
1733,365063,2025-11-19T21:08:46,Left-handed,Casual user,30,5,94.2412,6,260,left,160,80,1,770.82,214.67,1.4712
1734,365063,2025-11-19T21:08:46,Left-handed,Casual user,30,5,94.2412,7,360,left,120,60,0,3523.84,371.0,2.3624
1735,365063,2025-11-19T21:08:46,Left-handed,Casual user,30,5,94.2412,8,180,left,160,80,0,384.79,240.1,0.9425
1736,365063,2025-11-19T21:08:46,Left-handed,Casual user,30,5,94.2412,9,360,right,80,40,0,407.15,372.03,1.2085
1737,365063,2025-11-19T21:08:46,Left-handed,Casual user,30,5,94.2412,10,180,right,120,60,0,256.46,153.08,0.9833
1738,365063,2025-11-19T21:08:46,Left-handed,Casual user,30,5,94.2412,11,360,left,80,40,0,337.15,326.0,1.0325
1739,365063,2025-11-19T21:08:46,Left-handed,Casual user,30,5,94.2412,12,500,left,160,80,0,708.8,548.3,1.547
1740,365063,2025-11-19T21:08:46,Left-handed,Casual user,30,5,94.2412,13,500,left,120,60,1,504.02,472.09,1.516
1741,365063,2025-11-19T21:08:46,Left-handed,Casual user,30,5,94.2412,14,260,right,80,40,0,252.12,240.01,1.2606
1742,365063,2025-11-19T21:08:46,Left-handed,Casual user,30,5,94.2412,15,500,left,80,40,1,644.3,536.01,2.5811
1743,365063,2025-11-19T21:08:46,Left-handed,Casual user,30,5,94.2412,16,180,right,160,80,0,125.39,123.98,0.6689
1744,365063,2025-11-19T21:08:46,Left-handed,Casual user,30,5,94.2412,17,360,right,120,60,1,398.48,377.13,1.3026
1745,365063,2025-11-19T21:08:46,Left-handed,Casual user,30,5,94.2412,18,260,left,40,20,0,317.64,267.23,1.0584
1746,365063,2025-11-19T21:08:46,Left-handed,Casual user,30,5,94.2412,19,260,right,160,80,1,223.54,216.11,1.3835
1747,365063,2025-11-19T21:08:46,Left-handed,Casual user,30,5,94.2412,20,260,left,80,40,0,267.59,260.09,0.9684
1748,365063,2025-11-19T21:08:46,Left-handed,Casual user,30,5,94.2412,21,180,right,40,20,0,219.89,188.07,1.7888
1749,365063,2025-11-19T21:08:46,Left-handed,Casual user,30,5,94.2412,22,180,left,120,60,0,204.64,193.0,0.8235
1750,365063,2025-11-19T21:08:46,Left-handed,Casual user,30,5,94.2412,23,180,left,80,40,0,152.11,149.01,1.0212
1751,365063,2025-11-19T21:08:46,Left-handed,Casual user,30,5,94.2412,24,360,right,40,20,0,343.17,341.0,1.2167
1752,365063,2025-11-19T21:08:46,Left-handed,Casual user,30,5,94.2412,25,360,right,160,80,0,336.62,323.01,0.9517
1753,365063,2025-11-19T21:08:46,Left-handed,Casual user,30,5,94.2412,26,260,right,40,20,0,271.44,259.01,1.2723
1754,365063,2025-11-19T21:08:46,Left-handed,Casual user,30,5,94.2412,27,260,right,120,60,0,306.35,295.02,0.8889
1755,365063,2025-11-19T21:08:46,Left-handed,Casual user,30,5,94.2412,28,500,right,160,80,0,456.43,451.04,1.0275
1756,365063,2025-11-19T21:08:46,Left-handed,Casual user,30,5,94.2412,29,500,left,40,20,0,524.84,505.02,1.2694
1757,365063,2025-11-19T21:08:46,Left-handed,Casual user,30,5,94.2412,30,500,right,120,60,0,472.61,469.0,1.0907
1758,365063,2025-11-19T21:08:46,Left-handed,Casual user,30,5,94.2412,31,360,left,160,80,0,347.93,347.04,0.7589
1759,365063,2025-11-19T21:08:46,Left-handed,Casual user,30,5,94.2412,32,180,right,80,40,0,166.82,166.01,0.9423
1760,365063,2025-11-19T21:08:46,Left-handed,Casual user,30,6,83.3089,1,500,right,120,60,0,446.2,441.0,0.925
1761,365063,2025-11-19T21:08:46,Left-handed,Casual user,30,6,83.3089,2,360,left,80,40,0,351.12,339.25,1.036
1762,365063,2025-11-19T21:08:46,Left-handed,Casual user,30,6,83.3089,3,360,left,40,20,0,394.27,362.05,1.4022
1763,365063,2025-11-19T21:08:46,Left-handed,Casual user,30,6,83.3089,4,260,left,120,60,0,315.69,278.01,0.9039
1764,365063,2025-11-19T21:08:46,Left-handed,Casual user,30,6,83.3089,5,360,right,80,40,0,367.55,361.07,1.2858
1765,365063,2025-11-19T21:08:46,Left-handed,Casual user,30,6,83.3089,6,500,left,120,60,0,462.41,459.03,0.9932
1766,365063,2025-11-19T21:08:46,Left-handed,Casual user,30,6,83.3089,7,500,left,80,40,1,674.25,520.0,1.835
1767,365063,2025-11-19T21:08:46,Left-handed,Casual user,30,6,83.3089,8,360,left,120,60,0,382.88,365.23,1.8207
1768,365063,2025-11-19T21:08:46,Left-handed,Casual user,30,6,83.3089,9,260,right,80,40,0,246.57,227.64,0.8696
1769,365063,2025-11-19T21:08:46,Left-handed,Casual user,30,6,83.3089,10,180,left,160,80,0,129.36,124.02,0.8386
1770,365063,2025-11-19T21:08:46,Left-handed,Casual user,30,6,83.3089,11,500,right,160,80,0,470.78,469.05,0.9188
1771,365063,2025-11-19T21:08:46,Left-handed,Casual user,30,6,83.3089,12,260,right,120,60,0,281.46,270.22,1.0016
1772,365063,2025-11-19T21:08:46,Left-handed,Casual user,30,6,83.3089,13,360,right,40,20,0,382.65,359.05,1.4437
1773,365063,2025-11-19T21:08:46,Left-handed,Casual user,30,6,83.3089,14,180,right,80,40,0,188.09,154.0,1.3299
1774,365063,2025-11-19T21:08:46,Left-handed,Casual user,30,6,83.3089,15,180,right,120,60,0,203.55,162.03,0.8176
1775,365063,2025-11-19T21:08:46,Left-handed,Casual user,30,6,83.3089,16,360,right,160,80,0,325.56,298.0,0.9744
1776,365063,2025-11-19T21:08:46,Left-handed,Casual user,30,6,83.3089,17,260,right,40,20,0,268.5,258.01,0.9667
1777,365063,2025-11-19T21:08:46,Left-handed,Casual user,30,6,83.3089,18,500,left,40,20,0,542.69,497.06,1.4366
1778,365063,2025-11-19T21:08:46,Left-handed,Casual user,30,6,83.3089,19,500,left,160,80,0,533.95,516.03,0.8856
1779,365063,2025-11-19T21:08:46,Left-handed,Casual user,30,6,83.3089,20,180,left,120,60,0,175.91,148.01,0.8652
1780,365063,2025-11-19T21:08:46,Left-handed,Casual user,30,6,83.3089,21,360,right,120,60,0,451.5,354.24,1.1135
1781,365063,2025-11-19T21:08:46,Left-handed,Casual user,30,6,83.3089,22,360,left,160,80,0,356.56,327.1,0.8133
1782,365063,2025-11-19T21:08:46,Left-handed,Casual user,30,6,83.3089,23,180,left,40,20,0,208.99,189.1,1.1285
1783,365063,2025-11-19T21:08:46,Left-handed,Casual user,30,6,83.3089,24,260,left,40,20,0,262.33,245.0,1.0507
1784,365063,2025-11-19T21:08:46,Left-handed,Casual user,30,6,83.3089,25,500,right,80,40,0,517.52,506.01,0.9617
1785,365063,2025-11-19T21:08:46,Left-handed,Casual user,30,6,83.3089,26,180,left,80,40,0,319.7,151.21,0.9416
1786,365063,2025-11-19T21:08:46,Left-handed,Casual user,30,6,83.3089,27,260,left,160,80,0,190.63,187.01,0.8198
1787,365063,2025-11-19T21:08:46,Left-handed,Casual user,30,6,83.3089,28,180,right,160,80,0,221.34,203.16,0.6056
1788,365063,2025-11-19T21:08:46,Left-handed,Casual user,30,6,83.3089,29,500,right,40,20,1,549.81,505.01,1.7309
1789,365063,2025-11-19T21:08:46,Left-handed,Casual user,30,6,83.3089,30,260,right,160,80,0,323.44,310.04,0.9699
1790,365063,2025-11-19T21:08:46,Left-handed,Casual user,30,6,83.3089,31,260,left,80,40,0,356.47,262.03,1.2102
1791,365063,2025-11-19T21:08:46,Left-handed,Casual user,30,6,83.3089,32,180,right,40,20,0,203.87,170.14,0.9623
1792,365063,2025-11-19T21:08:46,Left-handed,Casual user,30,7,79.6542,1,500,right,40,20,0,523.68,486.1,1.2212
1793,365063,2025-11-19T21:08:46,Left-handed,Casual user,30,7,79.6542,2,260,left,40,20,0,315.11,261.03,1.2155
1794,365063,2025-11-19T21:08:46,Left-handed,Casual user,30,7,79.6542,3,180,left,160,80,0,229.5,184.78,0.9379
1795,365063,2025-11-19T21:08:46,Left-handed,Casual user,30,7,79.6542,4,500,left,40,20,0,708.14,489.23,1.4628
1796,365063,2025-11-19T21:08:46,Left-handed,Casual user,30,7,79.6542,5,260,left,160,80,0,247.35,202.25,0.6718
1797,365063,2025-11-19T21:08:46,Left-handed,Casual user,30,7,79.6542,6,260,right,120,60,0,367.58,278.01,1.021
1798,365063,2025-11-19T21:08:46,Left-handed,Casual user,30,7,79.6542,7,360,left,160,80,1,345.2,314.16,1.1832
1799,365063,2025-11-19T21:08:46,Left-handed,Casual user,30,7,79.6542,8,500,right,160,80,0,699.17,528.34,1.1388
1800,365063,2025-11-19T21:08:46,Left-handed,Casual user,30,7,79.6542,9,360,right,120,60,0,405.46,335.54,1.0177
1801,365063,2025-11-19T21:08:46,Left-handed,Casual user,30,7,79.6542,10,360,left,40,20,0,397.79,347.02,0.8896
1802,365063,2025-11-19T21:08:46,Left-handed,Casual user,30,7,79.6542,11,360,left,80,40,0,445.35,355.05,1.0564
1803,365063,2025-11-19T21:08:46,Left-handed,Casual user,30,7,79.6542,12,500,right,120,60,0,1003.79,455.11,1.4133
1804,365063,2025-11-19T21:08:46,Left-handed,Casual user,30,7,79.6542,13,500,right,80,40,0,727.44,524.1,1.1686
1805,365063,2025-11-19T21:08:46,Left-handed,Casual user,30,7,79.6542,14,360,right,80,40,0,467.69,373.09,1.1107
1806,365063,2025-11-19T21:08:46,Left-handed,Casual user,30,7,79.6542,15,360,right,160,80,0,393.82,384.69,1.0136
1807,365063,2025-11-19T21:08:46,Left-handed,Casual user,30,7,79.6542,16,180,right,160,80,0,198.77,177.63,1.0105
1808,365063,2025-11-19T21:08:46,Left-handed,Casual user,30,7,79.6542,17,500,left,120,60,1,640.34,467.27,1.5142
1809,365063,2025-11-19T21:08:46,Left-handed,Casual user,30,7,79.6542,18,180,right,40,20,0,253.45,189.02,0.9126
1810,365063,2025-11-19T21:08:46,Left-handed,Casual user,30,7,79.6542,19,180,left,40,20,0,300.07,185.61,1.0074
1811,365063,2025-11-19T21:08:46,Left-handed,Casual user,30,7,79.6542,20,180,right,120,60,0,190.23,161.0,0.812
1812,365063,2025-11-19T21:08:46,Left-handed,Casual user,30,7,79.6542,21,500,left,80,40,0,515.77,478.13,1.079
1813,365063,2025-11-19T21:08:46,Left-handed,Casual user,30,7,79.6542,22,180,left,80,40,0,168.45,145.34,0.9408
1814,365063,2025-11-19T21:08:46,Left-handed,Casual user,30,7,79.6542,23,360,right,40,20,0,422.0,351.0,1.2294
1815,365063,2025-11-19T21:08:46,Left-handed,Casual user,30,7,79.6542,24,260,right,160,80,0,243.5,234.23,0.7255
1816,365063,2025-11-19T21:08:46,Left-handed,Casual user,30,7,79.6542,25,260,left,80,40,0,433.67,277.74,1.2624
1817,365063,2025-11-19T21:08:46,Left-handed,Casual user,30,7,79.6542,26,260,right,80,40,1,465.22,294.14,1.6755
1818,365063,2025-11-19T21:08:46,Left-handed,Casual user,30,7,79.6542,27,360,left,120,60,0,371.66,353.2,1.0425
1819,365063,2025-11-19T21:08:46,Left-handed,Casual user,30,7,79.6542,28,180,left,120,60,0,149.3,138.03,0.9299
1820,365063,2025-11-19T21:08:46,Left-handed,Casual user,30,7,79.6542,29,500,left,160,80,0,548.37,530.59,1.0387
1821,365063,2025-11-19T21:08:46,Left-handed,Casual user,30,7,79.6542,30,180,right,80,40,0,985.39,207.54,1.2831
1822,365063,2025-11-19T21:08:46,Left-handed,Casual user,30,7,79.6542,31,260,left,120,60,0,351.54,295.49,0.718
1823,365063,2025-11-19T21:08:46,Left-handed,Casual user,30,7,79.6542,32,260,right,40,20,0,506.04,265.02,1.2228
1824,365063,2025-11-19T21:08:46,Left-handed,Casual user,30,8,92.7537,1,360,right,80,40,0,395.11,389.05,0.8653
1825,365063,2025-11-19T21:08:46,Left-handed,Casual user,30,8,92.7537,2,500,right,160,80,0,594.11,482.41,1.1261
1826,365063,2025-11-19T21:08:46,Left-handed,Casual user,30,8,92.7537,3,500,left,160,80,0,588.5,533.34,0.994
1827,365063,2025-11-19T21:08:46,Left-handed,Casual user,30,8,92.7537,4,180,right,40,20,0,179.13,170.0,0.9922
1828,365063,2025-11-19T21:08:46,Left-handed,Casual user,30,8,92.7537,5,360,left,80,40,0,375.88,370.01,0.9469
1829,365063,2025-11-19T21:08:46,Left-handed,Casual user,30,8,92.7537,6,360,left,160,80,0,389.57,369.01,0.9158
1830,365063,2025-11-19T21:08:46,Left-handed,Casual user,30,8,92.7537,7,360,right,40,20,0,393.0,357.07,1.1631
1831,365063,2025-11-19T21:08:46,Left-handed,Casual user,30,8,92.7537,8,260,right,80,40,0,309.5,281.3,1.1639
1832,365063,2025-11-19T21:08:46,Left-handed,Casual user,30,8,92.7537,9,260,right,40,20,0,891.81,243.05,2.1245
1833,365063,2025-11-19T21:08:46,Left-handed,Casual user,30,8,92.7537,10,260,left,160,80,0,334.33,268.05,2.8679
1834,365063,2025-11-19T21:08:46,Left-handed,Casual user,30,8,92.7537,11,180,right,160,80,1,229.27,118.26,1.0868
1835,365063,2025-11-19T21:08:46,Left-handed,Casual user,30,8,92.7537,12,360,left,120,60,0,546.85,388.05,1.5709
1836,365063,2025-11-19T21:08:46,Left-handed,Casual user,30,8,92.7537,13,500,right,120,60,0,569.24,474.0,1.3369
1837,365063,2025-11-19T21:08:46,Left-handed,Casual user,30,8,92.7537,14,500,left,40,20,0,527.43,494.0,0.9713
1838,365063,2025-11-19T21:08:46,Left-handed,Casual user,30,8,92.7537,15,500,right,40,20,0,579.98,486.04,1.1552
1839,365063,2025-11-19T21:08:46,Left-handed,Casual user,30,8,92.7537,16,500,right,80,40,0,873.24,484.2,1.7956
1840,365063,2025-11-19T21:08:46,Left-handed,Casual user,30,8,92.7537,17,360,right,160,80,0,331.62,328.57,0.8227
1841,365063,2025-11-19T21:08:46,Left-handed,Casual user,30,8,92.7537,18,180,left,80,40,0,283.27,199.3,1.1803
1842,365063,2025-11-19T21:08:46,Left-handed,Casual user,30,8,92.7537,19,260,right,160,80,0,313.59,226.27,0.889
1843,365063,2025-11-19T21:08:46,Left-handed,Casual user,30,8,92.7537,20,260,left,40,20,0,495.58,251.0,1.907
1844,365063,2025-11-19T21:08:46,Left-handed,Casual user,30,8,92.7537,21,360,left,40,20,0,388.11,365.11,1.2788
1845,365063,2025-11-19T21:08:46,Left-handed,Casual user,30,8,92.7537,22,180,right,120,60,0,137.04,131.1,0.6661
1846,365063,2025-11-19T21:08:46,Left-handed,Casual user,30,8,92.7537,23,360,right,120,60,0,376.19,354.07,0.8894
1847,365063,2025-11-19T21:08:46,Left-handed,Casual user,30,8,92.7537,24,180,left,120,60,0,223.65,132.09,0.6958
1848,365063,2025-11-19T21:08:46,Left-handed,Casual user,30,8,92.7537,25,500,left,120,60,0,496.36,475.0,0.8355
1849,365063,2025-11-19T21:08:46,Left-handed,Casual user,30,8,92.7537,26,260,right,120,60,0,428.72,286.01,0.7484
1850,365063,2025-11-19T21:08:46,Left-handed,Casual user,30,8,92.7537,27,180,left,160,80,0,304.68,168.24,0.6759
1851,365063,2025-11-19T21:08:46,Left-handed,Casual user,30,8,92.7537,28,180,left,40,20,0,191.38,179.03,1.3174
1852,365063,2025-11-19T21:08:46,Left-handed,Casual user,30,8,92.7537,29,260,left,120,60,0,294.0,253.28,1.12
1853,365063,2025-11-19T21:08:46,Left-handed,Casual user,30,8,92.7537,30,500,left,80,40,0,599.86,492.59,1.484
1854,365063,2025-11-19T21:08:46,Left-handed,Casual user,30,8,92.7537,31,260,left,80,40,0,315.77,278.4,1.2153
1855,365063,2025-11-19T21:08:46,Left-handed,Casual user,30,8,92.7537,32,180,right,80,40,1,184.51,165.03,1.4082
1856,365063,2025-11-19T21:08:46,Left-handed,Casual user,30,9,82.5785,1,500,right,40,20,0,500.38,485.02,0.93
1857,365063,2025-11-19T21:08:46,Left-handed,Casual user,30,9,82.5785,2,180,left,160,80,0,186.62,165.0,0.6914
1858,365063,2025-11-19T21:08:46,Left-handed,Casual user,30,9,82.5785,3,260,right,120,60,0,484.5,258.01,1.3246
1859,365063,2025-11-19T21:08:46,Left-handed,Casual user,30,9,82.5785,4,180,right,40,20,0,184.76,169.05,1.3649
1860,365063,2025-11-19T21:08:46,Left-handed,Casual user,30,9,82.5785,5,180,right,80,40,0,240.69,188.38,0.983
1861,365063,2025-11-19T21:08:46,Left-handed,Casual user,30,9,82.5785,6,360,right,40,20,0,484.0,345.05,1.3763
1862,365063,2025-11-19T21:08:46,Left-handed,Casual user,30,9,82.5785,7,500,left,80,40,0,741.24,513.0,1.642
1863,365063,2025-11-19T21:08:46,Left-handed,Casual user,30,9,82.5785,8,180,right,160,80,0,395.28,177.63,0.7339
1864,365063,2025-11-19T21:08:46,Left-handed,Casual user,30,9,82.5785,9,360,right,160,80,0,549.69,349.01,1.3366
1865,365063,2025-11-19T21:08:46,Left-handed,Casual user,30,9,82.5785,10,180,left,120,60,0,214.01,177.0,0.7866
1866,365063,2025-11-19T21:08:46,Left-handed,Casual user,30,9,82.5785,11,260,left,80,40,0,568.24,279.18,1.2882
1867,365063,2025-11-19T21:08:46,Left-handed,Casual user,30,9,82.5785,12,500,left,40,20,0,644.06,507.1,1.307
1868,365063,2025-11-19T21:08:46,Left-handed,Casual user,30,9,82.5785,13,500,right,120,60,0,869.45,482.05,0.9367
1869,365063,2025-11-19T21:08:46,Left-handed,Casual user,30,9,82.5785,14,360,left,80,40,0,463.46,335.05,1.2648
1870,365063,2025-11-19T21:08:46,Left-handed,Casual user,30,9,82.5785,15,260,left,40,20,0,485.68,268.0,1.6454
1871,365063,2025-11-19T21:08:46,Left-handed,Casual user,30,9,82.5785,16,360,right,120,60,0,565.6,376.07,1.1574
1872,365063,2025-11-19T21:08:46,Left-handed,Casual user,30,9,82.5785,17,260,left,120,60,0,226.67,224.14,0.6288
1873,365063,2025-11-19T21:08:46,Left-handed,Casual user,30,9,82.5785,18,360,right,80,40,0,454.64,379.0,1.1824
1874,365063,2025-11-19T21:08:46,Left-handed,Casual user,30,9,82.5785,19,360,left,120,60,0,348.54,340.01,0.7321
1875,365063,2025-11-19T21:08:46,Left-handed,Casual user,30,9,82.5785,20,180,left,80,40,0,192.47,175.0,0.661
1876,365063,2025-11-19T21:08:46,Left-handed,Casual user,30,9,82.5785,21,500,left,160,80,0,544.9,498.01,1.0049
1877,365063,2025-11-19T21:08:46,Left-handed,Casual user,30,9,82.5785,22,360,left,160,80,0,478.19,406.02,0.6974
1878,365063,2025-11-19T21:08:46,Left-handed,Casual user,30,9,82.5785,23,500,right,80,40,0,534.7,521.14,0.9231
1879,365063,2025-11-19T21:08:46,Left-handed,Casual user,30,9,82.5785,24,500,left,120,60,0,820.37,483.26,1.1125
1880,365063,2025-11-19T21:08:46,Left-handed,Casual user,30,9,82.5785,25,500,right,160,80,1,560.51,485.0,1.2997
1881,365063,2025-11-19T21:08:46,Left-handed,Casual user,30,9,82.5785,26,360,left,40,20,0,407.37,355.11,1.0628
1882,365063,2025-11-19T21:08:46,Left-handed,Casual user,30,9,82.5785,27,260,right,80,40,1,393.51,246.25,1.3901
1883,365063,2025-11-19T21:08:46,Left-handed,Casual user,30,9,82.5785,28,260,right,40,20,0,276.74,256.01,1.2013
1884,365063,2025-11-19T21:08:46,Left-handed,Casual user,30,9,82.5785,29,260,right,160,80,0,245.17,181.22,1.0208
1885,365063,2025-11-19T21:08:46,Left-handed,Casual user,30,9,82.5785,30,180,right,120,60,0,223.85,168.32,1.0344
1886,365063,2025-11-19T21:08:46,Left-handed,Casual user,30,9,82.5785,31,260,left,160,80,0,299.31,224.98,0.9692
1887,365063,2025-11-19T21:08:46,Left-handed,Casual user,30,9,82.5785,32,180,left,40,20,0,262.71,183.13,1.0892
1888,365063,2025-11-19T21:08:46,Left-handed,Casual user,30,10,76.0024,1,500,right,40,20,1,554.46,483.01,2.4933
1889,365063,2025-11-19T21:08:46,Left-handed,Casual user,30,10,76.0024,2,260,left,120,60,0,2815.34,246.17,3.3871
1890,365063,2025-11-19T21:08:46,Left-handed,Casual user,30,10,76.0024,3,360,right,40,20,0,424.06,368.16,1.0858
1891,365063,2025-11-19T21:08:46,Left-handed,Casual user,30,10,76.0024,4,360,right,160,80,0,457.99,328.2,0.7042
1892,365063,2025-11-19T21:08:46,Left-handed,Casual user,30,10,76.0024,5,360,right,80,40,0,369.8,369.05,0.8802
1893,365063,2025-11-19T21:08:46,Left-handed,Casual user,30,10,76.0024,6,500,left,80,40,0,565.64,503.04,1.0118
1894,365063,2025-11-19T21:08:46,Left-handed,Casual user,30,10,76.0024,7,500,left,40,20,0,500.02,488.0,0.9679
1895,365063,2025-11-19T21:08:46,Left-handed,Casual user,30,10,76.0024,8,360,left,120,60,0,480.31,381.01,1.111
1896,365063,2025-11-19T21:08:46,Left-handed,Casual user,30,10,76.0024,9,180,right,160,80,0,560.83,170.06,0.8386
1897,365063,2025-11-19T21:08:46,Left-handed,Casual user,30,10,76.0024,10,180,right,120,60,0,190.05,189.21,0.6267
1898,365063,2025-11-19T21:08:46,Left-handed,Casual user,30,10,76.0024,11,360,right,120,60,0,436.07,351.01,0.9813
1899,365063,2025-11-19T21:08:46,Left-handed,Casual user,30,10,76.0024,12,180,left,120,60,0,188.27,158.0,0.6987
1900,365063,2025-11-19T21:08:46,Left-handed,Casual user,30,10,76.0024,13,260,left,40,20,0,312.05,255.05,1.2451
1901,365063,2025-11-19T21:08:46,Left-handed,Casual user,30,10,76.0024,14,500,right,80,40,0,517.44,512.0,0.9776
1902,365063,2025-11-19T21:08:46,Left-handed,Casual user,30,10,76.0024,15,180,left,160,80,0,128.1,128.0,0.5675
1903,365063,2025-11-19T21:08:46,Left-handed,Casual user,30,10,76.0024,16,180,right,80,40,0,253.57,179.01,1.1218
1904,365063,2025-11-19T21:08:46,Left-handed,Casual user,30,10,76.0024,17,260,right,160,80,0,229.73,219.18,0.783
1905,365063,2025-11-19T21:08:46,Left-handed,Casual user,30,10,76.0024,18,360,left,40,20,0,399.57,374.01,0.9656
1906,365063,2025-11-19T21:08:46,Left-handed,Casual user,30,10,76.0024,19,260,right,120,60,0,227.79,223.0,0.9275
1907,365063,2025-11-19T21:08:46,Left-handed,Casual user,30,10,76.0024,20,260,left,80,40,0,251.0,246.0,0.6594
1908,365063,2025-11-19T21:08:46,Left-handed,Casual user,30,10,76.0024,21,180,left,80,40,0,305.96,206.01,1.4349
1909,365063,2025-11-19T21:08:46,Left-handed,Casual user,30,10,76.0024,22,500,left,160,80,0,477.69,471.0,0.869
1910,365063,2025-11-19T21:08:46,Left-handed,Casual user,30,10,76.0024,23,360,left,80,40,0,463.98,379.03,0.808
1911,365063,2025-11-19T21:08:46,Left-handed,Casual user,30,10,76.0024,24,500,left,120,60,0,606.46,522.02,1.0312
1912,365063,2025-11-19T21:08:46,Left-handed,Casual user,30,10,76.0024,25,360,left,160,80,0,405.51,359.02,0.8848
1913,365063,2025-11-19T21:08:46,Left-handed,Casual user,30,10,76.0024,26,180,left,40,20,1,405.56,190.04,1.4795
1914,365063,2025-11-19T21:08:46,Left-handed,Casual user,30,10,76.0024,27,260,left,160,80,0,211.11,209.61,0.7672
1915,365063,2025-11-19T21:08:46,Left-handed,Casual user,30,10,76.0024,28,500,right,160,80,0,598.1,454.07,1.0915
1916,365063,2025-11-19T21:08:46,Left-handed,Casual user,30,10,76.0024,29,260,right,40,20,0,430.16,264.09,1.0642
1917,365063,2025-11-19T21:08:46,Left-handed,Casual user,30,10,76.0024,30,500,right,120,60,0,477.27,474.03,0.8031
1918,365063,2025-11-19T21:08:46,Left-handed,Casual user,30,10,76.0024,31,260,right,80,40,0,257.45,253.0,1.058
1919,365063,2025-11-19T21:08:46,Left-handed,Casual user,30,10,76.0024,32,180,right,40,20,0,179.39,179.07,1.0466
1920,938161,2025-11-17T13:54:17,Right-handed,Regular user,24,1,52.5583,1,260,right,160,80,0,289.64,287.17,0.7164
1921,938161,2025-11-17T13:54:17,Right-handed,Regular user,24,1,52.5583,2,360,left,120,60,0,347.83,347.01,0.8458
1922,938161,2025-11-17T13:54:17,Right-handed,Regular user,24,1,52.5583,3,260,left,80,40,0,239.77,239.01,1.2713
1923,938161,2025-11-17T13:54:17,Right-handed,Regular user,24,1,52.5583,4,180,left,120,60,0,173.0,172.0,1.2759
1924,938161,2025-11-17T13:54:17,Right-handed,Regular user,24,1,52.5583,5,360,right,40,20,0,449.25,359.0,1.3897
1925,938161,2025-11-17T13:54:17,Right-handed,Regular user,24,1,52.5583,6,500,right,80,40,0,490.33,486.05,1.281
1926,938161,2025-11-17T13:54:17,Right-handed,Regular user,24,1,52.5583,7,260,right,120,60,0,243.6,242.05,0.8871
1927,938161,2025-11-17T13:54:17,Right-handed,Regular user,24,1,52.5583,8,180,right,80,40,0,297.38,184.0,1.0674
1928,938161,2025-11-17T13:54:17,Right-handed,Regular user,24,1,52.5583,9,180,left,80,40,0,182.55,181.1,0.9942
1929,938161,2025-11-17T13:54:17,Right-handed,Regular user,24,1,52.5583,10,500,left,120,60,0,544.04,532.06,1.2896
1930,938161,2025-11-17T13:54:17,Right-handed,Regular user,24,1,52.5583,11,360,left,160,80,0,342.41,341.15,0.9036
1931,938161,2025-11-17T13:54:17,Right-handed,Regular user,24,1,52.5583,12,500,left,160,80,0,508.8,504.0,0.9804
1932,938161,2025-11-17T13:54:17,Right-handed,Regular user,24,1,52.5583,13,260,left,120,60,0,249.01,245.2,0.7775
1933,938161,2025-11-17T13:54:17,Right-handed,Regular user,24,1,52.5583,14,500,left,80,40,0,751.78,516.0,1.5342
1934,938161,2025-11-17T13:54:17,Right-handed,Regular user,24,1,52.5583,15,180,left,160,80,0,154.18,151.86,0.7203
1935,938161,2025-11-17T13:54:17,Right-handed,Regular user,24,1,52.5583,16,260,right,40,20,0,265.32,265.01,0.8966
1936,938161,2025-11-17T13:54:17,Right-handed,Regular user,24,1,52.5583,17,500,right,40,20,0,503.0,503.0,0.9514
1937,938161,2025-11-17T13:54:17,Right-handed,Regular user,24,1,52.5583,18,360,right,120,60,0,322.25,322.01,0.9261
1938,938161,2025-11-17T13:54:17,Right-handed,Regular user,24,1,52.5583,19,360,left,80,40,0,471.47,375.39,1.032
1939,938161,2025-11-17T13:54:17,Right-handed,Regular user,24,1,52.5583,20,180,right,120,60,0,176.5,173.29,0.7928
1940,938161,2025-11-17T13:54:17,Right-handed,Regular user,24,1,52.5583,21,500,right,120,60,0,511.02,508.1,0.9541
1941,938161,2025-11-17T13:54:17,Right-handed,Regular user,24,1,52.5583,22,500,right,160,80,0,454.39,454.0,0.8641
1942,938161,2025-11-17T13:54:17,Right-handed,Regular user,24,1,52.5583,23,260,left,160,80,0,247.68,245.17,0.7467
1943,938161,2025-11-17T13:54:17,Right-handed,Regular user,24,1,52.5583,24,260,left,40,20,0,277.53,269.02,1.0706
1944,938161,2025-11-17T13:54:17,Right-handed,Regular user,24,1,52.5583,25,180,right,160,80,0,168.13,166.11,0.7564
1945,938161,2025-11-17T13:54:17,Right-handed,Regular user,24,1,52.5583,26,360,right,160,80,0,358.0,353.04,0.7497
1946,938161,2025-11-17T13:54:17,Right-handed,Regular user,24,1,52.5583,27,360,right,80,40,0,419.71,356.24,0.9048
1947,938161,2025-11-17T13:54:17,Right-handed,Regular user,24,1,52.5583,28,180,left,40,20,0,186.89,182.01,0.9088
1948,938161,2025-11-17T13:54:17,Right-handed,Regular user,24,1,52.5583,29,260,right,80,40,0,244.79,239.0,0.9755
1949,938161,2025-11-17T13:54:17,Right-handed,Regular user,24,1,52.5583,30,360,left,40,20,0,357.97,356.01,1.1377
1950,938161,2025-11-17T13:54:17,Right-handed,Regular user,24,1,52.5583,31,500,left,40,20,0,755.35,503.01,1.7858
1951,938161,2025-11-17T13:54:17,Right-handed,Regular user,24,1,52.5583,32,180,right,40,20,0,221.2,176.05,1.3146
1952,938161,2025-11-17T13:54:17,Right-handed,Regular user,24,2,53.112,1,180,right,40,20,0,173.24,172.01,1.5012
1953,938161,2025-11-17T13:54:17,Right-handed,Regular user,24,2,53.112,2,360,left,40,20,0,356.8,350.0,1.2414
1954,938161,2025-11-17T13:54:17,Right-handed,Regular user,24,2,53.112,3,260,left,40,20,0,343.65,252.0,1.2016
1955,938161,2025-11-17T13:54:17,Right-handed,Regular user,24,2,53.112,4,180,right,120,60,0,210.72,206.04,1.6195
1956,938161,2025-11-17T13:54:17,Right-handed,Regular user,24,2,53.112,5,260,left,160,80,0,235.6,235.02,1.0448
1957,938161,2025-11-17T13:54:17,Right-handed,Regular user,24,2,53.112,6,260,right,120,60,0,252.58,251.03,1.1817
1958,938161,2025-11-17T13:54:17,Right-handed,Regular user,24,2,53.112,7,260,right,80,40,0,255.47,255.01,1.1395
1959,938161,2025-11-17T13:54:17,Right-handed,Regular user,24,2,53.112,8,360,left,160,80,0,359.0,359.0,0.926
1960,938161,2025-11-17T13:54:17,Right-handed,Regular user,24,2,53.112,9,260,left,120,60,0,237.66,237.08,1.1316
1961,938161,2025-11-17T13:54:17,Right-handed,Regular user,24,2,53.112,10,500,right,40,20,0,498.0,495.1,1.0123
1962,938161,2025-11-17T13:54:17,Right-handed,Regular user,24,2,53.112,11,360,left,80,40,0,447.0,375.0,0.9525
1963,938161,2025-11-17T13:54:17,Right-handed,Regular user,24,2,53.112,12,180,left,40,20,0,174.0,174.0,0.943
1964,938161,2025-11-17T13:54:17,Right-handed,Regular user,24,2,53.112,13,500,left,80,40,0,508.36,506.06,1.2167
1965,938161,2025-11-17T13:54:17,Right-handed,Regular user,24,2,53.112,14,180,right,160,80,0,211.12,211.0,0.7091
1966,938161,2025-11-17T13:54:17,Right-handed,Regular user,24,2,53.112,15,360,right,80,40,0,385.68,384.02,0.8825
1967,938161,2025-11-17T13:54:17,Right-handed,Regular user,24,2,53.112,16,500,right,120,60,0,706.61,502.53,0.9456
1968,938161,2025-11-17T13:54:17,Right-handed,Regular user,24,2,53.112,17,500,right,160,80,0,452.08,439.02,1.3196
1969,938161,2025-11-17T13:54:17,Right-handed,Regular user,24,2,53.112,18,360,right,160,80,0,405.7,403.21,1.0271
1970,938161,2025-11-17T13:54:17,Right-handed,Regular user,24,2,53.112,19,360,right,40,20,0,406.36,358.03,1.0059
1971,938161,2025-11-17T13:54:17,Right-handed,Regular user,24,2,53.112,20,360,right,120,60,0,1182.8,379.0,1.8121
1972,938161,2025-11-17T13:54:17,Right-handed,Regular user,24,2,53.112,21,500,left,40,20,0,500.89,500.01,1.4088
1973,938161,2025-11-17T13:54:17,Right-handed,Regular user,24,2,53.112,22,500,left,120,60,0,494.0,494.0,1.0056
1974,938161,2025-11-17T13:54:17,Right-handed,Regular user,24,2,53.112,23,180,left,120,60,0,169.98,169.01,0.9819
1975,938161,2025-11-17T13:54:17,Right-handed,Regular user,24,2,53.112,24,180,right,80,40,0,164.0,164.0,0.9741
1976,938161,2025-11-17T13:54:17,Right-handed,Regular user,24,2,53.112,25,180,left,80,40,0,224.68,192.01,0.9718
1977,938161,2025-11-17T13:54:17,Right-handed,Regular user,24,2,53.112,26,260,right,160,80,0,268.05,267.15,0.7328
1978,938161,2025-11-17T13:54:17,Right-handed,Regular user,24,2,53.112,27,500,left,160,80,0,688.07,541.0,0.9399
1979,938161,2025-11-17T13:54:17,Right-handed,Regular user,24,2,53.112,28,180,left,160,80,0,127.53,127.06,0.5598
1980,938161,2025-11-17T13:54:17,Right-handed,Regular user,24,2,53.112,29,360,left,120,60,0,363.89,354.17,0.8315
1981,938161,2025-11-17T13:54:17,Right-handed,Regular user,24,2,53.112,30,260,right,40,20,0,259.43,257.0,1.1413
1982,938161,2025-11-17T13:54:17,Right-handed,Regular user,24,2,53.112,31,260,left,80,40,0,296.87,284.04,1.0539
1983,938161,2025-11-17T13:54:17,Right-handed,Regular user,24,2,53.112,32,500,right,80,40,0,507.65,505.08,0.9642
1984,938161,2025-11-17T13:54:17,Right-handed,Regular user,24,3,48.0143,1,360,right,160,80,0,422.34,383.05,1.4916
1985,938161,2025-11-17T13:54:17,Right-handed,Regular user,24,3,48.0143,2,180,left,160,80,0,213.0,212.0,0.8398
1986,938161,2025-11-17T13:54:17,Right-handed,Regular user,24,3,48.0143,3,360,left,160,80,0,372.24,371.01,0.9516
1987,938161,2025-11-17T13:54:17,Right-handed,Regular user,24,3,48.0143,4,180,right,40,20,0,187.9,184.13,0.9399
1988,938161,2025-11-17T13:54:17,Right-handed,Regular user,24,3,48.0143,5,180,left,120,60,0,209.0,209.0,0.8025
1989,938161,2025-11-17T13:54:17,Right-handed,Regular user,24,3,48.0143,6,260,right,80,40,1,309.38,291.02,1.4882
1990,938161,2025-11-17T13:54:17,Right-handed,Regular user,24,3,48.0143,7,360,left,40,20,0,357.91,357.05,1.0215
1991,938161,2025-11-17T13:54:17,Right-handed,Regular user,24,3,48.0143,8,260,left,160,80,0,207.6,204.2,0.8448
1992,938161,2025-11-17T13:54:17,Right-handed,Regular user,24,3,48.0143,9,360,right,80,40,0,353.15,352.02,0.8687
1993,938161,2025-11-17T13:54:17,Right-handed,Regular user,24,3,48.0143,10,180,right,80,40,0,176.42,175.07,1.1157
1994,938161,2025-11-17T13:54:17,Right-handed,Regular user,24,3,48.0143,11,500,left,160,80,0,505.0,505.0,0.9284
1995,938161,2025-11-17T13:54:17,Right-handed,Regular user,24,3,48.0143,12,360,left,120,60,0,356.68,356.02,0.9655
1996,938161,2025-11-17T13:54:17,Right-handed,Regular user,24,3,48.0143,13,500,left,120,60,0,935.58,501.05,1.5323
1997,938161,2025-11-17T13:54:17,Right-handed,Regular user,24,3,48.0143,14,180,left,40,20,0,188.3,186.02,0.9787
1998,938161,2025-11-17T13:54:17,Right-handed,Regular user,24,3,48.0143,15,260,left,80,40,1,405.29,279.0,1.3984
1999,938161,2025-11-17T13:54:17,Right-handed,Regular user,24,3,48.0143,16,500,left,80,40,0,480.22,477.01,0.8192
2000,938161,2025-11-17T13:54:17,Right-handed,Regular user,24,3,48.0143,17,360,left,80,40,0,350.21,349.02,0.7822
2001,938161,2025-11-17T13:54:17,Right-handed,Regular user,24,3,48.0143,18,260,right,160,80,0,322.24,322.0,0.7057
2002,938161,2025-11-17T13:54:17,Right-handed,Regular user,24,3,48.0143,19,360,right,40,20,0,355.66,354.07,0.8779
2003,938161,2025-11-17T13:54:17,Right-handed,Regular user,24,3,48.0143,20,260,left,40,20,0,248.41,246.02,0.7585
2004,938161,2025-11-17T13:54:17,Right-handed,Regular user,24,3,48.0143,21,360,right,120,60,0,520.61,354.01,0.8623
2005,938161,2025-11-17T13:54:17,Right-handed,Regular user,24,3,48.0143,22,260,right,40,20,0,253.08,253.0,1.0513
2006,938161,2025-11-17T13:54:17,Right-handed,Regular user,24,3,48.0143,23,500,right,80,40,0,495.24,468.0,0.9301
2007,938161,2025-11-17T13:54:17,Right-handed,Regular user,24,3,48.0143,24,500,right,40,20,0,506.41,501.04,1.543
2008,938161,2025-11-17T13:54:17,Right-handed,Regular user,24,3,48.0143,25,180,right,120,60,0,155.06,152.95,0.8752
2009,938161,2025-11-17T13:54:17,Right-handed,Regular user,24,3,48.0143,26,500,right,160,80,0,899.44,528.59,1.3941
2010,938161,2025-11-17T13:54:17,Right-handed,Regular user,24,3,48.0143,27,500,left,40,20,0,502.06,498.08,0.9945
2011,938161,2025-11-17T13:54:17,Right-handed,Regular user,24,3,48.0143,28,180,right,160,80,0,161.79,160.25,0.6522
2012,938161,2025-11-17T13:54:17,Right-handed,Regular user,24,3,48.0143,29,500,right,120,60,0,693.52,506.02,1.094
2013,938161,2025-11-17T13:54:17,Right-handed,Regular user,24,3,48.0143,30,260,right,120,60,0,252.92,251.24,1.0012
2014,938161,2025-11-17T13:54:17,Right-handed,Regular user,24,3,48.0143,31,180,left,80,40,0,183.93,183.1,0.8683
2015,938161,2025-11-17T13:54:17,Right-handed,Regular user,24,3,48.0143,32,260,left,120,60,0,270.16,270.0,0.8415
2016,938161,2025-11-17T13:54:17,Right-handed,Regular user,24,4,51.7088,1,180,right,80,40,0,188.21,186.13,0.6433
2017,938161,2025-11-17T13:54:17,Right-handed,Regular user,24,4,51.7088,2,260,left,40,20,0,259.25,256.02,1.0715
2018,938161,2025-11-17T13:54:17,Right-handed,Regular user,24,4,51.7088,3,260,left,80,40,0,286.41,286.0,0.8371
2019,938161,2025-11-17T13:54:17,Right-handed,Regular user,24,4,51.7088,4,360,right,120,60,0,413.34,412.02,1.0138
2020,938161,2025-11-17T13:54:17,Right-handed,Regular user,24,4,51.7088,5,180,left,120,60,0,164.0,164.0,0.6888
2021,938161,2025-11-17T13:54:17,Right-handed,Regular user,24,4,51.7088,6,360,left,160,80,0,369.0,369.0,1.073
2022,938161,2025-11-17T13:54:17,Right-handed,Regular user,24,4,51.7088,7,500,left,120,60,0,502.38,489.08,1.0415
2023,938161,2025-11-17T13:54:17,Right-handed,Regular user,24,4,51.7088,8,260,left,120,60,0,261.16,255.02,0.7335
2024,938161,2025-11-17T13:54:17,Right-handed,Regular user,24,4,51.7088,9,180,right,160,80,0,143.41,143.0,0.6397
2025,938161,2025-11-17T13:54:17,Right-handed,Regular user,24,4,51.7088,10,260,left,160,80,0,257.57,231.02,0.8509
2026,938161,2025-11-17T13:54:17,Right-handed,Regular user,24,4,51.7088,11,260,right,120,60,0,249.41,248.01,0.7815
2027,938161,2025-11-17T13:54:17,Right-handed,Regular user,24,4,51.7088,12,180,right,120,60,0,214.41,214.0,0.6677
2028,938161,2025-11-17T13:54:17,Right-handed,Regular user,24,4,51.7088,13,260,right,40,20,0,389.93,257.1,1.4319
2029,938161,2025-11-17T13:54:17,Right-handed,Regular user,24,4,51.7088,14,500,left,40,20,0,590.6,500.05,1.4082
2030,938161,2025-11-17T13:54:17,Right-handed,Regular user,24,4,51.7088,15,260,right,80,40,0,264.08,259.01,1.1241
2031,938161,2025-11-17T13:54:17,Right-handed,Regular user,24,4,51.7088,16,360,right,160,80,0,313.27,313.03,0.9925
2032,938161,2025-11-17T13:54:17,Right-handed,Regular user,24,4,51.7088,17,260,right,160,80,0,297.24,275.03,0.8956
2033,938161,2025-11-17T13:54:17,Right-handed,Regular user,24,4,51.7088,18,500,left,80,40,0,508.57,507.02,0.9591
2034,938161,2025-11-17T13:54:17,Right-handed,Regular user,24,4,51.7088,19,180,left,160,80,0,146.24,145.01,0.6945
2035,938161,2025-11-17T13:54:17,Right-handed,Regular user,24,4,51.7088,20,500,left,160,80,0,483.07,471.07,1.0662
2036,938161,2025-11-17T13:54:17,Right-handed,Regular user,24,4,51.7088,21,360,left,40,20,0,695.14,366.01,1.7731
2037,938161,2025-11-17T13:54:17,Right-handed,Regular user,24,4,51.7088,22,500,right,160,80,0,508.33,498.03,1.3052
2038,938161,2025-11-17T13:54:17,Right-handed,Regular user,24,4,51.7088,23,180,left,40,20,0,197.24,191.0,0.9594
2039,938161,2025-11-17T13:54:17,Right-handed,Regular user,24,4,51.7088,24,500,right,80,40,0,488.75,486.23,1.2181
2040,938161,2025-11-17T13:54:17,Right-handed,Regular user,24,4,51.7088,25,500,right,40,20,0,507.8,501.0,1.0941
2041,938161,2025-11-17T13:54:17,Right-handed,Regular user,24,4,51.7088,26,360,right,80,40,0,356.01,353.04,1.103
2042,938161,2025-11-17T13:54:17,Right-handed,Regular user,24,4,51.7088,27,180,right,40,20,0,198.31,174.01,1.2759
2043,938161,2025-11-17T13:54:17,Right-handed,Regular user,24,4,51.7088,28,360,right,40,20,0,557.49,369.02,1.0277
2044,938161,2025-11-17T13:54:17,Right-handed,Regular user,24,4,51.7088,29,180,left,80,40,0,205.74,205.02,0.8043
2045,938161,2025-11-17T13:54:17,Right-handed,Regular user,24,4,51.7088,30,500,right,120,60,0,491.29,487.45,0.9753
2046,938161,2025-11-17T13:54:17,Right-handed,Regular user,24,4,51.7088,31,360,left,80,40,0,355.56,343.09,1.0871
2047,938161,2025-11-17T13:54:17,Right-handed,Regular user,24,4,51.7088,32,360,left,120,60,0,355.67,353.14,1.0981
2048,938161,2025-11-17T13:54:17,Right-handed,Regular user,24,5,53.4262,1,360,right,160,80,0,370.32,364.73,0.7381
2049,938161,2025-11-17T13:54:17,Right-handed,Regular user,24,5,53.4262,2,180,left,40,20,0,181.24,181.0,0.7594
2050,938161,2025-11-17T13:54:17,Right-handed,Regular user,24,5,53.4262,3,260,right,160,80,0,212.61,210.12,0.5643
2051,938161,2025-11-17T13:54:17,Right-handed,Regular user,24,5,53.4262,4,180,right,40,20,0,350.73,178.04,0.957
2052,938161,2025-11-17T13:54:17,Right-handed,Regular user,24,5,53.4262,5,500,right,120,60,0,676.82,528.06,1.1259
2053,938161,2025-11-17T13:54:17,Right-handed,Regular user,24,5,53.4262,6,180,left,160,80,0,249.24,247.02,0.6497
2054,938161,2025-11-17T13:54:17,Right-handed,Regular user,24,5,53.4262,7,180,right,80,40,0,274.0,182.0,0.9017
2055,938161,2025-11-17T13:54:17,Right-handed,Regular user,24,5,53.4262,8,500,left,40,20,0,507.24,506.0,1.1498
2056,938161,2025-11-17T13:54:17,Right-handed,Regular user,24,5,53.4262,9,260,left,80,40,0,311.99,251.0,1.3046
2057,938161,2025-11-17T13:54:17,Right-handed,Regular user,24,5,53.4262,10,360,right,80,40,0,358.42,357.01,0.9127
2058,938161,2025-11-17T13:54:17,Right-handed,Regular user,24,5,53.4262,11,500,left,120,60,0,536.63,536.02,0.9755
2059,938161,2025-11-17T13:54:17,Right-handed,Regular user,24,5,53.4262,12,180,left,120,60,0,171.41,170.01,0.7904
2060,938161,2025-11-17T13:54:17,Right-handed,Regular user,24,5,53.4262,13,500,left,80,40,0,741.7,470.31,1.2372
2061,938161,2025-11-17T13:54:17,Right-handed,Regular user,24,5,53.4262,14,260,right,40,20,0,450.0,262.0,1.3521
2062,938161,2025-11-17T13:54:17,Right-handed,Regular user,24,5,53.4262,15,360,left,160,80,0,317.04,315.63,0.8973
2063,938161,2025-11-17T13:54:17,Right-handed,Regular user,24,5,53.4262,16,500,left,160,80,0,489.68,489.02,0.9747
2064,938161,2025-11-17T13:54:17,Right-handed,Regular user,24,5,53.4262,17,260,right,120,60,0,219.0,219.0,0.8036
2065,938161,2025-11-17T13:54:17,Right-handed,Regular user,24,5,53.4262,18,500,right,80,40,0,491.83,491.0,1.0281
2066,938161,2025-11-17T13:54:17,Right-handed,Regular user,24,5,53.4262,19,180,right,160,80,0,107.7,107.07,0.7118
2067,938161,2025-11-17T13:54:17,Right-handed,Regular user,24,5,53.4262,20,360,left,40,20,0,352.03,349.0,0.937
2068,938161,2025-11-17T13:54:17,Right-handed,Regular user,24,5,53.4262,21,360,left,80,40,0,363.63,362.0,0.9211
2069,938161,2025-11-17T13:54:17,Right-handed,Regular user,24,5,53.4262,22,180,right,120,60,0,193.0,192.0,0.676
2070,938161,2025-11-17T13:54:17,Right-handed,Regular user,24,5,53.4262,23,360,right,40,20,0,361.56,359.09,1.0054
2071,938161,2025-11-17T13:54:17,Right-handed,Regular user,24,5,53.4262,24,360,right,120,60,0,858.22,374.3,2.2036
2072,938161,2025-11-17T13:54:17,Right-handed,Regular user,24,5,53.4262,25,260,left,160,80,0,365.16,317.0,1.1889
2073,938161,2025-11-17T13:54:17,Right-handed,Regular user,24,5,53.4262,26,260,right,80,40,0,416.85,284.0,1.3659
2074,938161,2025-11-17T13:54:17,Right-handed,Regular user,24,5,53.4262,27,360,left,120,60,0,519.78,380.0,1.074
2075,938161,2025-11-17T13:54:17,Right-handed,Regular user,24,5,53.4262,28,260,left,120,60,0,239.26,238.03,1.0199
2076,938161,2025-11-17T13:54:17,Right-handed,Regular user,24,5,53.4262,29,260,left,40,20,0,263.91,263.0,1.1224
2077,938161,2025-11-17T13:54:17,Right-handed,Regular user,24,5,53.4262,30,500,right,40,20,0,508.72,499.01,1.3721
2078,938161,2025-11-17T13:54:17,Right-handed,Regular user,24,5,53.4262,31,500,right,160,80,0,479.3,473.22,1.0852
2079,938161,2025-11-17T13:54:17,Right-handed,Regular user,24,5,53.4262,32,180,left,80,40,0,188.66,180.04,0.7424
2080,938161,2025-11-17T13:54:17,Right-handed,Regular user,24,6,48.0153,1,180,right,80,40,0,170.38,167.24,0.8771
2081,938161,2025-11-17T13:54:17,Right-handed,Regular user,24,6,48.0153,2,180,left,160,80,0,153.82,153.12,0.6325
2082,938161,2025-11-17T13:54:17,Right-handed,Regular user,24,6,48.0153,3,360,right,120,60,0,347.93,346.17,0.8594
2083,938161,2025-11-17T13:54:17,Right-handed,Regular user,24,6,48.0153,4,260,left,160,80,0,212.93,211.06,0.7449
2084,938161,2025-11-17T13:54:17,Right-handed,Regular user,24,6,48.0153,5,500,right,80,40,0,490.59,489.08,0.9822
2085,938161,2025-11-17T13:54:17,Right-handed,Regular user,24,6,48.0153,6,180,right,40,20,0,266.63,169.19,1.1814
2086,938161,2025-11-17T13:54:17,Right-handed,Regular user,24,6,48.0153,7,500,left,160,80,0,475.16,475.0,0.7828
2087,938161,2025-11-17T13:54:17,Right-handed,Regular user,24,6,48.0153,8,360,left,80,40,0,358.35,353.2,1.0485
2088,938161,2025-11-17T13:54:17,Right-handed,Regular user,24,6,48.0153,9,500,left,40,20,0,509.0,509.0,1.0488
2089,938161,2025-11-17T13:54:17,Right-handed,Regular user,24,6,48.0153,10,500,right,120,60,0,518.89,516.28,1.2681
2090,938161,2025-11-17T13:54:17,Right-handed,Regular user,24,6,48.0153,11,360,left,120,60,0,378.69,365.02,0.9607
2091,938161,2025-11-17T13:54:17,Right-handed,Regular user,24,6,48.0153,12,260,left,40,20,0,263.7,263.02,1.3555
2092,938161,2025-11-17T13:54:17,Right-handed,Regular user,24,6,48.0153,13,500,left,120,60,0,500.25,500.0,1.0778
2093,938161,2025-11-17T13:54:17,Right-handed,Regular user,24,6,48.0153,14,260,right,160,80,0,264.5,264.01,0.9324
2094,938161,2025-11-17T13:54:17,Right-handed,Regular user,24,6,48.0153,15,260,right,80,40,0,257.41,257.0,1.1536
2095,938161,2025-11-17T13:54:17,Right-handed,Regular user,24,6,48.0153,16,260,right,40,20,0,277.31,268.0,1.0588
2096,938161,2025-11-17T13:54:17,Right-handed,Regular user,24,6,48.0153,17,180,left,120,60,0,328.23,219.15,0.7855
2097,938161,2025-11-17T13:54:17,Right-handed,Regular user,24,6,48.0153,18,360,right,160,80,0,354.04,349.32,0.8072
2098,938161,2025-11-17T13:54:17,Right-handed,Regular user,24,6,48.0153,19,260,left,80,40,0,266.67,264.05,1.4667
2099,938161,2025-11-17T13:54:17,Right-handed,Regular user,24,6,48.0153,20,180,left,80,40,0,197.04,195.09,1.1582
2100,938161,2025-11-17T13:54:17,Right-handed,Regular user,24,6,48.0153,21,360,left,40,20,0,356.5,356.05,1.3274
2101,938161,2025-11-17T13:54:17,Right-handed,Regular user,24,6,48.0153,22,180,right,160,80,0,180.12,180.0,0.8764
2102,938161,2025-11-17T13:54:17,Right-handed,Regular user,24,6,48.0153,23,500,right,160,80,0,491.23,491.02,0.8268
2103,938161,2025-11-17T13:54:17,Right-handed,Regular user,24,6,48.0153,24,360,right,80,40,0,358.38,358.01,1.1876
2104,938161,2025-11-17T13:54:17,Right-handed,Regular user,24,6,48.0153,25,260,left,120,60,0,235.35,235.0,0.8214
2105,938161,2025-11-17T13:54:17,Right-handed,Regular user,24,6,48.0153,26,180,left,40,20,0,179.16,179.0,1.2827
2106,938161,2025-11-17T13:54:17,Right-handed,Regular user,24,6,48.0153,27,360,right,40,20,0,362.16,362.0,1.6996
2107,938161,2025-11-17T13:54:17,Right-handed,Regular user,24,6,48.0153,28,260,right,120,60,0,374.14,276.15,0.9483
2108,938161,2025-11-17T13:54:17,Right-handed,Regular user,24,6,48.0153,29,500,left,80,40,0,506.01,505.0,0.9491
2109,938161,2025-11-17T13:54:17,Right-handed,Regular user,24,6,48.0153,30,360,left,160,80,0,340.45,338.02,0.6945
2110,938161,2025-11-17T13:54:17,Right-handed,Regular user,24,6,48.0153,31,500,right,40,20,0,513.95,511.14,1.0612
2111,938161,2025-11-17T13:54:17,Right-handed,Regular user,24,6,48.0153,32,180,right,120,60,0,196.24,196.0,0.6977
2112,938161,2025-11-17T13:54:17,Right-handed,Regular user,24,7,46.8075,1,500,right,40,20,0,633.29,489.0,0.952
2113,938161,2025-11-17T13:54:17,Right-handed,Regular user,24,7,46.8075,2,180,right,80,40,0,157.48,155.0,0.7316
2114,938161,2025-11-17T13:54:17,Right-handed,Regular user,24,7,46.8075,3,260,left,40,20,0,268.83,261.03,0.808
2115,938161,2025-11-17T13:54:17,Right-handed,Regular user,24,7,46.8075,4,360,left,40,20,0,355.0,355.0,0.8168
2116,938161,2025-11-17T13:54:17,Right-handed,Regular user,24,7,46.8075,5,360,left,120,60,0,395.38,394.1,0.7341
2117,938161,2025-11-17T13:54:17,Right-handed,Regular user,24,7,46.8075,6,260,right,80,40,0,280.19,276.18,0.7726
2118,938161,2025-11-17T13:54:17,Right-handed,Regular user,24,7,46.8075,7,260,left,160,80,0,251.88,246.22,0.6641
2119,938161,2025-11-17T13:54:17,Right-handed,Regular user,24,7,46.8075,8,500,left,160,80,0,481.32,480.1,0.8484
2120,938161,2025-11-17T13:54:17,Right-handed,Regular user,24,7,46.8075,9,180,left,40,20,0,176.88,175.35,0.7393
2121,938161,2025-11-17T13:54:17,Right-handed,Regular user,24,7,46.8075,10,180,right,40,20,0,177.27,171.03,0.9573
2122,938161,2025-11-17T13:54:17,Right-handed,Regular user,24,7,46.8075,11,500,right,120,60,0,489.61,473.07,1.2943
2123,938161,2025-11-17T13:54:17,Right-handed,Regular user,24,7,46.8075,12,500,right,160,80,0,579.46,501.29,1.4272
2124,938161,2025-11-17T13:54:17,Right-handed,Regular user,24,7,46.8075,13,260,right,160,80,0,254.1,238.17,0.9719
2125,938161,2025-11-17T13:54:17,Right-handed,Regular user,24,7,46.8075,14,260,right,40,20,0,268.03,258.09,1.3731
2126,938161,2025-11-17T13:54:17,Right-handed,Regular user,24,7,46.8075,15,500,left,120,60,0,518.06,514.02,1.0304
2127,938161,2025-11-17T13:54:17,Right-handed,Regular user,24,7,46.8075,16,360,left,160,80,0,344.16,344.0,1.0349
2128,938161,2025-11-17T13:54:17,Right-handed,Regular user,24,7,46.8075,17,500,left,80,40,0,498.48,498.0,1.1745
2129,938161,2025-11-17T13:54:17,Right-handed,Regular user,24,7,46.8075,18,180,left,120,60,0,201.41,197.0,1.0445
2130,938161,2025-11-17T13:54:17,Right-handed,Regular user,24,7,46.8075,19,180,right,160,80,0,202.63,202.04,0.7839
2131,938161,2025-11-17T13:54:17,Right-handed,Regular user,24,7,46.8075,20,500,left,40,20,0,505.39,498.04,1.1702
2132,938161,2025-11-17T13:54:17,Right-handed,Regular user,24,7,46.8075,21,500,right,80,40,0,517.0,517.0,0.8963
2133,938161,2025-11-17T13:54:17,Right-handed,Regular user,24,7,46.8075,22,360,right,160,80,0,353.75,353.01,0.8637
2134,938161,2025-11-17T13:54:17,Right-handed,Regular user,24,7,46.8075,23,260,right,120,60,0,252.43,251.2,0.8282
2135,938161,2025-11-17T13:54:17,Right-handed,Regular user,24,7,46.8075,24,360,right,120,60,0,386.2,379.26,0.9146
2136,938161,2025-11-17T13:54:17,Right-handed,Regular user,24,7,46.8075,25,180,right,120,60,0,178.07,176.07,0.8984
2137,938161,2025-11-17T13:54:17,Right-handed,Regular user,24,7,46.8075,26,260,left,80,40,0,490.88,265.15,1.327
2138,938161,2025-11-17T13:54:17,Right-handed,Regular user,24,7,46.8075,27,180,left,80,40,0,177.06,175.03,0.7541
2139,938161,2025-11-17T13:54:17,Right-handed,Regular user,24,7,46.8075,28,180,left,160,80,0,212.0,212.0,0.6882
2140,938161,2025-11-17T13:54:17,Right-handed,Regular user,24,7,46.8075,29,260,left,120,60,0,257.24,257.0,0.6618
2141,938161,2025-11-17T13:54:17,Right-handed,Regular user,24,7,46.8075,30,360,left,80,40,0,362.58,362.01,0.8338
2142,938161,2025-11-17T13:54:17,Right-handed,Regular user,24,7,46.8075,31,360,right,40,20,0,572.63,364.0,1.314
2143,938161,2025-11-17T13:54:17,Right-handed,Regular user,24,7,46.8075,32,360,right,80,40,0,353.39,351.05,0.8556
2144,938161,2025-11-17T13:54:17,Right-handed,Regular user,24,8,49.4209,1,360,right,160,80,0,364.92,359.07,1.0451
2145,938161,2025-11-17T13:54:17,Right-handed,Regular user,24,8,49.4209,2,500,left,120,60,0,500.0,499.0,0.8242
2146,938161,2025-11-17T13:54:17,Right-handed,Regular user,24,8,49.4209,3,260,right,120,60,0,233.41,233.0,0.803
2147,938161,2025-11-17T13:54:17,Right-handed,Regular user,24,8,49.4209,4,260,left,40,20,0,273.0,273.0,0.7968
2148,938161,2025-11-17T13:54:17,Right-handed,Regular user,24,8,49.4209,5,180,right,40,20,0,200.0,180.0,0.9178
2149,938161,2025-11-17T13:54:17,Right-handed,Regular user,24,8,49.4209,6,260,left,160,80,0,252.41,250.0,0.8712
2150,938161,2025-11-17T13:54:17,Right-handed,Regular user,24,8,49.4209,7,180,right,120,60,0,148.58,148.0,0.6308
2151,938161,2025-11-17T13:54:17,Right-handed,Regular user,24,8,49.4209,8,180,right,160,80,0,182.0,182.0,0.6587
2152,938161,2025-11-17T13:54:17,Right-handed,Regular user,24,8,49.4209,9,360,left,160,80,0,485.13,377.97,1.22
2153,938161,2025-11-17T13:54:17,Right-handed,Regular user,24,8,49.4209,10,260,left,80,40,0,524.81,236.02,0.9133
2154,938161,2025-11-17T13:54:17,Right-handed,Regular user,24,8,49.4209,11,500,left,40,20,0,541.45,500.14,1.0481
2155,938161,2025-11-17T13:54:17,Right-handed,Regular user,24,8,49.4209,12,500,right,120,60,0,480.48,480.02,0.8069
2156,938161,2025-11-17T13:54:17,Right-handed,Regular user,24,8,49.4209,13,260,left,120,60,0,579.68,271.22,0.9651
2157,938161,2025-11-17T13:54:17,Right-handed,Regular user,24,8,49.4209,14,180,left,40,20,0,597.08,186.0,1.1221
2158,938161,2025-11-17T13:54:17,Right-handed,Regular user,24,8,49.4209,15,360,left,40,20,0,919.76,365.01,1.269
2159,938161,2025-11-17T13:54:17,Right-handed,Regular user,24,8,49.4209,16,360,left,120,60,0,465.6,364.07,0.9822
2160,938161,2025-11-17T13:54:17,Right-handed,Regular user,24,8,49.4209,17,260,right,80,40,0,256.0,255.0,0.8758
2161,938161,2025-11-17T13:54:17,Right-handed,Regular user,24,8,49.4209,18,500,left,80,40,0,738.56,490.01,1.1674
2162,938161,2025-11-17T13:54:17,Right-handed,Regular user,24,8,49.4209,19,360,right,120,60,0,383.68,382.06,1.1288
2163,938161,2025-11-17T13:54:17,Right-handed,Regular user,24,8,49.4209,20,180,right,80,40,0,160.16,160.0,0.9968
2164,938161,2025-11-17T13:54:17,Right-handed,Regular user,24,8,49.4209,21,500,right,40,20,0,514.77,506.04,1.2843
2165,938161,2025-11-17T13:54:17,Right-handed,Regular user,24,8,49.4209,22,500,left,160,80,0,677.85,540.0,1.1986
2166,938161,2025-11-17T13:54:17,Right-handed,Regular user,24,8,49.4209,23,360,right,80,40,0,345.33,337.02,0.9903
2167,938161,2025-11-17T13:54:17,Right-handed,Regular user,24,8,49.4209,24,360,right,40,20,0,390.55,364.05,1.3536
2168,938161,2025-11-17T13:54:17,Right-handed,Regular user,24,8,49.4209,25,180,left,80,40,0,200.74,171.07,0.8722
2169,938161,2025-11-17T13:54:17,Right-handed,Regular user,24,8,49.4209,26,180,left,120,60,0,181.63,181.04,0.6615
2170,938161,2025-11-17T13:54:17,Right-handed,Regular user,24,8,49.4209,27,260,right,40,20,0,256.94,256.03,1.0958
2171,938161,2025-11-17T13:54:17,Right-handed,Regular user,24,8,49.4209,28,500,right,160,80,0,506.06,505.01,0.8605
2172,938161,2025-11-17T13:54:17,Right-handed,Regular user,24,8,49.4209,29,180,left,160,80,0,192.24,191.01,0.6325
2173,938161,2025-11-17T13:54:17,Right-handed,Regular user,24,8,49.4209,30,500,right,80,40,0,548.41,527.14,1.1968
2174,938161,2025-11-17T13:54:17,Right-handed,Regular user,24,8,49.4209,31,360,left,80,40,0,338.41,338.0,0.8026
2175,938161,2025-11-17T13:54:17,Right-handed,Regular user,24,8,49.4209,32,260,right,160,80,0,410.43,237.03,0.7266
2176,938161,2025-11-17T13:54:17,Right-handed,Regular user,24,9,43.7417,1,360,left,80,40,0,550.06,388.13,0.8034
2177,938161,2025-11-17T13:54:17,Right-handed,Regular user,24,9,43.7417,2,260,left,120,60,0,281.89,265.19,0.6742
2178,938161,2025-11-17T13:54:17,Right-handed,Regular user,24,9,43.7417,3,360,left,120,60,0,375.41,371.01,0.7078
2179,938161,2025-11-17T13:54:17,Right-handed,Regular user,24,9,43.7417,4,360,right,120,60,0,381.67,379.26,0.7345
2180,938161,2025-11-17T13:54:17,Right-handed,Regular user,24,9,43.7417,5,180,right,80,40,1,148.0,148.0,1.0288
2181,938161,2025-11-17T13:54:17,Right-handed,Regular user,24,9,43.7417,6,500,left,120,60,0,561.74,455.16,0.8893
2182,938161,2025-11-17T13:54:17,Right-handed,Regular user,24,9,43.7417,7,500,right,80,40,0,576.78,519.0,1.009
2183,938161,2025-11-17T13:54:17,Right-handed,Regular user,24,9,43.7417,8,360,left,160,80,0,387.36,387.01,0.77
2184,938161,2025-11-17T13:54:17,Right-handed,Regular user,24,9,43.7417,9,260,left,160,80,0,247.74,244.02,0.6655
2185,938161,2025-11-17T13:54:17,Right-handed,Regular user,24,9,43.7417,10,260,right,120,60,0,238.74,232.31,0.8113
2186,938161,2025-11-17T13:54:17,Right-handed,Regular user,24,9,43.7417,11,500,left,40,20,0,523.21,498.01,1.0756
2187,938161,2025-11-17T13:54:17,Right-handed,Regular user,24,9,43.7417,12,360,right,160,80,0,324.47,323.0,0.7846
2188,938161,2025-11-17T13:54:17,Right-handed,Regular user,24,9,43.7417,13,500,right,120,60,0,496.93,495.0,0.9877
2189,938161,2025-11-17T13:54:17,Right-handed,Regular user,24,9,43.7417,14,360,right,40,20,0,381.17,370.03,1.2348
2190,938161,2025-11-17T13:54:17,Right-handed,Regular user,24,9,43.7417,15,180,right,40,20,0,178.12,174.29,1.034
2191,938161,2025-11-17T13:54:17,Right-handed,Regular user,24,9,43.7417,16,260,right,80,40,0,262.24,262.0,0.9076
2192,938161,2025-11-17T13:54:17,Right-handed,Regular user,24,9,43.7417,17,260,right,40,20,0,255.79,253.1,0.96
2193,938161,2025-11-17T13:54:17,Right-handed,Regular user,24,9,43.7417,18,260,left,80,40,0,284.0,284.0,0.8839
2194,938161,2025-11-17T13:54:17,Right-handed,Regular user,24,9,43.7417,19,180,left,80,40,0,176.47,176.01,0.7043
2195,938161,2025-11-17T13:54:17,Right-handed,Regular user,24,9,43.7417,20,360,right,80,40,0,369.73,351.0,0.9032
2196,938161,2025-11-17T13:54:17,Right-handed,Regular user,24,9,43.7417,21,180,left,160,80,0,192.1,192.0,0.5977
2197,938161,2025-11-17T13:54:17,Right-handed,Regular user,24,9,43.7417,22,500,left,160,80,0,491.99,491.0,0.8333
2198,938161,2025-11-17T13:54:17,Right-handed,Regular user,24,9,43.7417,23,180,right,160,80,0,157.22,157.01,0.6842
2199,938161,2025-11-17T13:54:17,Right-handed,Regular user,24,9,43.7417,24,260,left,40,20,0,265.11,265.01,0.9243
2200,938161,2025-11-17T13:54:17,Right-handed,Regular user,24,9,43.7417,25,500,left,80,40,0,490.0,489.0,0.8899
2201,938161,2025-11-17T13:54:17,Right-handed,Regular user,24,9,43.7417,26,500,right,160,80,0,488.59,488.01,0.861
2202,938161,2025-11-17T13:54:17,Right-handed,Regular user,24,9,43.7417,27,360,left,40,20,0,376.38,374.03,0.8947
2203,938161,2025-11-17T13:54:17,Right-handed,Regular user,24,9,43.7417,28,180,left,120,60,0,262.22,180.35,0.7741
2204,938161,2025-11-17T13:54:17,Right-handed,Regular user,24,9,43.7417,29,260,right,160,80,0,242.41,242.0,0.6893
2205,938161,2025-11-17T13:54:17,Right-handed,Regular user,24,9,43.7417,30,180,left,40,20,0,224.42,189.02,0.8843
2206,938161,2025-11-17T13:54:17,Right-handed,Regular user,24,9,43.7417,31,180,right,120,60,0,174.26,174.03,0.9034
2207,938161,2025-11-17T13:54:17,Right-handed,Regular user,24,9,43.7417,32,500,right,40,20,0,538.15,512.12,1.7064
2208,938161,2025-11-17T13:54:17,Right-handed,Regular user,24,10,45.6608,1,180,left,160,80,0,160.0,160.0,0.4883
2209,938161,2025-11-17T13:54:17,Right-handed,Regular user,24,10,45.6608,2,180,left,80,40,0,180.78,176.28,0.7133
2210,938161,2025-11-17T13:54:17,Right-handed,Regular user,24,10,45.6608,3,260,left,120,60,0,296.9,267.02,0.6794
2211,938161,2025-11-17T13:54:17,Right-handed,Regular user,24,10,45.6608,4,180,right,160,80,0,229.61,229.01,0.6093
2212,938161,2025-11-17T13:54:17,Right-handed,Regular user,24,10,45.6608,5,360,right,120,60,0,405.65,366.01,0.7613
2213,938161,2025-11-17T13:54:17,Right-handed,Regular user,24,10,45.6608,6,260,right,40,20,0,258.35,250.16,1.7039
2214,938161,2025-11-17T13:54:17,Right-handed,Regular user,24,10,45.6608,7,500,left,40,20,0,499.87,499.03,1.293
2215,938161,2025-11-17T13:54:17,Right-handed,Regular user,24,10,45.6608,8,260,left,40,20,0,267.0,248.0,1.1427
2216,938161,2025-11-17T13:54:17,Right-handed,Regular user,24,10,45.6608,9,180,left,40,20,0,174.65,174.01,1.2167
2217,938161,2025-11-17T13:54:17,Right-handed,Regular user,24,10,45.6608,10,500,left,80,40,0,588.16,500.01,1.4663
2218,938161,2025-11-17T13:54:17,Right-handed,Regular user,24,10,45.6608,11,360,right,160,80,0,365.62,363.17,0.833
2219,938161,2025-11-17T13:54:17,Right-handed,Regular user,24,10,45.6608,12,500,left,120,60,0,514.89,513.02,0.8215
2220,938161,2025-11-17T13:54:17,Right-handed,Regular user,24,10,45.6608,13,260,right,80,40,0,237.57,236.02,0.7323
2221,938161,2025-11-17T13:54:17,Right-handed,Regular user,24,10,45.6608,14,360,left,40,20,0,361.67,361.03,0.8688
2222,938161,2025-11-17T13:54:17,Right-handed,Regular user,24,10,45.6608,15,360,right,80,40,0,347.0,347.0,0.8375
2223,938161,2025-11-17T13:54:17,Right-handed,Regular user,24,10,45.6608,16,180,right,40,20,0,173.72,173.03,0.9223
2224,938161,2025-11-17T13:54:17,Right-handed,Regular user,24,10,45.6608,17,500,left,160,80,0,475.31,473.13,0.7199
2225,938161,2025-11-17T13:54:17,Right-handed,Regular user,24,10,45.6608,18,500,right,40,20,0,501.41,500.0,0.9579
2226,938161,2025-11-17T13:54:17,Right-handed,Regular user,24,10,45.6608,19,360,left,160,80,0,332.57,331.07,0.6885
2227,938161,2025-11-17T13:54:17,Right-handed,Regular user,24,10,45.6608,20,260,left,160,80,0,244.14,243.07,0.6495
2228,938161,2025-11-17T13:54:17,Right-handed,Regular user,24,10,45.6608,21,260,left,80,40,0,258.57,255.07,0.8622
2229,938161,2025-11-17T13:54:17,Right-handed,Regular user,24,10,45.6608,22,180,right,120,60,0,191.48,190.01,0.6976
2230,938161,2025-11-17T13:54:17,Right-handed,Regular user,24,10,45.6608,23,360,right,40,20,0,377.0,377.0,0.8725
2231,938161,2025-11-17T13:54:17,Right-handed,Regular user,24,10,45.6608,24,260,right,160,80,0,228.31,217.02,0.6902
2232,938161,2025-11-17T13:54:17,Right-handed,Regular user,24,10,45.6608,25,500,right,80,40,0,522.51,513.04,0.9587
2233,938161,2025-11-17T13:54:17,Right-handed,Regular user,24,10,45.6608,26,500,right,120,60,0,555.86,526.06,0.8425
2234,938161,2025-11-17T13:54:17,Right-handed,Regular user,24,10,45.6608,27,180,left,120,60,0,186.02,185.13,0.6916
2235,938161,2025-11-17T13:54:17,Right-handed,Regular user,24,10,45.6608,28,500,right,160,80,0,501.26,494.91,0.6719
2236,938161,2025-11-17T13:54:17,Right-handed,Regular user,24,10,45.6608,29,180,right,80,40,0,198.26,193.75,0.7022
2237,938161,2025-11-17T13:54:17,Right-handed,Regular user,24,10,45.6608,30,360,left,80,40,0,374.0,374.0,1.04
2238,938161,2025-11-17T13:54:17,Right-handed,Regular user,24,10,45.6608,31,360,left,120,60,0,381.58,381.01,0.6713
2239,938161,2025-11-17T13:54:17,Right-handed,Regular user,24,10,45.6608,32,260,right,120,60,0,307.93,307.03,0.6715
2240,447629,2025-11-17T14:22:09,Right-handed,Regular user,34,1,44.5424,1,180,left,160,80,0,195.65,195.0,1.213
2241,447629,2025-11-17T14:22:09,Right-handed,Regular user,34,1,44.5424,2,180,right,120,60,0,194.45,193.13,0.6569
2242,447629,2025-11-17T14:22:09,Right-handed,Regular user,34,1,44.5424,3,260,left,160,80,0,266.96,266.09,0.8564
2243,447629,2025-11-17T14:22:09,Right-handed,Regular user,34,1,44.5424,4,360,right,160,80,0,371.06,371.0,0.7127
2244,447629,2025-11-17T14:22:09,Right-handed,Regular user,34,1,44.5424,5,260,right,80,40,0,323.29,250.39,0.9694
2245,447629,2025-11-17T14:22:09,Right-handed,Regular user,34,1,44.5424,6,360,left,120,60,1,457.54,389.01,1.1167
2246,447629,2025-11-17T14:22:09,Right-handed,Regular user,34,1,44.5424,7,260,right,120,60,0,313.35,311.13,0.7447
2247,447629,2025-11-17T14:22:09,Right-handed,Regular user,34,1,44.5424,8,500,left,120,60,0,479.87,479.02,0.8389
2248,447629,2025-11-17T14:22:09,Right-handed,Regular user,34,1,44.5424,9,180,left,120,60,0,143.9,143.5,0.7456
2249,447629,2025-11-17T14:22:09,Right-handed,Regular user,34,1,44.5424,10,360,left,40,20,0,367.06,366.0,1.1061
2250,447629,2025-11-17T14:22:09,Right-handed,Regular user,34,1,44.5424,11,360,right,40,20,0,484.17,361.01,0.9874
2251,447629,2025-11-17T14:22:09,Right-handed,Regular user,34,1,44.5424,12,260,left,40,20,0,253.01,252.03,0.7656
2252,447629,2025-11-17T14:22:09,Right-handed,Regular user,34,1,44.5424,13,360,left,80,40,0,378.49,368.2,0.6793
2253,447629,2025-11-17T14:22:09,Right-handed,Regular user,34,1,44.5424,14,360,right,80,40,1,544.81,368.09,1.1683
2254,447629,2025-11-17T14:22:09,Right-handed,Regular user,34,1,44.5424,15,360,right,120,60,1,322.99,322.01,1.1388
2255,447629,2025-11-17T14:22:09,Right-handed,Regular user,34,1,44.5424,16,260,left,120,60,0,280.0,280.0,0.6571
2256,447629,2025-11-17T14:22:09,Right-handed,Regular user,34,1,44.5424,17,260,left,80,40,0,248.89,247.24,0.8765
2257,447629,2025-11-17T14:22:09,Right-handed,Regular user,34,1,44.5424,18,500,left,80,40,0,774.22,510.88,1.0594
2258,447629,2025-11-17T14:22:09,Right-handed,Regular user,34,1,44.5424,19,500,right,120,60,0,566.34,517.39,0.7702
2259,447629,2025-11-17T14:22:09,Right-handed,Regular user,34,1,44.5424,20,500,right,40,20,0,518.17,496.03,0.9675
2260,447629,2025-11-17T14:22:09,Right-handed,Regular user,34,1,44.5424,21,500,left,40,20,0,693.97,500.0,1.231
2261,447629,2025-11-17T14:22:09,Right-handed,Regular user,34,1,44.5424,22,180,left,40,20,0,209.89,184.04,0.8897
2262,447629,2025-11-17T14:22:09,Right-handed,Regular user,34,1,44.5424,23,260,right,40,20,0,300.47,253.07,0.855
2263,447629,2025-11-17T14:22:09,Right-handed,Regular user,34,1,44.5424,24,180,right,80,40,0,214.44,185.0,0.9047
2264,447629,2025-11-17T14:22:09,Right-handed,Regular user,34,1,44.5424,25,360,left,160,80,0,495.77,388.08,0.9421
2265,447629,2025-11-17T14:22:09,Right-handed,Regular user,34,1,44.5424,26,500,right,80,40,1,480.34,478.1,1.0271
2266,447629,2025-11-17T14:22:09,Right-handed,Regular user,34,1,44.5424,27,180,right,160,80,0,153.0,153.0,0.6257
2267,447629,2025-11-17T14:22:09,Right-handed,Regular user,34,1,44.5424,28,500,left,160,80,0,461.0,461.0,0.882
2268,447629,2025-11-17T14:22:09,Right-handed,Regular user,34,1,44.5424,29,500,right,160,80,0,496.89,495.1,0.7503
2269,447629,2025-11-17T14:22:09,Right-handed,Regular user,34,1,44.5424,30,260,right,160,80,0,943.69,267.0,1.294
2270,447629,2025-11-17T14:22:09,Right-handed,Regular user,34,1,44.5424,31,180,right,40,20,0,199.55,171.03,1.1262
2271,447629,2025-11-17T14:22:09,Right-handed,Regular user,34,1,44.5424,32,180,left,80,40,0,192.65,191.09,0.5635
2272,447629,2025-11-17T14:22:09,Right-handed,Regular user,34,2,43.9949,1,500,right,120,60,0,474.51,471.51,0.9408
2273,447629,2025-11-17T14:22:09,Right-handed,Regular user,34,2,43.9949,2,180,right,120,60,0,286.72,221.02,0.9263
2274,447629,2025-11-17T14:22:09,Right-handed,Regular user,34,2,43.9949,3,360,left,120,60,0,376.69,376.01,0.6724
2275,447629,2025-11-17T14:22:09,Right-handed,Regular user,34,2,43.9949,4,360,right,120,60,0,340.0,340.0,0.6701
2276,447629,2025-11-17T14:22:09,Right-handed,Regular user,34,2,43.9949,5,180,left,160,80,0,178.0,178.0,0.5235
2277,447629,2025-11-17T14:22:09,Right-handed,Regular user,34,2,43.9949,6,500,right,160,80,0,754.24,477.65,1.9802
2278,447629,2025-11-17T14:22:09,Right-handed,Regular user,34,2,43.9949,7,360,right,40,20,0,355.74,355.0,1.0855
2279,447629,2025-11-17T14:22:09,Right-handed,Regular user,34,2,43.9949,8,260,right,40,20,0,428.73,262.07,1.1552
2280,447629,2025-11-17T14:22:09,Right-handed,Regular user,34,2,43.9949,9,500,left,120,60,0,479.0,479.0,0.8004
2281,447629,2025-11-17T14:22:09,Right-handed,Regular user,34,2,43.9949,10,500,left,40,20,0,514.87,514.04,1.0467
2282,447629,2025-11-17T14:22:09,Right-handed,Regular user,34,2,43.9949,11,180,right,160,80,0,213.0,208.0,0.5607
2283,447629,2025-11-17T14:22:09,Right-handed,Regular user,34,2,43.9949,12,260,left,160,80,0,233.24,233.0,0.7096
2284,447629,2025-11-17T14:22:09,Right-handed,Regular user,34,2,43.9949,13,180,left,120,60,0,154.4,154.01,0.6891
2285,447629,2025-11-17T14:22:09,Right-handed,Regular user,34,2,43.9949,14,500,right,80,40,0,570.41,526.0,1.0121
2286,447629,2025-11-17T14:22:09,Right-handed,Regular user,34,2,43.9949,15,360,left,40,20,0,509.5,367.01,1.268
2287,447629,2025-11-17T14:22:09,Right-handed,Regular user,34,2,43.9949,16,260,left,120,60,0,233.65,233.0,0.9376
2288,447629,2025-11-17T14:22:09,Right-handed,Regular user,34,2,43.9949,17,500,left,160,80,0,509.04,478.03,0.9635
2289,447629,2025-11-17T14:22:09,Right-handed,Regular user,34,2,43.9949,18,360,right,160,80,0,375.39,374.05,0.9198
2290,447629,2025-11-17T14:22:09,Right-handed,Regular user,34,2,43.9949,19,260,left,40,20,0,300.44,267.01,0.9816
2291,447629,2025-11-17T14:22:09,Right-handed,Regular user,34,2,43.9949,20,360,left,80,40,0,436.13,369.01,1.0813
2292,447629,2025-11-17T14:22:09,Right-handed,Regular user,34,2,43.9949,21,180,left,40,20,0,520.39,188.0,1.8309
2293,447629,2025-11-17T14:22:09,Right-handed,Regular user,34,2,43.9949,22,180,right,80,40,0,190.32,185.33,0.8093
2294,447629,2025-11-17T14:22:09,Right-handed,Regular user,34,2,43.9949,23,260,right,80,40,0,277.09,275.22,0.6321
2295,447629,2025-11-17T14:22:09,Right-handed,Regular user,34,2,43.9949,24,180,left,80,40,0,196.75,193.37,0.7068
2296,447629,2025-11-17T14:22:09,Right-handed,Regular user,34,2,43.9949,25,260,left,80,40,0,287.41,273.0,0.7492
2297,447629,2025-11-17T14:22:09,Right-handed,Regular user,34,2,43.9949,26,180,right,40,20,0,195.62,178.0,0.8443
2298,447629,2025-11-17T14:22:09,Right-handed,Regular user,34,2,43.9949,27,360,left,160,80,0,404.14,344.25,0.755
2299,447629,2025-11-17T14:22:09,Right-handed,Regular user,34,2,43.9949,28,360,right,80,40,0,464.58,375.0,1.0133
2300,447629,2025-11-17T14:22:09,Right-handed,Regular user,34,2,43.9949,29,260,right,160,80,0,213.87,205.79,0.9088
2301,447629,2025-11-17T14:22:09,Right-handed,Regular user,34,2,43.9949,30,260,right,120,60,0,257.85,256.7,0.6499
2302,447629,2025-11-17T14:22:09,Right-handed,Regular user,34,2,43.9949,31,500,right,40,20,0,500.26,498.02,1.0335
2303,447629,2025-11-17T14:22:09,Right-handed,Regular user,34,2,43.9949,32,500,left,80,40,0,530.22,529.16,0.8551
2304,447629,2025-11-17T14:22:09,Right-handed,Regular user,34,3,43.3351,1,360,right,40,20,0,360.06,357.0,0.8371
2305,447629,2025-11-17T14:22:09,Right-handed,Regular user,34,3,43.3351,2,180,right,120,60,0,157.95,138.01,0.6977
2306,447629,2025-11-17T14:22:09,Right-handed,Regular user,34,3,43.3351,3,360,left,160,80,0,371.66,370.03,0.6717
2307,447629,2025-11-17T14:22:09,Right-handed,Regular user,34,3,43.3351,4,500,right,80,40,0,519.67,512.25,0.8668
2308,447629,2025-11-17T14:22:09,Right-handed,Regular user,34,3,43.3351,5,500,right,40,20,0,703.62,495.01,1.188
2309,447629,2025-11-17T14:22:09,Right-handed,Regular user,34,3,43.3351,6,260,left,40,20,0,267.98,267.09,0.9322
2310,447629,2025-11-17T14:22:09,Right-handed,Regular user,34,3,43.3351,7,180,left,160,80,0,148.73,148.05,0.6099
2311,447629,2025-11-17T14:22:09,Right-handed,Regular user,34,3,43.3351,8,260,right,120,60,0,487.68,272.89,0.9801
2312,447629,2025-11-17T14:22:09,Right-handed,Regular user,34,3,43.3351,9,500,right,120,60,0,565.99,447.76,0.776
2313,447629,2025-11-17T14:22:09,Right-handed,Regular user,34,3,43.3351,10,500,left,80,40,0,517.84,495.58,0.9292
2314,447629,2025-11-17T14:22:09,Right-handed,Regular user,34,3,43.3351,11,260,right,80,40,0,440.95,271.01,0.8451
2315,447629,2025-11-17T14:22:09,Right-handed,Regular user,34,3,43.3351,12,180,left,120,60,0,147.89,147.03,0.6017
2316,447629,2025-11-17T14:22:09,Right-handed,Regular user,34,3,43.3351,13,260,left,160,80,0,228.11,227.04,0.5822
2317,447629,2025-11-17T14:22:09,Right-handed,Regular user,34,3,43.3351,14,180,right,80,40,0,212.82,198.01,0.8582
2318,447629,2025-11-17T14:22:09,Right-handed,Regular user,34,3,43.3351,15,260,left,80,40,0,259.47,257.03,0.6975
2319,447629,2025-11-17T14:22:09,Right-handed,Regular user,34,3,43.3351,16,360,left,120,60,0,378.37,371.85,0.6905
2320,447629,2025-11-17T14:22:09,Right-handed,Regular user,34,3,43.3351,17,180,right,40,20,0,548.15,181.1,1.172
2321,447629,2025-11-17T14:22:09,Right-handed,Regular user,34,3,43.3351,18,180,left,80,40,0,185.24,170.03,0.7378
2322,447629,2025-11-17T14:22:09,Right-handed,Regular user,34,3,43.3351,19,260,right,160,80,0,279.06,277.22,0.6761
2323,447629,2025-11-17T14:22:09,Right-handed,Regular user,34,3,43.3351,20,260,left,120,60,1,329.96,311.04,2.259
2324,447629,2025-11-17T14:22:09,Right-handed,Regular user,34,3,43.3351,21,260,right,40,20,0,255.24,255.0,0.9802
2325,447629,2025-11-17T14:22:09,Right-handed,Regular user,34,3,43.3351,22,500,left,40,20,0,496.24,496.0,1.0302
2326,447629,2025-11-17T14:22:09,Right-handed,Regular user,34,3,43.3351,23,360,right,120,60,0,377.06,376.03,0.7423
2327,447629,2025-11-17T14:22:09,Right-handed,Regular user,34,3,43.3351,24,180,right,160,80,0,173.84,172.29,0.7234
2328,447629,2025-11-17T14:22:09,Right-handed,Regular user,34,3,43.3351,25,360,right,160,80,0,516.8,346.17,1.1413
2329,447629,2025-11-17T14:22:09,Right-handed,Regular user,34,3,43.3351,26,360,right,80,40,0,580.01,336.38,1.1091
2330,447629,2025-11-17T14:22:09,Right-handed,Regular user,34,3,43.3351,27,500,right,160,80,0,735.84,529.5,1.1985
2331,447629,2025-11-17T14:22:09,Right-handed,Regular user,34,3,43.3351,28,360,left,40,20,0,375.47,369.09,1.0164
2332,447629,2025-11-17T14:22:09,Right-handed,Regular user,34,3,43.3351,29,500,left,120,60,0,509.0,509.0,0.9383
2333,447629,2025-11-17T14:22:09,Right-handed,Regular user,34,3,43.3351,30,180,left,40,20,0,172.41,171.01,1.0063
2334,447629,2025-11-17T14:22:09,Right-handed,Regular user,34,3,43.3351,31,500,left,160,80,0,572.45,562.0,0.9383
2335,447629,2025-11-17T14:22:09,Right-handed,Regular user,34,3,43.3351,32,360,left,80,40,0,341.93,340.09,0.9657
2336,447629,2025-11-17T14:22:09,Right-handed,Regular user,34,4,45.5731,1,500,left,120,60,0,674.76,529.0,1.1679
2337,447629,2025-11-17T14:22:09,Right-handed,Regular user,34,4,45.5731,2,180,right,160,80,0,192.66,191.32,0.789
2338,447629,2025-11-17T14:22:09,Right-handed,Regular user,34,4,45.5731,3,500,left,160,80,0,479.96,479.0,0.8297
2339,447629,2025-11-17T14:22:09,Right-handed,Regular user,34,4,45.5731,4,260,right,120,60,0,257.29,257.01,0.7322
2340,447629,2025-11-17T14:22:09,Right-handed,Regular user,34,4,45.5731,5,180,left,40,20,0,172.64,171.05,0.871
2341,447629,2025-11-17T14:22:09,Right-handed,Regular user,34,4,45.5731,6,500,left,80,40,0,526.35,526.01,0.9535
2342,447629,2025-11-17T14:22:09,Right-handed,Regular user,34,4,45.5731,7,360,left,80,40,0,396.41,372.0,0.9861
2343,447629,2025-11-17T14:22:09,Right-handed,Regular user,34,4,45.5731,8,260,left,160,80,0,353.13,284.92,0.8968
2344,447629,2025-11-17T14:22:09,Right-handed,Regular user,34,4,45.5731,9,500,right,80,40,0,626.92,505.05,0.9789
2345,447629,2025-11-17T14:22:09,Right-handed,Regular user,34,4,45.5731,10,180,left,120,60,0,181.1,180.02,0.7527
2346,447629,2025-11-17T14:22:09,Right-handed,Regular user,34,4,45.5731,11,360,right,120,60,0,334.25,333.01,0.8099
2347,447629,2025-11-17T14:22:09,Right-handed,Regular user,34,4,45.5731,12,500,right,160,80,0,484.43,484.02,0.7655
2348,447629,2025-11-17T14:22:09,Right-handed,Regular user,34,4,45.5731,13,180,left,80,40,0,221.62,217.04,0.6267
2349,447629,2025-11-17T14:22:09,Right-handed,Regular user,34,4,45.5731,14,180,left,160,80,0,162.41,162.0,0.5359
2350,447629,2025-11-17T14:22:09,Right-handed,Regular user,34,4,45.5731,15,360,left,40,20,0,407.22,368.05,1.176
2351,447629,2025-11-17T14:22:09,Right-handed,Regular user,34,4,45.5731,16,500,right,40,20,0,511.27,505.19,1.2338
2352,447629,2025-11-17T14:22:09,Right-handed,Regular user,34,4,45.5731,17,260,right,40,20,1,337.57,256.07,1.1707
2353,447629,2025-11-17T14:22:09,Right-handed,Regular user,34,4,45.5731,18,180,right,120,60,0,180.45,179.1,0.5993
2354,447629,2025-11-17T14:22:09,Right-handed,Regular user,34,4,45.5731,19,260,right,160,80,0,255.41,255.02,0.704
2355,447629,2025-11-17T14:22:09,Right-handed,Regular user,34,4,45.5731,20,360,right,80,40,0,451.23,375.07,1.1124
2356,447629,2025-11-17T14:22:09,Right-handed,Regular user,34,4,45.5731,21,360,left,120,60,0,349.06,348.01,0.8012
2357,447629,2025-11-17T14:22:09,Right-handed,Regular user,34,4,45.5731,22,360,left,160,80,0,353.41,348.01,0.73
2358,447629,2025-11-17T14:22:09,Right-handed,Regular user,34,4,45.5731,23,260,left,120,60,0,283.04,209.04,0.7265
2359,447629,2025-11-17T14:22:09,Right-handed,Regular user,34,4,45.5731,24,260,right,80,40,0,263.28,262.12,0.7863
2360,447629,2025-11-17T14:22:09,Right-handed,Regular user,34,4,45.5731,25,260,left,80,40,0,262.87,262.03,0.7213
2361,447629,2025-11-17T14:22:09,Right-handed,Regular user,34,4,45.5731,26,360,right,160,80,0,340.52,339.07,0.7299
2362,447629,2025-11-17T14:22:09,Right-handed,Regular user,34,4,45.5731,27,500,left,40,20,0,507.51,507.02,0.9478
2363,447629,2025-11-17T14:22:09,Right-handed,Regular user,34,4,45.5731,28,360,right,40,20,0,366.79,366.05,0.9513
2364,447629,2025-11-17T14:22:09,Right-handed,Regular user,34,4,45.5731,29,260,left,40,20,0,260.62,254.03,0.8477
2365,447629,2025-11-17T14:22:09,Right-handed,Regular user,34,4,45.5731,30,180,right,80,40,0,184.61,184.1,0.7017
2366,447629,2025-11-17T14:22:09,Right-handed,Regular user,34,4,45.5731,31,180,right,40,20,0,179.23,177.07,0.9185
2367,447629,2025-11-17T14:22:09,Right-handed,Regular user,34,4,45.5731,32,500,right,120,60,0,701.67,519.42,2.3107
2368,447629,2025-11-17T14:22:09,Right-handed,Regular user,34,5,44.6979,1,360,left,80,40,0,336.96,333.38,0.7317
2369,447629,2025-11-17T14:22:09,Right-handed,Regular user,34,5,44.6979,2,500,right,120,60,0,499.53,488.3,1.3715
2370,447629,2025-11-17T14:22:09,Right-handed,Regular user,34,5,44.6979,3,260,left,80,40,0,279.54,279.03,0.7406
2371,447629,2025-11-17T14:22:09,Right-handed,Regular user,34,5,44.6979,4,360,right,80,40,0,356.91,350.14,1.0896
2372,447629,2025-11-17T14:22:09,Right-handed,Regular user,34,5,44.6979,5,360,right,40,20,0,413.99,357.07,1.2185
2373,447629,2025-11-17T14:22:09,Right-handed,Regular user,34,5,44.6979,6,360,right,120,60,1,445.29,399.06,1.5945
2374,447629,2025-11-17T14:22:09,Right-handed,Regular user,34,5,44.6979,7,260,left,160,80,0,234.73,234.02,0.6103
2375,447629,2025-11-17T14:22:09,Right-handed,Regular user,34,5,44.6979,8,180,left,120,60,0,175.23,172.65,0.6019
2376,447629,2025-11-17T14:22:09,Right-handed,Regular user,34,5,44.6979,9,500,left,160,80,0,540.77,540.0,0.8286
2377,447629,2025-11-17T14:22:09,Right-handed,Regular user,34,5,44.6979,10,500,left,120,60,0,517.63,517.02,0.8683
2378,447629,2025-11-17T14:22:09,Right-handed,Regular user,34,5,44.6979,11,500,left,80,40,0,523.99,522.06,0.929
2379,447629,2025-11-17T14:22:09,Right-handed,Regular user,34,5,44.6979,12,360,left,160,80,0,349.56,348.05,0.7766
2380,447629,2025-11-17T14:22:09,Right-handed,Regular user,34,5,44.6979,13,260,left,40,20,0,261.48,260.05,0.9937
2381,447629,2025-11-17T14:22:09,Right-handed,Regular user,34,5,44.6979,14,260,right,120,60,0,319.03,318.08,0.7661
2382,447629,2025-11-17T14:22:09,Right-handed,Regular user,34,5,44.6979,15,360,right,160,80,0,379.1,377.11,0.7367
2383,447629,2025-11-17T14:22:09,Right-handed,Regular user,34,5,44.6979,16,360,left,120,60,0,520.69,404.0,0.9754
2384,447629,2025-11-17T14:22:09,Right-handed,Regular user,34,5,44.6979,17,180,left,80,40,0,164.58,163.05,0.8014
2385,447629,2025-11-17T14:22:09,Right-handed,Regular user,34,5,44.6979,18,500,left,40,20,0,1085.74,496.0,1.8916
2386,447629,2025-11-17T14:22:09,Right-handed,Regular user,34,5,44.6979,19,180,right,80,40,0,181.01,175.0,0.9198
2387,447629,2025-11-17T14:22:09,Right-handed,Regular user,34,5,44.6979,20,180,right,120,60,0,377.96,170.03,0.9195
2388,447629,2025-11-17T14:22:09,Right-handed,Regular user,34,5,44.6979,21,180,right,160,80,0,154.47,153.03,0.6252
2389,447629,2025-11-17T14:22:09,Right-handed,Regular user,34,5,44.6979,22,180,left,40,20,0,188.04,176.0,0.831
2390,447629,2025-11-17T14:22:09,Right-handed,Regular user,34,5,44.6979,23,260,left,120,60,0,236.64,236.01,0.666
2391,447629,2025-11-17T14:22:09,Right-handed,Regular user,34,5,44.6979,24,260,right,160,80,0,257.97,256.07,0.8071
2392,447629,2025-11-17T14:22:09,Right-handed,Regular user,34,5,44.6979,25,260,right,40,20,0,256.39,254.1,0.9983
2393,447629,2025-11-17T14:22:09,Right-handed,Regular user,34,5,44.6979,26,360,left,40,20,0,365.28,359.07,0.9852
2394,447629,2025-11-17T14:22:09,Right-handed,Regular user,34,5,44.6979,27,260,right,80,40,0,486.96,268.05,1.0575
2395,447629,2025-11-17T14:22:09,Right-handed,Regular user,34,5,44.6979,28,180,left,160,80,0,204.0,204.0,0.5513
2396,447629,2025-11-17T14:22:09,Right-handed,Regular user,34,5,44.6979,29,500,right,40,20,0,494.3,491.0,1.1002
2397,447629,2025-11-17T14:22:09,Right-handed,Regular user,34,5,44.6979,30,500,right,160,80,0,738.58,457.04,1.1232
2398,447629,2025-11-17T14:22:09,Right-handed,Regular user,34,5,44.6979,31,180,right,40,20,0,221.51,184.04,1.1858
2399,447629,2025-11-17T14:22:09,Right-handed,Regular user,34,5,44.6979,32,500,right,80,40,0,503.46,471.13,0.8151
2400,447629,2025-11-17T14:22:09,Right-handed,Regular user,34,6,46.6633,1,500,right,120,60,0,478.6,466.57,0.8399
2401,447629,2025-11-17T14:22:09,Right-handed,Regular user,34,6,46.6633,2,180,right,80,40,0,608.76,189.07,1.3646
2402,447629,2025-11-17T14:22:09,Right-handed,Regular user,34,6,46.6633,3,360,left,40,20,0,349.4,347.0,0.9786
2403,447629,2025-11-17T14:22:09,Right-handed,Regular user,34,6,46.6633,4,500,left,120,60,0,666.41,514.01,0.865
2404,447629,2025-11-17T14:22:09,Right-handed,Regular user,34,6,46.6633,5,260,left,80,40,0,277.07,251.29,0.8728
2405,447629,2025-11-17T14:22:09,Right-handed,Regular user,34,6,46.6633,6,260,right,120,60,0,361.72,287.01,0.9268
2406,447629,2025-11-17T14:22:09,Right-handed,Regular user,34,6,46.6633,7,360,right,160,80,0,356.43,355.09,0.6526
2407,447629,2025-11-17T14:22:09,Right-handed,Regular user,34,6,46.6633,8,180,right,160,80,0,160.5,158.62,0.6676
2408,447629,2025-11-17T14:22:09,Right-handed,Regular user,34,6,46.6633,9,500,left,40,20,0,573.39,490.0,1.1149
2409,447629,2025-11-17T14:22:09,Right-handed,Regular user,34,6,46.6633,10,180,left,120,60,0,165.19,157.03,0.8306
2410,447629,2025-11-17T14:22:09,Right-handed,Regular user,34,6,46.6633,11,500,left,160,80,0,513.13,462.04,0.7489
2411,447629,2025-11-17T14:22:09,Right-handed,Regular user,34,6,46.6633,12,260,left,40,20,0,264.17,263.12,1.0066
2412,447629,2025-11-17T14:22:09,Right-handed,Regular user,34,6,46.6633,13,180,right,40,20,0,200.57,180.1,0.9091
2413,447629,2025-11-17T14:22:09,Right-handed,Regular user,34,6,46.6633,14,500,right,160,80,0,599.64,506.22,0.8884
2414,447629,2025-11-17T14:22:09,Right-handed,Regular user,34,6,46.6633,15,500,left,80,40,0,689.64,516.05,1.0683
2415,447629,2025-11-17T14:22:09,Right-handed,Regular user,34,6,46.6633,16,260,right,80,40,0,272.93,250.0,0.9557
2416,447629,2025-11-17T14:22:09,Right-handed,Regular user,34,6,46.6633,17,360,right,40,20,0,378.41,377.02,0.9608
2417,447629,2025-11-17T14:22:09,Right-handed,Regular user,34,6,46.6633,18,260,right,40,20,0,256.07,251.29,0.9951
2418,447629,2025-11-17T14:22:09,Right-handed,Regular user,34,6,46.6633,19,180,right,120,60,0,236.5,189.93,1.0042
2419,447629,2025-11-17T14:22:09,Right-handed,Regular user,34,6,46.6633,20,500,right,40,20,0,571.75,511.02,1.2948
2420,447629,2025-11-17T14:22:09,Right-handed,Regular user,34,6,46.6633,21,500,right,80,40,0,494.0,471.27,1.0187
2421,447629,2025-11-17T14:22:09,Right-handed,Regular user,34,6,46.6633,22,180,left,160,80,0,294.46,149.0,1.0986
2422,447629,2025-11-17T14:22:09,Right-handed,Regular user,34,6,46.6633,23,260,right,160,80,0,284.48,284.06,0.7439
2423,447629,2025-11-17T14:22:09,Right-handed,Regular user,34,6,46.6633,24,360,left,120,60,0,353.36,342.04,0.819
2424,447629,2025-11-17T14:22:09,Right-handed,Regular user,34,6,46.6633,25,360,right,120,60,0,485.94,393.13,1.2055
2425,447629,2025-11-17T14:22:09,Right-handed,Regular user,34,6,46.6633,26,180,left,80,40,0,179.92,174.14,0.7364
2426,447629,2025-11-17T14:22:09,Right-handed,Regular user,34,6,46.6633,27,360,left,160,80,0,384.85,367.07,0.8105
2427,447629,2025-11-17T14:22:09,Right-handed,Regular user,34,6,46.6633,28,260,left,160,80,0,254.61,254.01,0.8086
2428,447629,2025-11-17T14:22:09,Right-handed,Regular user,34,6,46.6633,29,360,left,80,40,0,355.52,355.01,0.8839
2429,447629,2025-11-17T14:22:09,Right-handed,Regular user,34,6,46.6633,30,360,right,80,40,0,445.99,372.0,1.2749
2430,447629,2025-11-17T14:22:09,Right-handed,Regular user,34,6,46.6633,31,180,left,40,20,0,338.5,186.02,0.9547
2431,447629,2025-11-17T14:22:09,Right-handed,Regular user,34,6,46.6633,32,260,left,120,60,0,235.44,232.17,0.799
2432,447629,2025-11-17T14:22:09,Right-handed,Regular user,34,7,49.3047,1,360,left,120,60,0,397.55,340.8,0.829
2433,447629,2025-11-17T14:22:09,Right-handed,Regular user,34,7,49.3047,2,260,right,40,20,0,348.48,268.19,0.9094
2434,447629,2025-11-17T14:22:09,Right-handed,Regular user,34,7,49.3047,3,180,right,40,20,0,175.95,172.24,0.7509
2435,447629,2025-11-17T14:22:09,Right-handed,Regular user,34,7,49.3047,4,260,left,80,40,0,292.7,283.04,0.7098
2436,447629,2025-11-17T14:22:09,Right-handed,Regular user,34,7,49.3047,5,500,left,40,20,0,536.85,499.0,0.9235
2437,447629,2025-11-17T14:22:09,Right-handed,Regular user,34,7,49.3047,6,500,right,80,40,0,539.27,519.06,1.0599
2438,447629,2025-11-17T14:22:09,Right-handed,Regular user,34,7,49.3047,7,500,left,80,40,0,542.7,488.01,0.8612
2439,447629,2025-11-17T14:22:09,Right-handed,Regular user,34,7,49.3047,8,260,right,160,80,0,263.97,261.07,0.6291
2440,447629,2025-11-17T14:22:09,Right-handed,Regular user,34,7,49.3047,9,260,left,160,80,0,255.0,255.0,0.6176
2441,447629,2025-11-17T14:22:09,Right-handed,Regular user,34,7,49.3047,10,260,right,80,40,0,270.9,268.19,0.7447
2442,447629,2025-11-17T14:22:09,Right-handed,Regular user,34,7,49.3047,11,360,right,120,60,0,343.71,341.29,0.675
2443,447629,2025-11-17T14:22:09,Right-handed,Regular user,34,7,49.3047,12,500,left,120,60,0,506.16,501.06,0.6872
2444,447629,2025-11-17T14:22:09,Right-handed,Regular user,34,7,49.3047,13,180,right,80,40,0,183.12,175.56,0.778
2445,447629,2025-11-17T14:22:09,Right-handed,Regular user,34,7,49.3047,14,500,right,160,80,0,571.02,488.05,0.8542
2446,447629,2025-11-17T14:22:09,Right-handed,Regular user,34,7,49.3047,15,500,right,40,20,0,715.09,484.04,1.2027
2447,447629,2025-11-17T14:22:09,Right-handed,Regular user,34,7,49.3047,16,360,right,80,40,0,661.24,341.38,1.0441
2448,447629,2025-11-17T14:22:09,Right-handed,Regular user,34,7,49.3047,17,180,left,80,40,0,208.55,208.02,0.763
2449,447629,2025-11-17T14:22:09,Right-handed,Regular user,34,7,49.3047,18,360,left,80,40,0,354.66,354.01,0.8604
2450,447629,2025-11-17T14:22:09,Right-handed,Regular user,34,7,49.3047,19,180,left,40,20,0,196.48,179.1,0.8363
2451,447629,2025-11-17T14:22:09,Right-handed,Regular user,34,7,49.3047,20,180,right,160,80,0,175.84,174.41,0.5917
2452,447629,2025-11-17T14:22:09,Right-handed,Regular user,34,7,49.3047,21,500,right,120,60,0,483.0,483.0,0.8217
2453,447629,2025-11-17T14:22:09,Right-handed,Regular user,34,7,49.3047,22,500,left,160,80,0,512.73,510.08,0.9063
2454,447629,2025-11-17T14:22:09,Right-handed,Regular user,34,7,49.3047,23,180,right,120,60,0,169.7,169.07,0.6325
2455,447629,2025-11-17T14:22:09,Right-handed,Regular user,34,7,49.3047,24,360,right,40,20,0,406.45,356.04,0.9593
2456,447629,2025-11-17T14:22:09,Right-handed,Regular user,34,7,49.3047,25,360,right,160,80,0,332.73,314.06,1.0568
2457,447629,2025-11-17T14:22:09,Right-handed,Regular user,34,7,49.3047,26,360,left,160,80,0,345.44,341.07,0.9574
2458,447629,2025-11-17T14:22:09,Right-handed,Regular user,34,7,49.3047,27,360,left,40,20,0,368.84,366.01,1.1519
2459,447629,2025-11-17T14:22:09,Right-handed,Regular user,34,7,49.3047,28,260,right,120,60,0,262.76,258.05,0.7666
2460,447629,2025-11-17T14:22:09,Right-handed,Regular user,34,7,49.3047,29,180,left,160,80,0,136.0,135.0,0.7278
2461,447629,2025-11-17T14:22:09,Right-handed,Regular user,34,7,49.3047,30,180,left,120,60,0,164.82,163.2,0.6146
2462,447629,2025-11-17T14:22:09,Right-handed,Regular user,34,7,49.3047,31,260,left,40,20,0,346.38,261.09,1.2973
2463,447629,2025-11-17T14:22:09,Right-handed,Regular user,34,7,49.3047,32,260,left,120,60,0,217.03,213.46,0.8596
2464,447629,2025-11-17T14:22:09,Right-handed,Regular user,34,8,45.9652,1,500,left,40,20,0,496.92,494.03,1.3187
2465,447629,2025-11-17T14:22:09,Right-handed,Regular user,34,8,45.9652,2,360,left,120,60,0,895.81,371.39,1.7104
2466,447629,2025-11-17T14:22:09,Right-handed,Regular user,34,8,45.9652,3,360,right,160,80,0,397.17,388.01,1.0542
2467,447629,2025-11-17T14:22:09,Right-handed,Regular user,34,8,45.9652,4,180,right,160,80,0,166.91,161.52,1.0177
2468,447629,2025-11-17T14:22:09,Right-handed,Regular user,34,8,45.9652,5,180,left,120,60,0,212.68,211.15,0.8718
2469,447629,2025-11-17T14:22:09,Right-handed,Regular user,34,8,45.9652,6,360,right,40,20,0,362.68,361.05,0.9221
2470,447629,2025-11-17T14:22:09,Right-handed,Regular user,34,8,45.9652,7,180,right,40,20,0,185.12,177.01,0.8477
2471,447629,2025-11-17T14:22:09,Right-handed,Regular user,34,8,45.9652,8,360,left,80,40,0,413.33,362.01,0.8927
2472,447629,2025-11-17T14:22:09,Right-handed,Regular user,34,8,45.9652,9,260,left,120,60,0,260.0,260.0,0.6924
2473,447629,2025-11-17T14:22:09,Right-handed,Regular user,34,8,45.9652,10,500,left,120,60,0,567.12,498.04,0.893
2474,447629,2025-11-17T14:22:09,Right-handed,Regular user,34,8,45.9652,11,500,right,80,40,0,556.96,522.06,1.251
2475,447629,2025-11-17T14:22:09,Right-handed,Regular user,34,8,45.9652,12,360,right,120,60,0,353.74,349.01,1.0168
2476,447629,2025-11-17T14:22:09,Right-handed,Regular user,34,8,45.9652,13,180,right,120,60,0,148.33,147.12,0.9793
2477,447629,2025-11-17T14:22:09,Right-handed,Regular user,34,8,45.9652,14,260,left,160,80,0,245.74,245.0,0.7891
2478,447629,2025-11-17T14:22:09,Right-handed,Regular user,34,8,45.9652,15,500,right,40,20,0,859.59,504.0,1.4031
2479,447629,2025-11-17T14:22:09,Right-handed,Regular user,34,8,45.9652,16,260,left,80,40,0,246.65,246.01,0.849
2480,447629,2025-11-17T14:22:09,Right-handed,Regular user,34,8,45.9652,17,360,left,40,20,0,350.54,350.01,1.0324
2481,447629,2025-11-17T14:22:09,Right-handed,Regular user,34,8,45.9652,18,500,left,80,40,0,503.64,497.0,1.8193
2482,447629,2025-11-17T14:22:09,Right-handed,Regular user,34,8,45.9652,19,260,right,40,20,1,293.63,278.02,1.3121
2483,447629,2025-11-17T14:22:09,Right-handed,Regular user,34,8,45.9652,20,260,right,80,40,0,256.45,256.03,0.829
2484,447629,2025-11-17T14:22:09,Right-handed,Regular user,34,8,45.9652,21,260,left,40,20,0,277.29,276.09,0.8026
2485,447629,2025-11-17T14:22:09,Right-handed,Regular user,34,8,45.9652,22,260,right,160,80,0,252.14,241.3,0.6759
2486,447629,2025-11-17T14:22:09,Right-handed,Regular user,34,8,45.9652,23,500,right,160,80,0,495.43,483.34,0.9159
2487,447629,2025-11-17T14:22:09,Right-handed,Regular user,34,8,45.9652,24,180,right,80,40,0,191.0,189.0,0.9064
2488,447629,2025-11-17T14:22:09,Right-handed,Regular user,34,8,45.9652,25,180,left,160,80,0,160.88,160.11,0.554
2489,447629,2025-11-17T14:22:09,Right-handed,Regular user,34,8,45.9652,26,180,left,80,40,0,184.32,184.01,0.6419
2490,447629,2025-11-17T14:22:09,Right-handed,Regular user,34,8,45.9652,27,260,right,120,60,0,284.08,284.0,0.7389
2491,447629,2025-11-17T14:22:09,Right-handed,Regular user,34,8,45.9652,28,360,left,160,80,0,309.31,307.03,0.7627
2492,447629,2025-11-17T14:22:09,Right-handed,Regular user,34,8,45.9652,29,500,right,120,60,0,488.73,485.23,0.9107
2493,447629,2025-11-17T14:22:09,Right-handed,Regular user,34,8,45.9652,30,360,right,80,40,0,385.28,384.05,0.9118
2494,447629,2025-11-17T14:22:09,Right-handed,Regular user,34,8,45.9652,31,500,left,160,80,0,516.27,515.01,0.7384
2495,447629,2025-11-17T14:22:09,Right-handed,Regular user,34,8,45.9652,32,180,left,40,20,0,187.83,181.0,1.0674
2496,447629,2025-11-17T14:22:09,Right-handed,Regular user,34,9,40.265,1,260,right,80,40,0,365.21,259.16,0.8188
2497,447629,2025-11-17T14:22:09,Right-handed,Regular user,34,9,40.265,2,360,right,120,60,0,366.31,337.01,0.8485
2498,447629,2025-11-17T14:22:09,Right-handed,Regular user,34,9,40.265,3,360,right,80,40,0,369.04,367.03,0.7732
2499,447629,2025-11-17T14:22:09,Right-handed,Regular user,34,9,40.265,4,180,left,160,80,0,183.0,182.0,0.582
2500,447629,2025-11-17T14:22:09,Right-handed,Regular user,34,9,40.265,5,260,left,160,80,0,203.82,202.09,0.6226
2501,447629,2025-11-17T14:22:09,Right-handed,Regular user,34,9,40.265,6,260,right,160,80,0,245.06,244.0,0.6574
2502,447629,2025-11-17T14:22:09,Right-handed,Regular user,34,9,40.265,7,360,left,80,40,0,340.24,337.0,0.8782
2503,447629,2025-11-17T14:22:09,Right-handed,Regular user,34,9,40.265,8,180,left,120,60,0,135.41,131.0,0.6688
2504,447629,2025-11-17T14:22:09,Right-handed,Regular user,34,9,40.265,9,260,left,80,40,0,229.8,229.01,0.7003
2505,447629,2025-11-17T14:22:09,Right-handed,Regular user,34,9,40.265,10,500,right,80,40,0,594.25,515.0,0.9794
2506,447629,2025-11-17T14:22:09,Right-handed,Regular user,34,9,40.265,11,500,left,160,80,0,490.33,479.02,0.7062
2507,447629,2025-11-17T14:22:09,Right-handed,Regular user,34,9,40.265,12,180,right,160,80,0,224.0,223.0,0.5508
2508,447629,2025-11-17T14:22:09,Right-handed,Regular user,34,9,40.265,13,260,left,120,60,0,258.65,258.0,0.5869
2509,447629,2025-11-17T14:22:09,Right-handed,Regular user,34,9,40.265,14,500,left,40,20,0,582.0,487.01,0.9107
2510,447629,2025-11-17T14:22:09,Right-handed,Regular user,34,9,40.265,15,500,right,120,60,0,505.07,504.02,0.7803
2511,447629,2025-11-17T14:22:09,Right-handed,Regular user,34,9,40.265,16,260,right,40,20,0,267.36,266.02,0.9415
2512,447629,2025-11-17T14:22:09,Right-handed,Regular user,34,9,40.265,17,180,left,80,40,0,215.68,215.02,0.6718
2513,447629,2025-11-17T14:22:09,Right-handed,Regular user,34,9,40.265,18,260,left,40,20,0,267.41,267.0,0.7037
2514,447629,2025-11-17T14:22:09,Right-handed,Regular user,34,9,40.265,19,360,left,120,60,0,311.41,310.01,0.7031
2515,447629,2025-11-17T14:22:09,Right-handed,Regular user,34,9,40.265,20,260,right,120,60,1,429.49,242.05,1.0212
2516,447629,2025-11-17T14:22:09,Right-handed,Regular user,34,9,40.265,21,360,right,40,20,0,381.07,372.03,0.905
2517,447629,2025-11-17T14:22:09,Right-handed,Regular user,34,9,40.265,22,360,left,40,20,1,426.24,367.01,1.0882
2518,447629,2025-11-17T14:22:09,Right-handed,Regular user,34,9,40.265,23,500,left,120,60,0,531.63,477.1,0.8732
2519,447629,2025-11-17T14:22:09,Right-handed,Regular user,34,9,40.265,24,180,left,40,20,0,195.45,192.07,1.0195
2520,447629,2025-11-17T14:22:09,Right-handed,Regular user,34,9,40.265,25,500,right,160,80,0,497.13,489.3,0.8377
2521,447629,2025-11-17T14:22:09,Right-handed,Regular user,34,9,40.265,26,500,right,40,20,0,528.18,512.05,1.2391
2522,447629,2025-11-17T14:22:09,Right-handed,Regular user,34,9,40.265,27,180,right,80,40,0,250.24,176.0,0.7928
2523,447629,2025-11-17T14:22:09,Right-handed,Regular user,34,9,40.265,28,500,left,80,40,0,610.95,514.01,0.8982
2524,447629,2025-11-17T14:22:09,Right-handed,Regular user,34,9,40.265,29,360,left,160,80,0,342.7,342.05,0.6886
2525,447629,2025-11-17T14:22:09,Right-handed,Regular user,34,9,40.265,30,180,right,120,60,0,274.97,239.21,0.6826
2526,447629,2025-11-17T14:22:09,Right-handed,Regular user,34,9,40.265,31,360,right,160,80,0,383.21,382.01,0.6875
2527,447629,2025-11-17T14:22:09,Right-handed,Regular user,34,9,40.265,32,180,right,40,20,0,192.59,189.04,1.3553
2528,447629,2025-11-17T14:22:09,Right-handed,Regular user,34,10,46.6328,1,260,right,160,80,0,274.65,274.12,0.7596
2529,447629,2025-11-17T14:22:09,Right-handed,Regular user,34,10,46.6328,2,180,left,120,60,1,256.98,228.08,1.0754
2530,447629,2025-11-17T14:22:09,Right-handed,Regular user,34,10,46.6328,3,360,right,40,20,0,421.43,363.01,0.9874
2531,447629,2025-11-17T14:22:09,Right-handed,Regular user,34,10,46.6328,4,360,left,80,40,0,346.97,346.02,0.7686
2532,447629,2025-11-17T14:22:09,Right-handed,Regular user,34,10,46.6328,5,260,left,80,40,0,243.89,243.05,0.7837
2533,447629,2025-11-17T14:22:09,Right-handed,Regular user,34,10,46.6328,6,260,right,40,20,0,265.5,261.38,0.9766
2534,447629,2025-11-17T14:22:09,Right-handed,Regular user,34,10,46.6328,7,500,right,40,20,0,502.66,500.2,1.2339
2535,447629,2025-11-17T14:22:09,Right-handed,Regular user,34,10,46.6328,8,180,left,40,20,0,198.95,192.17,1.0627
2536,447629,2025-11-17T14:22:09,Right-handed,Regular user,34,10,46.6328,9,500,right,160,80,0,483.7,481.38,1.0942
2537,447629,2025-11-17T14:22:09,Right-handed,Regular user,34,10,46.6328,10,500,left,40,20,0,575.44,499.04,1.365
2538,447629,2025-11-17T14:22:09,Right-handed,Regular user,34,10,46.6328,11,360,right,80,40,0,368.31,363.73,1.0714
2539,447629,2025-11-17T14:22:09,Right-handed,Regular user,34,10,46.6328,12,260,right,80,40,0,292.16,260.0,1.0773
2540,447629,2025-11-17T14:22:09,Right-handed,Regular user,34,10,46.6328,13,180,left,80,40,0,178.32,178.01,0.7987
2541,447629,2025-11-17T14:22:09,Right-handed,Regular user,34,10,46.6328,14,500,left,80,40,0,493.14,492.02,1.0036
2542,447629,2025-11-17T14:22:09,Right-handed,Regular user,34,10,46.6328,15,360,left,40,20,0,623.0,361.0,1.1051
2543,447629,2025-11-17T14:22:09,Right-handed,Regular user,34,10,46.6328,16,260,right,120,60,0,296.31,294.02,0.6792
2544,447629,2025-11-17T14:22:09,Right-handed,Regular user,34,10,46.6328,17,180,right,80,40,0,184.37,182.07,0.6446
2545,447629,2025-11-17T14:22:09,Right-handed,Regular user,34,10,46.6328,18,360,left,120,60,0,347.25,347.01,0.7375
2546,447629,2025-11-17T14:22:09,Right-handed,Regular user,34,10,46.6328,19,360,left,160,80,0,565.27,330.01,0.8952
2547,447629,2025-11-17T14:22:09,Right-handed,Regular user,34,10,46.6328,20,360,right,160,80,0,343.07,326.19,0.8129
2548,447629,2025-11-17T14:22:09,Right-handed,Regular user,34,10,46.6328,21,180,right,160,80,0,127.87,125.48,0.5685
2549,447629,2025-11-17T14:22:09,Right-handed,Regular user,34,10,46.6328,22,180,right,120,60,0,178.63,177.37,0.5186
2550,447629,2025-11-17T14:22:09,Right-handed,Regular user,34,10,46.6328,23,500,right,120,60,0,525.15,523.14,1.1971
2551,447629,2025-11-17T14:22:09,Right-handed,Regular user,34,10,46.6328,24,260,left,40,20,0,253.21,252.13,0.8053
2552,447629,2025-11-17T14:22:09,Right-handed,Regular user,34,10,46.6328,25,500,right,80,40,0,544.39,536.13,1.0844
2553,447629,2025-11-17T14:22:09,Right-handed,Regular user,34,10,46.6328,26,180,right,40,20,0,370.35,173.07,1.7419
2554,447629,2025-11-17T14:22:09,Right-handed,Regular user,34,10,46.6328,27,180,left,160,80,0,366.28,155.01,1.0853
2555,447629,2025-11-17T14:22:09,Right-handed,Regular user,34,10,46.6328,28,500,left,160,80,0,477.24,477.0,0.9509
2556,447629,2025-11-17T14:22:09,Right-handed,Regular user,34,10,46.6328,29,360,right,120,60,0,340.24,337.38,0.7839
2557,447629,2025-11-17T14:22:09,Right-handed,Regular user,34,10,46.6328,30,260,left,160,80,0,201.0,201.0,0.7211
2558,447629,2025-11-17T14:22:09,Right-handed,Regular user,34,10,46.6328,31,260,left,120,60,0,217.41,216.01,0.6833
2559,447629,2025-11-17T14:22:09,Right-handed,Regular user,34,10,46.6328,32,500,left,120,60,0,525.16,525.0,0.7696
2560,163166,2025-11-15T14:36:12,Right-handed,Rarely use mouse,23,1,59.0239,1,260,right,40,20,0,269.65,264.37,0.9986
2561,163166,2025-11-15T14:36:12,Right-handed,Rarely use mouse,23,1,59.0239,2,260,left,160,80,0,209.83,204.35,0.5657
2562,163166,2025-11-15T14:36:12,Right-handed,Rarely use mouse,23,1,59.0239,3,500,right,120,60,0,472.02,451.02,1.078
2563,163166,2025-11-15T14:36:12,Right-handed,Rarely use mouse,23,1,59.0239,4,180,left,120,60,0,155.13,150.33,0.7532
2564,163166,2025-11-15T14:36:12,Right-handed,Rarely use mouse,23,1,59.0239,5,260,right,120,60,0,222.54,221.1,0.8345
2565,163166,2025-11-15T14:36:12,Right-handed,Rarely use mouse,23,1,59.0239,6,360,right,80,40,0,475.94,360.11,0.9353
2566,163166,2025-11-15T14:36:12,Right-handed,Rarely use mouse,23,1,59.0239,7,500,left,80,40,0,1097.55,499.03,2.0605
2567,163166,2025-11-15T14:36:12,Right-handed,Rarely use mouse,23,1,59.0239,8,360,left,40,20,0,540.65,347.01,1.4291
2568,163166,2025-11-15T14:36:12,Right-handed,Rarely use mouse,23,1,59.0239,9,500,right,160,80,0,533.52,515.48,0.8246
2569,163166,2025-11-15T14:36:12,Right-handed,Rarely use mouse,23,1,59.0239,10,260,right,80,40,0,276.68,274.54,0.9415
2570,163166,2025-11-15T14:36:12,Right-handed,Rarely use mouse,23,1,59.0239,11,360,right,120,60,0,417.78,413.06,0.7413
2571,163166,2025-11-15T14:36:12,Right-handed,Rarely use mouse,23,1,59.0239,12,500,left,120,60,0,591.87,525.31,1.1175
2572,163166,2025-11-15T14:36:12,Right-handed,Rarely use mouse,23,1,59.0239,13,360,left,80,40,0,357.59,354.14,1.0499
2573,163166,2025-11-15T14:36:12,Right-handed,Rarely use mouse,23,1,59.0239,14,360,left,160,80,0,311.99,308.0,0.842
2574,163166,2025-11-15T14:36:12,Right-handed,Rarely use mouse,23,1,59.0239,15,500,left,40,20,0,507.07,502.08,1.17
2575,163166,2025-11-15T14:36:12,Right-handed,Rarely use mouse,23,1,59.0239,16,180,right,80,40,0,159.27,159.08,0.7938
2576,163166,2025-11-15T14:36:12,Right-handed,Rarely use mouse,23,1,59.0239,17,260,left,120,60,0,232.45,231.05,0.9706
2577,163166,2025-11-15T14:36:12,Right-handed,Rarely use mouse,23,1,59.0239,18,180,right,120,60,0,164.71,159.26,0.7061
2578,163166,2025-11-15T14:36:12,Right-handed,Rarely use mouse,23,1,59.0239,19,360,right,40,20,0,570.36,378.06,2.0737
2579,163166,2025-11-15T14:36:12,Right-handed,Rarely use mouse,23,1,59.0239,20,500,right,80,40,0,515.99,506.22,1.2105
2580,163166,2025-11-15T14:36:12,Right-handed,Rarely use mouse,23,1,59.0239,21,500,right,40,20,0,530.39,514.08,1.2917
2581,163166,2025-11-15T14:36:12,Right-handed,Rarely use mouse,23,1,59.0239,22,180,left,160,80,0,127.37,126.19,0.7199
2582,163166,2025-11-15T14:36:12,Right-handed,Rarely use mouse,23,1,59.0239,23,260,left,80,40,0,233.31,232.11,0.7732
2583,163166,2025-11-15T14:36:12,Right-handed,Rarely use mouse,23,1,59.0239,24,180,left,40,20,0,248.31,193.01,1.3118
2584,163166,2025-11-15T14:36:12,Right-handed,Rarely use mouse,23,1,59.0239,25,260,left,40,20,0,276.61,274.03,1.0912
2585,163166,2025-11-15T14:36:12,Right-handed,Rarely use mouse,23,1,59.0239,26,360,right,160,80,0,285.75,285.18,0.734
2586,163166,2025-11-15T14:36:12,Right-handed,Rarely use mouse,23,1,59.0239,27,500,left,160,80,0,480.42,480.0,0.8902
2587,163166,2025-11-15T14:36:12,Right-handed,Rarely use mouse,23,1,59.0239,28,180,left,80,40,0,147.42,147.05,0.8008
2588,163166,2025-11-15T14:36:12,Right-handed,Rarely use mouse,23,1,59.0239,29,360,left,120,60,0,365.09,363.86,0.6353
2589,163166,2025-11-15T14:36:12,Right-handed,Rarely use mouse,23,1,59.0239,30,180,right,40,20,0,185.34,184.04,0.6925
2590,163166,2025-11-15T14:36:12,Right-handed,Rarely use mouse,23,1,59.0239,31,180,right,160,80,0,195.22,193.75,0.6516
2591,163166,2025-11-15T14:36:12,Right-handed,Rarely use mouse,23,1,59.0239,32,260,right,160,80,0,224.69,217.99,0.8489
2592,163166,2025-11-15T14:36:12,Right-handed,Rarely use mouse,23,2,74.7547,1,360,right,120,60,0,569.35,417.27,1.2661
2593,163166,2025-11-15T14:36:12,Right-handed,Rarely use mouse,23,2,74.7547,2,360,right,160,80,0,336.3,334.61,0.8641
2594,163166,2025-11-15T14:36:12,Right-handed,Rarely use mouse,23,2,74.7547,3,500,right,80,40,0,681.3,523.38,1.2373
2595,163166,2025-11-15T14:36:12,Right-handed,Rarely use mouse,23,2,74.7547,4,180,left,160,80,0,150.51,146.87,0.6633
2596,163166,2025-11-15T14:36:12,Right-handed,Rarely use mouse,23,2,74.7547,5,180,right,80,40,0,201.9,196.06,0.8645
2597,163166,2025-11-15T14:36:12,Right-handed,Rarely use mouse,23,2,74.7547,6,180,left,80,40,0,178.41,178.0,0.6596
2598,163166,2025-11-15T14:36:12,Right-handed,Rarely use mouse,23,2,74.7547,7,360,left,40,20,0,451.71,360.03,1.1941
2599,163166,2025-11-15T14:36:12,Right-handed,Rarely use mouse,23,2,74.7547,8,360,right,40,20,0,362.31,361.03,1.0099
2600,163166,2025-11-15T14:36:12,Right-handed,Rarely use mouse,23,2,74.7547,9,500,right,160,80,0,851.65,533.73,1.1215
2601,163166,2025-11-15T14:36:12,Right-handed,Rarely use mouse,23,2,74.7547,10,360,left,120,60,0,389.31,380.0,0.9274
2602,163166,2025-11-15T14:36:12,Right-handed,Rarely use mouse,23,2,74.7547,11,180,right,160,80,0,141.34,141.09,0.9509
2603,163166,2025-11-15T14:36:12,Right-handed,Rarely use mouse,23,2,74.7547,12,500,right,120,60,0,524.56,518.87,0.8419
2604,163166,2025-11-15T14:36:12,Right-handed,Rarely use mouse,23,2,74.7547,13,180,left,40,20,1,177.96,167.07,3.1022
2605,163166,2025-11-15T14:36:12,Right-handed,Rarely use mouse,23,2,74.7547,14,260,left,40,20,0,339.52,254.13,1.6106
2606,163166,2025-11-15T14:36:12,Right-handed,Rarely use mouse,23,2,74.7547,15,500,left,40,20,0,717.54,517.02,1.892
2607,163166,2025-11-15T14:36:12,Right-handed,Rarely use mouse,23,2,74.7547,16,260,right,160,80,0,609.13,259.43,1.6019
2608,163166,2025-11-15T14:36:12,Right-handed,Rarely use mouse,23,2,74.7547,17,260,right,120,60,0,237.74,233.77,0.8486
2609,163166,2025-11-15T14:36:12,Right-handed,Rarely use mouse,23,2,74.7547,18,180,right,40,20,0,191.67,190.38,0.8384
2610,163166,2025-11-15T14:36:12,Right-handed,Rarely use mouse,23,2,74.7547,19,360,left,80,40,0,351.59,349.0,1.1006
2611,163166,2025-11-15T14:36:12,Right-handed,Rarely use mouse,23,2,74.7547,20,180,left,120,60,0,164.41,164.25,0.7215
2612,163166,2025-11-15T14:36:12,Right-handed,Rarely use mouse,23,2,74.7547,21,260,right,80,40,0,298.67,292.25,0.825
2613,163166,2025-11-15T14:36:12,Right-handed,Rarely use mouse,23,2,74.7547,22,500,left,80,40,0,519.81,511.19,1.0751
2614,163166,2025-11-15T14:36:12,Right-handed,Rarely use mouse,23,2,74.7547,23,180,right,120,60,0,185.15,183.07,0.7162
2615,163166,2025-11-15T14:36:12,Right-handed,Rarely use mouse,23,2,74.7547,24,360,left,160,80,0,335.96,334.6,0.8337
2616,163166,2025-11-15T14:36:12,Right-handed,Rarely use mouse,23,2,74.7547,25,260,left,120,60,1,276.14,275.26,1.3718
2617,163166,2025-11-15T14:36:12,Right-handed,Rarely use mouse,23,2,74.7547,26,500,left,120,60,0,453.27,450.64,1.6022
2618,163166,2025-11-15T14:36:12,Right-handed,Rarely use mouse,23,2,74.7547,27,500,left,160,80,0,567.63,436.46,1.4655
2619,163166,2025-11-15T14:36:12,Right-handed,Rarely use mouse,23,2,74.7547,28,260,right,40,20,0,388.03,258.28,2.3924
2620,163166,2025-11-15T14:36:12,Right-handed,Rarely use mouse,23,2,74.7547,29,260,left,160,80,0,296.06,283.78,2.9307
2621,163166,2025-11-15T14:36:12,Right-handed,Rarely use mouse,23,2,74.7547,30,260,left,80,40,1,280.59,257.05,1.9577
2622,163166,2025-11-15T14:36:12,Right-handed,Rarely use mouse,23,2,74.7547,31,500,right,40,20,0,534.83,509.08,1.1315
2623,163166,2025-11-15T14:36:12,Right-handed,Rarely use mouse,23,2,74.7547,32,360,right,80,40,0,347.53,346.39,0.7843
2624,163166,2025-11-15T14:36:12,Right-handed,Rarely use mouse,23,3,65.5989,1,180,left,160,80,0,163.09,163.01,0.6489
2625,163166,2025-11-15T14:36:12,Right-handed,Rarely use mouse,23,3,65.5989,2,360,right,80,40,0,513.2,373.98,0.9323
2626,163166,2025-11-15T14:36:12,Right-handed,Rarely use mouse,23,3,65.5989,3,360,right,40,20,0,372.45,349.17,1.0093
2627,163166,2025-11-15T14:36:12,Right-handed,Rarely use mouse,23,3,65.5989,4,500,right,80,40,0,546.21,490.23,0.8624
2628,163166,2025-11-15T14:36:12,Right-handed,Rarely use mouse,23,3,65.5989,5,260,left,120,60,0,267.93,259.09,0.9946
2629,163166,2025-11-15T14:36:12,Right-handed,Rarely use mouse,23,3,65.5989,6,260,left,160,80,0,233.23,230.02,0.7143
2630,163166,2025-11-15T14:36:12,Right-handed,Rarely use mouse,23,3,65.5989,7,260,left,40,20,1,295.63,279.0,1.9269
2631,163166,2025-11-15T14:36:12,Right-handed,Rarely use mouse,23,3,65.5989,8,260,right,120,60,0,251.7,244.1,0.7673
2632,163166,2025-11-15T14:36:12,Right-handed,Rarely use mouse,23,3,65.5989,9,260,right,40,20,0,269.73,262.05,1.2853
2633,163166,2025-11-15T14:36:12,Right-handed,Rarely use mouse,23,3,65.5989,10,180,right,40,20,0,170.6,169.03,0.9257
2634,163166,2025-11-15T14:36:12,Right-handed,Rarely use mouse,23,3,65.5989,11,360,left,80,40,0,355.98,350.07,1.1912
2635,163166,2025-11-15T14:36:12,Right-handed,Rarely use mouse,23,3,65.5989,12,180,left,40,20,0,195.06,182.02,1.0354
2636,163166,2025-11-15T14:36:12,Right-handed,Rarely use mouse,23,3,65.5989,13,360,right,120,60,0,327.84,325.12,0.8547
2637,163166,2025-11-15T14:36:12,Right-handed,Rarely use mouse,23,3,65.5989,14,260,right,160,80,0,248.39,247.07,0.7929
2638,163166,2025-11-15T14:36:12,Right-handed,Rarely use mouse,23,3,65.5989,15,500,right,120,60,0,603.83,538.05,1.0092
2639,163166,2025-11-15T14:36:12,Right-handed,Rarely use mouse,23,3,65.5989,16,260,left,80,40,0,416.9,256.01,1.073
2640,163166,2025-11-15T14:36:12,Right-handed,Rarely use mouse,23,3,65.5989,17,500,left,120,60,0,489.13,487.07,0.9525
2641,163166,2025-11-15T14:36:12,Right-handed,Rarely use mouse,23,3,65.5989,18,180,right,80,40,0,165.96,161.01,0.8485
2642,163166,2025-11-15T14:36:12,Right-handed,Rarely use mouse,23,3,65.5989,19,500,left,160,80,0,446.68,444.7,0.7172
2643,163166,2025-11-15T14:36:12,Right-handed,Rarely use mouse,23,3,65.5989,20,180,right,120,60,0,122.81,122.0,0.6983
2644,163166,2025-11-15T14:36:12,Right-handed,Rarely use mouse,23,3,65.5989,21,500,left,80,40,0,529.22,522.0,1.1104
2645,163166,2025-11-15T14:36:12,Right-handed,Rarely use mouse,23,3,65.5989,22,180,left,80,40,0,163.51,154.12,1.1122
2646,163166,2025-11-15T14:36:12,Right-handed,Rarely use mouse,23,3,65.5989,23,260,right,80,40,0,524.84,284.02,0.937
2647,163166,2025-11-15T14:36:12,Right-handed,Rarely use mouse,23,3,65.5989,24,360,left,40,20,0,446.88,356.24,1.1823
2648,163166,2025-11-15T14:36:12,Right-handed,Rarely use mouse,23,3,65.5989,25,180,right,160,80,0,124.92,124.79,0.6212
2649,163166,2025-11-15T14:36:12,Right-handed,Rarely use mouse,23,3,65.5989,26,360,left,120,60,0,342.89,323.3,0.9605
2650,163166,2025-11-15T14:36:12,Right-handed,Rarely use mouse,23,3,65.5989,27,180,left,120,60,0,141.72,139.09,0.7819
2651,163166,2025-11-15T14:36:12,Right-handed,Rarely use mouse,23,3,65.5989,28,500,left,40,20,0,849.91,514.0,1.483
2652,163166,2025-11-15T14:36:12,Right-handed,Rarely use mouse,23,3,65.5989,29,360,right,160,80,0,608.17,367.01,0.7393
2653,163166,2025-11-15T14:36:12,Right-handed,Rarely use mouse,23,3,65.5989,30,360,left,160,80,0,306.9,290.03,0.8561
2654,163166,2025-11-15T14:36:12,Right-handed,Rarely use mouse,23,3,65.5989,31,500,right,40,20,1,778.57,482.07,3.5529
2655,163166,2025-11-15T14:36:12,Right-handed,Rarely use mouse,23,3,65.5989,32,500,right,160,80,0,722.25,468.0,1.9165
2656,163166,2025-11-15T14:36:12,Right-handed,Rarely use mouse,23,4,455.9282,1,180,right,40,20,0,179.37,172.14,2.7973
2657,163166,2025-11-15T14:36:12,Right-handed,Rarely use mouse,23,4,455.9282,2,260,left,40,20,0,252.83,251.39,0.8757
2658,163166,2025-11-15T14:36:12,Right-handed,Rarely use mouse,23,4,455.9282,3,180,left,160,80,0,151.27,147.5,1.0337
2659,163166,2025-11-15T14:36:12,Right-handed,Rarely use mouse,23,4,455.9282,4,360,left,120,60,0,344.17,337.85,0.9974
2660,163166,2025-11-15T14:36:12,Right-handed,Rarely use mouse,23,4,455.9282,5,360,left,80,40,0,386.91,363.01,0.8178
2661,163166,2025-11-15T14:36:12,Right-handed,Rarely use mouse,23,4,455.9282,6,260,left,120,60,0,282.83,281.35,0.9344
2662,163166,2025-11-15T14:36:12,Right-handed,Rarely use mouse,23,4,455.9282,7,500,left,40,20,0,560.17,511.06,1.9486
2663,163166,2025-11-15T14:36:12,Right-handed,Rarely use mouse,23,4,455.9282,8,260,left,160,80,1,364.27,311.98,1.0598
2664,163166,2025-11-15T14:36:12,Right-handed,Rarely use mouse,23,4,455.9282,9,360,left,40,20,0,623.75,365.07,1.182
2665,163166,2025-11-15T14:36:12,Right-handed,Rarely use mouse,23,4,455.9282,10,360,right,80,40,0,394.44,377.06,1.1031
2666,163166,2025-11-15T14:36:12,Right-handed,Rarely use mouse,23,4,455.9282,11,260,right,120,60,0,245.96,236.41,1.2931
2667,163166,2025-11-15T14:36:12,Right-handed,Rarely use mouse,23,4,455.9282,12,360,right,160,80,1,507.33,416.01,1.0017
2668,163166,2025-11-15T14:36:12,Right-handed,Rarely use mouse,23,4,455.9282,13,260,right,80,40,0,284.95,255.0,0.9444
2669,163166,2025-11-15T14:36:12,Right-handed,Rarely use mouse,23,4,455.9282,14,180,left,40,20,3,2916.13,176.01,385.5587
2670,163166,2025-11-15T14:36:12,Right-handed,Rarely use mouse,23,4,455.9282,15,180,right,120,60,0,207.72,204.3,0.7301
2671,163166,2025-11-15T14:36:12,Right-handed,Rarely use mouse,23,4,455.9282,16,180,left,80,40,0,199.67,198.16,0.6885
2672,163166,2025-11-15T14:36:12,Right-handed,Rarely use mouse,23,4,455.9282,17,500,right,40,20,0,607.13,503.0,0.9885
2673,163166,2025-11-15T14:36:12,Right-handed,Rarely use mouse,23,4,455.9282,18,260,right,40,20,0,279.42,264.23,1.2368
2674,163166,2025-11-15T14:36:12,Right-handed,Rarely use mouse,23,4,455.9282,19,500,left,120,60,0,508.18,506.01,0.7385
2675,163166,2025-11-15T14:36:12,Right-handed,Rarely use mouse,23,4,455.9282,20,180,right,80,40,0,180.45,177.48,0.7241
2676,163166,2025-11-15T14:36:12,Right-handed,Rarely use mouse,23,4,455.9282,21,360,right,120,60,0,337.21,332.54,0.671
2677,163166,2025-11-15T14:36:12,Right-handed,Rarely use mouse,23,4,455.9282,22,260,right,160,80,0,207.02,205.55,0.7636
2678,163166,2025-11-15T14:36:12,Right-handed,Rarely use mouse,23,4,455.9282,23,500,right,120,60,0,496.39,472.87,0.9588
2679,163166,2025-11-15T14:36:12,Right-handed,Rarely use mouse,23,4,455.9282,24,260,left,80,40,0,685.69,280.04,1.0631
2680,163166,2025-11-15T14:36:12,Right-handed,Rarely use mouse,23,4,455.9282,25,500,left,160,80,0,460.37,459.0,0.8515
2681,163166,2025-11-15T14:36:12,Right-handed,Rarely use mouse,23,4,455.9282,26,360,right,40,20,0,365.14,362.14,1.2828
2682,163166,2025-11-15T14:36:12,Right-handed,Rarely use mouse,23,4,455.9282,27,360,left,160,80,0,284.16,283.0,0.6812
2683,163166,2025-11-15T14:36:12,Right-handed,Rarely use mouse,23,4,455.9282,28,500,right,160,80,0,525.76,524.16,0.7242
2684,163166,2025-11-15T14:36:12,Right-handed,Rarely use mouse,23,4,455.9282,29,500,right,80,40,0,626.6,495.0,0.9571
2685,163166,2025-11-15T14:36:12,Right-handed,Rarely use mouse,23,4,455.9282,30,180,right,160,80,0,182.95,181.66,0.8099
2686,163166,2025-11-15T14:36:12,Right-handed,Rarely use mouse,23,4,455.9282,31,500,left,80,40,0,517.78,513.12,0.8584
2687,163166,2025-11-15T14:36:12,Right-handed,Rarely use mouse,23,4,455.9282,32,180,left,120,60,0,227.51,226.88,0.67
2688,163166,2025-11-15T14:36:12,Right-handed,Rarely use mouse,23,5,216.8917,1,500,right,120,60,0,535.1,513.35,1.1259
2689,163166,2025-11-15T14:36:12,Right-handed,Rarely use mouse,23,5,216.8917,2,180,right,160,80,0,237.8,198.93,1.0302
2690,163166,2025-11-15T14:36:12,Right-handed,Rarely use mouse,23,5,216.8917,3,360,right,40,20,0,3008.37,349.12,18.1324
2691,163166,2025-11-15T14:36:12,Right-handed,Rarely use mouse,23,5,216.8917,4,360,left,120,60,0,359.45,350.52,1.0506
2692,163166,2025-11-15T14:36:12,Right-handed,Rarely use mouse,23,5,216.8917,5,500,left,40,20,0,536.47,504.0,1.5825
2693,163166,2025-11-15T14:36:12,Right-handed,Rarely use mouse,23,5,216.8917,6,360,right,120,60,0,344.68,342.18,1.0864
2694,163166,2025-11-15T14:36:12,Right-handed,Rarely use mouse,23,5,216.8917,7,180,left,40,20,1,621.95,184.01,25.1671
2695,163166,2025-11-15T14:36:12,Right-handed,Rarely use mouse,23,5,216.8917,8,500,right,80,40,0,525.54,515.01,1.4018
2696,163166,2025-11-15T14:36:12,Right-handed,Rarely use mouse,23,5,216.8917,9,360,right,80,40,0,406.4,395.13,1.1888
2697,163166,2025-11-15T14:36:12,Right-handed,Rarely use mouse,23,5,216.8917,10,500,left,160,80,0,494.2,486.41,0.927
2698,163166,2025-11-15T14:36:12,Right-handed,Rarely use mouse,23,5,216.8917,11,180,right,40,20,0,183.53,173.1,1.1744
2699,163166,2025-11-15T14:36:12,Right-handed,Rarely use mouse,23,5,216.8917,12,360,left,160,80,0,446.08,411.0,1.0452
2700,163166,2025-11-15T14:36:12,Right-handed,Rarely use mouse,23,5,216.8917,13,180,left,80,40,0,155.0,153.08,0.8397
2701,163166,2025-11-15T14:36:12,Right-handed,Rarely use mouse,23,5,216.8917,14,260,left,40,20,0,270.44,265.37,1.3895
2702,163166,2025-11-15T14:36:12,Right-handed,Rarely use mouse,23,5,216.8917,15,260,right,160,80,1,245.28,239.05,1.2491
2703,163166,2025-11-15T14:36:12,Right-handed,Rarely use mouse,23,5,216.8917,16,360,left,40,20,0,366.76,360.03,1.2277
2704,163166,2025-11-15T14:36:12,Right-handed,Rarely use mouse,23,5,216.8917,17,500,left,80,40,0,784.22,519.02,1.0693
2705,163166,2025-11-15T14:36:12,Right-handed,Rarely use mouse,23,5,216.8917,18,260,left,80,40,0,242.0,239.0,1.1212
2706,163166,2025-11-15T14:36:12,Right-handed,Rarely use mouse,23,5,216.8917,19,260,right,80,40,0,304.33,272.01,1.1515
2707,163166,2025-11-15T14:36:12,Right-handed,Rarely use mouse,23,5,216.8917,20,260,right,40,20,0,272.92,261.0,1.3079
2708,163166,2025-11-15T14:36:12,Right-handed,Rarely use mouse,23,5,216.8917,21,360,right,160,80,0,328.61,325.15,1.3112
2709,163166,2025-11-15T14:36:12,Right-handed,Rarely use mouse,23,5,216.8917,22,180,left,120,60,0,170.96,167.67,0.7034
2710,163166,2025-11-15T14:36:12,Right-handed,Rarely use mouse,23,5,216.8917,23,500,right,160,80,0,1075.73,497.53,118.9582
2711,163166,2025-11-15T14:36:12,Right-handed,Rarely use mouse,23,5,216.8917,24,360,left,80,40,0,452.31,385.22,1.0594
2712,163166,2025-11-15T14:36:12,Right-handed,Rarely use mouse,23,5,216.8917,25,500,left,120,60,0,524.29,471.0,0.7874
2713,163166,2025-11-15T14:36:12,Right-handed,Rarely use mouse,23,5,216.8917,26,500,right,40,20,0,516.59,510.0,1.1094
2714,163166,2025-11-15T14:36:12,Right-handed,Rarely use mouse,23,5,216.8917,27,260,left,160,80,0,216.49,209.86,0.6891
2715,163166,2025-11-15T14:36:12,Right-handed,Rarely use mouse,23,5,216.8917,28,180,right,120,60,1,163.0,155.08,1.1326
2716,163166,2025-11-15T14:36:12,Right-handed,Rarely use mouse,23,5,216.8917,29,260,right,120,60,0,276.3,273.0,0.6087
2717,163166,2025-11-15T14:36:12,Right-handed,Rarely use mouse,23,5,216.8917,30,180,right,80,40,0,190.07,187.0,0.6418
2718,163166,2025-11-15T14:36:12,Right-handed,Rarely use mouse,23,5,216.8917,31,260,left,120,60,0,254.59,252.03,0.7425
2719,163166,2025-11-15T14:36:12,Right-handed,Rarely use mouse,23,5,216.8917,32,180,left,160,80,0,150.41,149.0,0.5775
2720,163166,2025-11-15T14:36:12,Right-handed,Rarely use mouse,23,6,85.4786,1,360,left,40,20,0,349.73,346.01,1.229
2721,163166,2025-11-15T14:36:12,Right-handed,Rarely use mouse,23,6,85.4786,2,500,left,160,80,0,478.76,476.07,0.9467
2722,163166,2025-11-15T14:36:12,Right-handed,Rarely use mouse,23,6,85.4786,3,260,left,40,20,0,257.92,245.05,2.4104
2723,163166,2025-11-15T14:36:12,Right-handed,Rarely use mouse,23,6,85.4786,4,180,left,160,80,0,137.85,136.03,3.9585
2724,163166,2025-11-15T14:36:12,Right-handed,Rarely use mouse,23,6,85.4786,5,260,left,120,60,0,240.33,238.0,0.756
2725,163166,2025-11-15T14:36:12,Right-handed,Rarely use mouse,23,6,85.4786,6,260,left,160,80,0,259.54,258.01,0.6729
2726,163166,2025-11-15T14:36:12,Right-handed,Rarely use mouse,23,6,85.4786,7,360,right,160,80,0,447.53,429.07,0.8105
2727,163166,2025-11-15T14:36:12,Right-handed,Rarely use mouse,23,6,85.4786,8,180,right,80,40,0,163.33,161.08,0.7633
2728,163166,2025-11-15T14:36:12,Right-handed,Rarely use mouse,23,6,85.4786,9,260,right,120,60,0,256.01,253.57,0.8645
2729,163166,2025-11-15T14:36:12,Right-handed,Rarely use mouse,23,6,85.4786,10,260,right,40,20,0,269.6,261.32,1.4125
2730,163166,2025-11-15T14:36:12,Right-handed,Rarely use mouse,23,6,85.4786,11,360,right,80,40,0,378.4,371.05,0.675
2731,163166,2025-11-15T14:36:12,Right-handed,Rarely use mouse,23,6,85.4786,12,260,left,80,40,0,243.4,243.13,1.0088
2732,163166,2025-11-15T14:36:12,Right-handed,Rarely use mouse,23,6,85.4786,13,360,right,40,20,1,372.48,359.17,1.8515
2733,163166,2025-11-15T14:36:12,Right-handed,Rarely use mouse,23,6,85.4786,14,500,left,120,60,0,478.57,477.0,0.8947
2734,163166,2025-11-15T14:36:12,Right-handed,Rarely use mouse,23,6,85.4786,15,500,right,120,60,0,499.19,497.02,0.8794
2735,163166,2025-11-15T14:36:12,Right-handed,Rarely use mouse,23,6,85.4786,16,500,left,80,40,0,508.73,504.02,1.012
2736,163166,2025-11-15T14:36:12,Right-handed,Rarely use mouse,23,6,85.4786,17,360,right,120,60,0,376.98,374.48,0.8216
2737,163166,2025-11-15T14:36:12,Right-handed,Rarely use mouse,23,6,85.4786,18,500,right,160,80,0,544.41,543.18,0.763
2738,163166,2025-11-15T14:36:12,Right-handed,Rarely use mouse,23,6,85.4786,19,180,left,80,40,0,153.27,152.05,0.7248
2739,163166,2025-11-15T14:36:12,Right-handed,Rarely use mouse,23,6,85.4786,20,260,right,80,40,0,381.96,278.22,25.5649
2740,163166,2025-11-15T14:36:12,Right-handed,Rarely use mouse,23,6,85.4786,21,180,left,40,20,0,542.28,179.28,2.3428
2741,163166,2025-11-15T14:36:12,Right-handed,Rarely use mouse,23,6,85.4786,22,260,right,160,80,0,256.07,253.79,0.8123
2742,163166,2025-11-15T14:36:12,Right-handed,Rarely use mouse,23,6,85.4786,23,180,right,120,60,0,171.57,170.85,0.7223
2743,163166,2025-11-15T14:36:12,Right-handed,Rarely use mouse,23,6,85.4786,24,500,left,40,20,0,534.18,501.08,1.3262
2744,163166,2025-11-15T14:36:12,Right-handed,Rarely use mouse,23,6,85.4786,25,360,left,80,40,1,456.84,376.11,2.2659
2745,163166,2025-11-15T14:36:12,Right-handed,Rarely use mouse,23,6,85.4786,26,360,left,120,60,0,315.95,313.08,1.1289
2746,163166,2025-11-15T14:36:12,Right-handed,Rarely use mouse,23,6,85.4786,27,500,right,40,20,0,512.37,504.0,1.3021
2747,163166,2025-11-15T14:36:12,Right-handed,Rarely use mouse,23,6,85.4786,28,180,left,120,60,0,139.5,138.36,0.8005
2748,163166,2025-11-15T14:36:12,Right-handed,Rarely use mouse,23,6,85.4786,29,500,right,80,40,0,507.95,490.33,1.0615
2749,163166,2025-11-15T14:36:12,Right-handed,Rarely use mouse,23,6,85.4786,30,180,right,160,80,0,144.93,143.01,0.6524
2750,163166,2025-11-15T14:36:12,Right-handed,Rarely use mouse,23,6,85.4786,31,360,left,160,80,0,357.49,351.25,0.8122
2751,163166,2025-11-15T14:36:12,Right-handed,Rarely use mouse,23,6,85.4786,32,180,right,40,20,0,207.07,195.21,1.0934
2752,163166,2025-11-15T14:36:12,Right-handed,Rarely use mouse,23,7,56.5357,1,260,left,80,40,0,265.87,265.15,0.8142
2753,163166,2025-11-15T14:36:12,Right-handed,Rarely use mouse,23,7,56.5357,2,260,left,120,60,0,233.33,232.01,0.8524
2754,163166,2025-11-15T14:36:12,Right-handed,Rarely use mouse,23,7,56.5357,3,180,right,80,40,0,164.74,161.15,0.8598
2755,163166,2025-11-15T14:36:12,Right-handed,Rarely use mouse,23,7,56.5357,4,180,left,160,80,0,129.29,129.06,0.6268
2756,163166,2025-11-15T14:36:12,Right-handed,Rarely use mouse,23,7,56.5357,5,180,right,40,20,0,171.74,167.3,0.9669
2757,163166,2025-11-15T14:36:12,Right-handed,Rarely use mouse,23,7,56.5357,6,500,right,40,20,1,575.61,513.02,1.8743
2758,163166,2025-11-15T14:36:12,Right-handed,Rarely use mouse,23,7,56.5357,7,360,right,40,20,0,472.79,344.05,1.2082
2759,163166,2025-11-15T14:36:12,Right-handed,Rarely use mouse,23,7,56.5357,8,360,left,160,80,0,404.65,401.81,0.9075
2760,163166,2025-11-15T14:36:12,Right-handed,Rarely use mouse,23,7,56.5357,9,180,left,80,40,0,152.95,150.12,0.7248
2761,163166,2025-11-15T14:36:12,Right-handed,Rarely use mouse,23,7,56.5357,10,500,left,80,40,0,511.74,501.48,0.9069
2762,163166,2025-11-15T14:36:12,Right-handed,Rarely use mouse,23,7,56.5357,11,360,right,120,60,0,696.61,389.08,1.0189
2763,163166,2025-11-15T14:36:12,Right-handed,Rarely use mouse,23,7,56.5357,12,500,left,120,60,0,455.73,451.11,0.754
2764,163166,2025-11-15T14:36:12,Right-handed,Rarely use mouse,23,7,56.5357,13,500,right,80,40,0,513.5,507.72,1.407
2765,163166,2025-11-15T14:36:12,Right-handed,Rarely use mouse,23,7,56.5357,14,260,left,40,20,0,378.57,269.01,1.3441
2766,163166,2025-11-15T14:36:12,Right-handed,Rarely use mouse,23,7,56.5357,15,180,right,120,60,1,161.72,152.45,0.7381
2767,163166,2025-11-15T14:36:12,Right-handed,Rarely use mouse,23,7,56.5357,16,180,right,160,80,0,127.23,123.63,0.8352
2768,163166,2025-11-15T14:36:12,Right-handed,Rarely use mouse,23,7,56.5357,17,500,right,160,80,1,651.11,570.11,1.2958
2769,163166,2025-11-15T14:36:12,Right-handed,Rarely use mouse,23,7,56.5357,18,500,right,120,60,0,1263.87,458.34,1.5296
2770,163166,2025-11-15T14:36:12,Right-handed,Rarely use mouse,23,7,56.5357,19,500,left,160,80,0,469.9,467.05,1.0395
2771,163166,2025-11-15T14:36:12,Right-handed,Rarely use mouse,23,7,56.5357,20,180,left,40,20,2,276.08,179.4,8.0997
2772,163166,2025-11-15T14:36:12,Right-handed,Rarely use mouse,23,7,56.5357,21,260,right,80,40,1,546.0,291.01,1.1946
2773,163166,2025-11-15T14:36:12,Right-handed,Rarely use mouse,23,7,56.5357,22,360,right,80,40,1,370.21,358.05,1.3603
2774,163166,2025-11-15T14:36:12,Right-handed,Rarely use mouse,23,7,56.5357,23,360,right,160,80,1,311.38,309.87,0.8065
2775,163166,2025-11-15T14:36:12,Right-handed,Rarely use mouse,23,7,56.5357,24,260,right,40,20,1,325.77,272.15,2.231
2776,163166,2025-11-15T14:36:12,Right-handed,Rarely use mouse,23,7,56.5357,25,360,left,120,60,0,522.64,369.09,1.1127
2777,163166,2025-11-15T14:36:12,Right-handed,Rarely use mouse,23,7,56.5357,26,260,right,160,80,0,224.12,222.01,0.8696
2778,163166,2025-11-15T14:36:12,Right-handed,Rarely use mouse,23,7,56.5357,27,260,right,120,60,0,228.56,219.66,0.9774
2779,163166,2025-11-15T14:36:12,Right-handed,Rarely use mouse,23,7,56.5357,28,360,left,40,20,0,356.05,349.01,1.3062
2780,163166,2025-11-15T14:36:12,Right-handed,Rarely use mouse,23,7,56.5357,29,260,left,160,80,0,239.14,237.0,0.9176
2781,163166,2025-11-15T14:36:12,Right-handed,Rarely use mouse,23,7,56.5357,30,180,left,120,60,1,127.64,126.04,1.16
2782,163166,2025-11-15T14:36:12,Right-handed,Rarely use mouse,23,7,56.5357,31,500,left,40,20,0,495.51,492.01,1.4246
2783,163166,2025-11-15T14:36:12,Right-handed,Rarely use mouse,23,7,56.5357,32,360,left,80,40,0,360.71,355.05,0.8805
2784,163166,2025-11-15T14:36:12,Right-handed,Rarely use mouse,23,8,42.7473,1,360,right,40,20,0,492.27,357.24,1.0307
2785,163166,2025-11-15T14:36:12,Right-handed,Rarely use mouse,23,8,42.7473,2,180,left,40,20,1,180.89,172.03,1.3288
2786,163166,2025-11-15T14:36:12,Right-handed,Rarely use mouse,23,8,42.7473,3,260,left,40,20,0,271.45,262.0,1.0894
2787,163166,2025-11-15T14:36:12,Right-handed,Rarely use mouse,23,8,42.7473,4,260,left,160,80,1,449.1,286.34,1.007
2788,163166,2025-11-15T14:36:12,Right-handed,Rarely use mouse,23,8,42.7473,5,180,right,80,40,0,476.59,212.02,1.136
2789,163166,2025-11-15T14:36:12,Right-handed,Rarely use mouse,23,8,42.7473,6,180,right,120,60,0,177.06,173.67,0.748
2790,163166,2025-11-15T14:36:12,Right-handed,Rarely use mouse,23,8,42.7473,7,360,left,120,60,0,389.58,388.33,0.7474
2791,163166,2025-11-15T14:36:12,Right-handed,Rarely use mouse,23,8,42.7473,8,260,left,120,60,0,288.27,287.09,0.7348
2792,163166,2025-11-15T14:36:12,Right-handed,Rarely use mouse,23,8,42.7473,9,500,right,40,20,0,785.72,481.03,1.708
2793,163166,2025-11-15T14:36:12,Right-handed,Rarely use mouse,23,8,42.7473,10,180,right,40,20,1,248.1,179.63,1.308
2794,163166,2025-11-15T14:36:12,Right-handed,Rarely use mouse,23,8,42.7473,11,180,left,120,60,0,133.54,133.0,0.7133
2795,163166,2025-11-15T14:36:12,Right-handed,Rarely use mouse,23,8,42.7473,12,260,right,120,60,0,290.2,280.06,0.7401
2796,163166,2025-11-15T14:36:12,Right-handed,Rarely use mouse,23,8,42.7473,13,360,left,160,80,0,303.51,303.03,0.7179
2797,163166,2025-11-15T14:36:12,Right-handed,Rarely use mouse,23,8,42.7473,14,180,left,160,80,0,213.11,206.16,0.5697
2798,163166,2025-11-15T14:36:12,Right-handed,Rarely use mouse,23,8,42.7473,15,500,right,160,80,0,677.21,548.11,1.0575
2799,163166,2025-11-15T14:36:12,Right-handed,Rarely use mouse,23,8,42.7473,16,500,right,80,40,0,666.05,502.02,1.1006
2800,163166,2025-11-15T14:36:12,Right-handed,Rarely use mouse,23,8,42.7473,17,260,right,40,20,0,252.93,249.01,0.9965
2801,163166,2025-11-15T14:36:12,Right-handed,Rarely use mouse,23,8,42.7473,18,500,left,120,60,0,502.38,494.23,0.8873
2802,163166,2025-11-15T14:36:12,Right-handed,Rarely use mouse,23,8,42.7473,19,360,left,40,20,0,496.61,375.05,1.2754
2803,163166,2025-11-15T14:36:12,Right-handed,Rarely use mouse,23,8,42.7473,20,180,right,160,80,0,453.47,241.25,0.9001
2804,163166,2025-11-15T14:36:12,Right-handed,Rarely use mouse,23,8,42.7473,21,500,left,160,80,0,510.82,474.89,0.938
2805,163166,2025-11-15T14:36:12,Right-handed,Rarely use mouse,23,8,42.7473,22,500,right,120,60,0,534.87,526.31,0.8943
2806,163166,2025-11-15T14:36:12,Right-handed,Rarely use mouse,23,8,42.7473,23,260,right,160,80,0,229.9,191.59,0.7793
2807,163166,2025-11-15T14:36:12,Right-handed,Rarely use mouse,23,8,42.7473,24,360,right,120,60,0,344.86,332.01,1.1708
2808,163166,2025-11-15T14:36:12,Right-handed,Rarely use mouse,23,8,42.7473,25,360,left,80,40,0,340.15,329.0,1.0514
2809,163166,2025-11-15T14:36:12,Right-handed,Rarely use mouse,23,8,42.7473,26,360,right,80,40,0,383.02,374.03,0.9275
2810,163166,2025-11-15T14:36:12,Right-handed,Rarely use mouse,23,8,42.7473,27,180,left,80,40,0,151.24,148.22,0.8449
2811,163166,2025-11-15T14:36:12,Right-handed,Rarely use mouse,23,8,42.7473,28,260,left,80,40,1,314.89,286.06,1.2307
2812,163166,2025-11-15T14:36:12,Right-handed,Rarely use mouse,23,8,42.7473,29,500,left,40,20,0,510.84,506.0,1.0728
2813,163166,2025-11-15T14:36:12,Right-handed,Rarely use mouse,23,8,42.7473,30,500,left,80,40,0,480.94,479.07,1.1036
2814,163166,2025-11-15T14:36:12,Right-handed,Rarely use mouse,23,8,42.7473,31,260,right,80,40,0,257.13,245.01,0.9679
2815,163166,2025-11-15T14:36:12,Right-handed,Rarely use mouse,23,8,42.7473,32,360,right,160,80,0,353.45,350.12,0.9112
2816,163166,2025-11-15T14:36:12,Right-handed,Rarely use mouse,23,9,44.2201,1,500,right,160,80,1,492.57,488.04,0.9174
2817,163166,2025-11-15T14:36:12,Right-handed,Rarely use mouse,23,9,44.2201,2,180,left,160,80,0,142.72,129.14,0.8224
2818,163166,2025-11-15T14:36:12,Right-handed,Rarely use mouse,23,9,44.2201,3,260,right,80,40,0,288.24,267.23,1.0687
2819,163166,2025-11-15T14:36:12,Right-handed,Rarely use mouse,23,9,44.2201,4,180,right,160,80,0,156.03,142.02,0.879
2820,163166,2025-11-15T14:36:12,Right-handed,Rarely use mouse,23,9,44.2201,5,500,right,120,60,0,516.26,507.05,1.9907
2821,163166,2025-11-15T14:36:12,Right-handed,Rarely use mouse,23,9,44.2201,6,360,left,120,60,1,341.65,336.38,0.8398
2822,163166,2025-11-15T14:36:12,Right-handed,Rarely use mouse,23,9,44.2201,7,180,left,120,60,0,194.74,177.28,1.6455
2823,163166,2025-11-15T14:36:12,Right-handed,Rarely use mouse,23,9,44.2201,8,360,left,160,80,0,329.95,327.18,0.9308
2824,163166,2025-11-15T14:36:12,Right-handed,Rarely use mouse,23,9,44.2201,9,500,right,40,20,0,519.19,505.08,1.1997
2825,163166,2025-11-15T14:36:12,Right-handed,Rarely use mouse,23,9,44.2201,10,360,left,80,40,0,360.65,356.0,0.7521
2826,163166,2025-11-15T14:36:12,Right-handed,Rarely use mouse,23,9,44.2201,11,180,right,80,40,0,219.38,196.31,0.8547
2827,163166,2025-11-15T14:36:12,Right-handed,Rarely use mouse,23,9,44.2201,12,260,right,160,80,0,210.68,205.18,0.7787
2828,163166,2025-11-15T14:36:12,Right-handed,Rarely use mouse,23,9,44.2201,13,500,left,40,20,0,696.32,510.01,1.1702
2829,163166,2025-11-15T14:36:12,Right-handed,Rarely use mouse,23,9,44.2201,14,500,left,80,40,1,613.18,518.12,1.4592
2830,163166,2025-11-15T14:36:12,Right-handed,Rarely use mouse,23,9,44.2201,15,260,left,40,20,0,997.35,263.05,1.2087
2831,163166,2025-11-15T14:36:12,Right-handed,Rarely use mouse,23,9,44.2201,16,360,right,40,20,0,570.87,356.24,1.1327
2832,163166,2025-11-15T14:36:12,Right-handed,Rarely use mouse,23,9,44.2201,17,180,right,120,60,0,183.27,181.0,0.6845
2833,163166,2025-11-15T14:36:12,Right-handed,Rarely use mouse,23,9,44.2201,18,180,left,40,20,0,176.6,170.0,0.9722
2834,163166,2025-11-15T14:36:12,Right-handed,Rarely use mouse,23,9,44.2201,19,360,right,120,60,0,353.48,349.65,0.8821
2835,163166,2025-11-15T14:36:12,Right-handed,Rarely use mouse,23,9,44.2201,20,260,right,120,60,1,243.59,235.01,1.1499
2836,163166,2025-11-15T14:36:12,Right-handed,Rarely use mouse,23,9,44.2201,21,260,left,80,40,0,295.47,290.14,0.7985
2837,163166,2025-11-15T14:36:12,Right-handed,Rarely use mouse,23,9,44.2201,22,260,right,40,20,0,267.75,257.19,1.01
2838,163166,2025-11-15T14:36:12,Right-handed,Rarely use mouse,23,9,44.2201,23,260,left,160,80,1,248.7,247.02,1.02
2839,163166,2025-11-15T14:36:12,Right-handed,Rarely use mouse,23,9,44.2201,24,180,left,80,40,2,287.73,187.02,1.7526
2840,163166,2025-11-15T14:36:12,Right-handed,Rarely use mouse,23,9,44.2201,25,500,left,160,80,1,583.24,516.55,0.925
2841,163166,2025-11-15T14:36:12,Right-handed,Rarely use mouse,23,9,44.2201,26,180,right,40,20,1,240.35,189.1,0.9062
2842,163166,2025-11-15T14:36:12,Right-handed,Rarely use mouse,23,9,44.2201,27,360,left,40,20,0,409.44,365.05,1.3029
2843,163166,2025-11-15T14:36:12,Right-handed,Rarely use mouse,23,9,44.2201,28,360,right,80,40,0,918.81,322.01,0.9933
2844,163166,2025-11-15T14:36:12,Right-handed,Rarely use mouse,23,9,44.2201,29,260,left,120,60,0,269.84,268.84,0.7432
2845,163166,2025-11-15T14:36:12,Right-handed,Rarely use mouse,23,9,44.2201,30,500,left,120,60,0,505.06,479.34,0.8892
2846,163166,2025-11-15T14:36:12,Right-handed,Rarely use mouse,23,9,44.2201,31,360,right,160,80,0,610.14,431.05,0.9264
2847,163166,2025-11-15T14:36:12,Right-handed,Rarely use mouse,23,9,44.2201,32,500,right,80,40,0,601.28,519.51,1.3654
2848,163166,2025-11-15T14:36:12,Right-handed,Rarely use mouse,23,10,41.6271,1,260,right,80,40,1,270.16,236.61,1.5857
2849,163166,2025-11-15T14:36:12,Right-handed,Rarely use mouse,23,10,41.6271,2,500,left,120,60,0,470.27,465.57,0.8357
2850,163166,2025-11-15T14:36:12,Right-handed,Rarely use mouse,23,10,41.6271,3,260,left,40,20,0,324.16,270.01,1.1048
2851,163166,2025-11-15T14:36:12,Right-handed,Rarely use mouse,23,10,41.6271,4,360,left,40,20,0,375.47,359.0,1.3628
2852,163166,2025-11-15T14:36:12,Right-handed,Rarely use mouse,23,10,41.6271,5,500,right,160,80,0,496.85,486.26,0.8418
2853,163166,2025-11-15T14:36:12,Right-handed,Rarely use mouse,23,10,41.6271,6,500,left,40,20,0,490.73,488.03,1.176
2854,163166,2025-11-15T14:36:12,Right-handed,Rarely use mouse,23,10,41.6271,7,180,right,120,60,0,174.23,168.76,0.8499
2855,163166,2025-11-15T14:36:12,Right-handed,Rarely use mouse,23,10,41.6271,8,260,left,160,80,0,203.87,200.36,0.836
2856,163166,2025-11-15T14:36:12,Right-handed,Rarely use mouse,23,10,41.6271,9,180,left,120,60,0,175.86,172.41,0.6826
2857,163166,2025-11-15T14:36:12,Right-handed,Rarely use mouse,23,10,41.6271,10,360,right,40,20,0,382.65,365.23,1.6074
2858,163166,2025-11-15T14:36:12,Right-handed,Rarely use mouse,23,10,41.6271,11,500,right,80,40,0,500.99,491.49,1.1518
2859,163166,2025-11-15T14:36:12,Right-handed,Rarely use mouse,23,10,41.6271,12,260,left,120,60,1,261.27,258.05,0.6672
2860,163166,2025-11-15T14:36:12,Right-handed,Rarely use mouse,23,10,41.6271,13,360,right,120,60,0,376.65,369.99,1.0353
2861,163166,2025-11-15T14:36:12,Right-handed,Rarely use mouse,23,10,41.6271,14,500,left,80,40,0,594.15,477.0,0.8565
2862,163166,2025-11-15T14:36:12,Right-handed,Rarely use mouse,23,10,41.6271,15,500,right,120,60,0,676.69,511.06,1.1907
2863,163166,2025-11-15T14:36:12,Right-handed,Rarely use mouse,23,10,41.6271,16,180,right,80,40,1,200.58,195.66,0.8247
2864,163166,2025-11-15T14:36:12,Right-handed,Rarely use mouse,23,10,41.6271,17,360,left,120,60,0,537.68,386.02,0.92
2865,163166,2025-11-15T14:36:12,Right-handed,Rarely use mouse,23,10,41.6271,18,180,right,160,80,0,176.33,173.01,0.7261
2866,163166,2025-11-15T14:36:12,Right-handed,Rarely use mouse,23,10,41.6271,19,260,right,120,60,1,302.88,247.11,0.793
2867,163166,2025-11-15T14:36:12,Right-handed,Rarely use mouse,23,10,41.6271,20,180,left,40,20,0,342.85,171.35,0.8255
2868,163166,2025-11-15T14:36:12,Right-handed,Rarely use mouse,23,10,41.6271,21,500,left,160,80,0,450.72,450.07,0.8421
2869,163166,2025-11-15T14:36:12,Right-handed,Rarely use mouse,23,10,41.6271,22,180,left,160,80,0,142.78,141.51,0.577
2870,163166,2025-11-15T14:36:12,Right-handed,Rarely use mouse,23,10,41.6271,23,360,right,80,40,0,376.98,369.35,0.8353
2871,163166,2025-11-15T14:36:12,Right-handed,Rarely use mouse,23,10,41.6271,24,360,left,160,80,0,337.13,333.18,0.6978
2872,163166,2025-11-15T14:36:12,Right-handed,Rarely use mouse,23,10,41.6271,25,500,right,40,20,0,493.19,490.0,1.0252
2873,163166,2025-11-15T14:36:12,Right-handed,Rarely use mouse,23,10,41.6271,26,260,right,40,20,0,271.34,267.0,1.2004
2874,163166,2025-11-15T14:36:12,Right-handed,Rarely use mouse,23,10,41.6271,27,180,right,40,20,0,180.8,177.0,0.9934
2875,163166,2025-11-15T14:36:12,Right-handed,Rarely use mouse,23,10,41.6271,28,260,right,160,80,1,262.91,256.33,0.9574
2876,163166,2025-11-15T14:36:12,Right-handed,Rarely use mouse,23,10,41.6271,29,360,left,80,40,0,360.06,356.04,0.7958
2877,163166,2025-11-15T14:36:12,Right-handed,Rarely use mouse,23,10,41.6271,30,260,left,80,40,0,243.28,241.17,0.732
2878,163166,2025-11-15T14:36:12,Right-handed,Rarely use mouse,23,10,41.6271,31,180,left,80,40,0,170.47,170.0,0.6491
2879,163166,2025-11-15T14:36:12,Right-handed,Rarely use mouse,23,10,41.6271,32,360,right,160,80,0,362.36,352.36,0.6897
2880,38011,2025-11-15T14:59:12,Left-handed,Regular user,21,1,364.3574,1,500,right,120,60,0,495.85,493.03,1.1554
2881,38011,2025-11-15T14:59:12,Left-handed,Regular user,21,1,364.3574,2,500,left,80,40,0,494.82,491.41,1.4452
2882,38011,2025-11-15T14:59:12,Left-handed,Regular user,21,1,364.3574,3,260,left,120,60,0,226.62,226.02,0.9686
2883,38011,2025-11-15T14:59:12,Left-handed,Regular user,21,1,364.3574,4,180,left,40,20,0,219.33,191.04,1.2909
2884,38011,2025-11-15T14:59:12,Left-handed,Regular user,21,1,364.3574,5,500,right,40,20,0,522.53,498.14,1.4414
2885,38011,2025-11-15T14:59:12,Left-handed,Regular user,21,1,364.3574,6,360,left,120,60,0,387.37,386.37,0.8363
2886,38011,2025-11-15T14:59:12,Left-handed,Regular user,21,1,364.3574,7,260,left,80,40,0,268.89,268.09,1.0737
2887,38011,2025-11-15T14:59:12,Left-handed,Regular user,21,1,364.3574,8,500,left,40,20,0,600.84,506.02,1.6347
2888,38011,2025-11-15T14:59:12,Left-handed,Regular user,21,1,364.3574,9,260,right,80,40,0,286.26,284.45,0.895
2889,38011,2025-11-15T14:59:12,Left-handed,Regular user,21,1,364.3574,10,360,right,40,20,0,357.24,355.28,1.0987
2890,38011,2025-11-15T14:59:12,Left-handed,Regular user,21,1,364.3574,11,260,left,160,80,0,256.64,255.44,1.1809
2891,38011,2025-11-15T14:59:12,Left-handed,Regular user,21,1,364.3574,12,360,left,160,80,0,488.56,425.7,1.3078
2892,38011,2025-11-15T14:59:12,Left-handed,Regular user,21,1,364.3574,13,180,left,160,80,0,196.26,195.31,0.9267
2893,38011,2025-11-15T14:59:12,Left-handed,Regular user,21,1,364.3574,14,360,right,80,40,0,368.27,356.27,1.0767
2894,38011,2025-11-15T14:59:12,Left-handed,Regular user,21,1,364.3574,15,500,right,160,80,0,543.55,502.29,0.9745
2895,38011,2025-11-15T14:59:12,Left-handed,Regular user,21,1,364.3574,16,260,left,40,20,0,254.46,248.13,1.4306
2896,38011,2025-11-15T14:59:12,Left-handed,Regular user,21,1,364.3574,17,500,right,80,40,0,522.47,517.51,3.2798
2897,38011,2025-11-15T14:59:12,Left-handed,Regular user,21,1,364.3574,18,180,right,80,40,0,199.42,183.02,1.1686
2898,38011,2025-11-15T14:59:12,Left-handed,Regular user,21,1,364.3574,19,260,right,160,80,0,254.64,254.14,1.2528
2899,38011,2025-11-15T14:59:12,Left-handed,Regular user,21,1,364.3574,20,180,left,80,40,0,180.21,172.97,1.6468
2900,38011,2025-11-15T14:59:12,Left-handed,Regular user,21,1,364.3574,21,500,left,120,60,0,469.05,454.19,1.57
2901,38011,2025-11-15T14:59:12,Left-handed,Regular user,21,1,364.3574,22,260,right,120,60,0,545.65,263.37,1.0863
2902,38011,2025-11-15T14:59:12,Left-handed,Regular user,21,1,364.3574,23,180,left,120,60,0,147.78,143.17,1.4763
2903,38011,2025-11-15T14:59:12,Left-handed,Regular user,21,1,364.3574,24,260,right,40,20,0,255.4,250.2,1.3112
2904,38011,2025-11-15T14:59:12,Left-handed,Regular user,21,1,364.3574,25,360,right,160,80,0,368.77,357.95,0.9677
2905,38011,2025-11-15T14:59:12,Left-handed,Regular user,21,1,364.3574,26,180,right,40,20,0,164.83,161.11,1.2757
2906,38011,2025-11-15T14:59:12,Left-handed,Regular user,21,1,364.3574,27,180,right,120,60,0,153.78,141.06,3.9003
2907,38011,2025-11-15T14:59:12,Left-handed,Regular user,21,1,364.3574,28,360,left,80,40,1,342.22,336.25,1.3134
2908,38011,2025-11-15T14:59:12,Left-handed,Regular user,21,1,364.3574,29,360,left,40,20,0,364.52,358.05,1.4328
2909,38011,2025-11-15T14:59:12,Left-handed,Regular user,21,1,364.3574,30,180,right,160,80,0,172.68,160.01,0.9851
2910,38011,2025-11-15T14:59:12,Left-handed,Regular user,21,1,364.3574,31,500,left,160,80,0,497.63,488.01,0.7336
2911,38011,2025-11-15T14:59:12,Left-handed,Regular user,21,1,364.3574,32,360,right,120,60,0,360.95,339.33,1.0774
2912,38011,2025-11-15T14:59:12,Left-handed,Regular user,21,2,72.7503,1,260,right,80,40,1,255.79,250.51,1.4946
2913,38011,2025-11-15T14:59:12,Left-handed,Regular user,21,2,72.7503,2,180,right,160,80,0,176.74,172.63,0.8925
2914,38011,2025-11-15T14:59:12,Left-handed,Regular user,21,2,72.7503,3,180,left,160,80,0,146.02,145.34,0.9214
2915,38011,2025-11-15T14:59:12,Left-handed,Regular user,21,2,72.7503,4,360,right,40,20,0,451.63,341.01,1.7314
2916,38011,2025-11-15T14:59:12,Left-handed,Regular user,21,2,72.7503,5,180,left,80,40,0,150.79,150.33,1.0556
2917,38011,2025-11-15T14:59:12,Left-handed,Regular user,21,2,72.7503,6,360,left,40,20,0,371.49,365.14,1.3914
2918,38011,2025-11-15T14:59:12,Left-handed,Regular user,21,2,72.7503,7,180,left,120,60,0,150.68,150.01,1.3526
2919,38011,2025-11-15T14:59:12,Left-handed,Regular user,21,2,72.7503,8,260,left,80,40,0,261.65,250.05,1.314
2920,38011,2025-11-15T14:59:12,Left-handed,Regular user,21,2,72.7503,9,500,right,120,60,0,652.29,511.39,1.305
2921,38011,2025-11-15T14:59:12,Left-handed,Regular user,21,2,72.7503,10,500,left,40,20,0,502.21,487.02,1.3455
2922,38011,2025-11-15T14:59:12,Left-handed,Regular user,21,2,72.7503,11,360,right,120,60,0,561.52,379.0,1.2584
2923,38011,2025-11-15T14:59:12,Left-handed,Regular user,21,2,72.7503,12,360,right,160,80,0,436.35,368.07,1.1545
2924,38011,2025-11-15T14:59:12,Left-handed,Regular user,21,2,72.7503,13,180,left,40,20,0,222.45,182.18,1.2204
2925,38011,2025-11-15T14:59:12,Left-handed,Regular user,21,2,72.7503,14,180,right,80,40,0,169.93,166.08,1.3759
2926,38011,2025-11-15T14:59:12,Left-handed,Regular user,21,2,72.7503,15,500,left,80,40,0,505.29,495.46,1.316
2927,38011,2025-11-15T14:59:12,Left-handed,Regular user,21,2,72.7503,16,180,right,120,60,0,192.29,189.13,0.9269
2928,38011,2025-11-15T14:59:12,Left-handed,Regular user,21,2,72.7503,17,260,left,160,80,0,262.72,252.87,1.2309
2929,38011,2025-11-15T14:59:12,Left-handed,Regular user,21,2,72.7503,18,360,right,80,40,0,382.32,360.01,1.3254
2930,38011,2025-11-15T14:59:12,Left-handed,Regular user,21,2,72.7503,19,500,right,160,80,0,537.84,498.26,1.3418
2931,38011,2025-11-15T14:59:12,Left-handed,Regular user,21,2,72.7503,20,500,left,160,80,0,686.96,546.03,1.2323
2932,38011,2025-11-15T14:59:12,Left-handed,Regular user,21,2,72.7503,21,360,left,80,40,0,338.92,327.3,2.02
2933,38011,2025-11-15T14:59:12,Left-handed,Regular user,21,2,72.7503,22,500,right,40,20,2,511.92,495.04,2.9522
2934,38011,2025-11-15T14:59:12,Left-handed,Regular user,21,2,72.7503,23,500,left,120,60,0,514.23,507.22,1.3631
2935,38011,2025-11-15T14:59:12,Left-handed,Regular user,21,2,72.7503,24,260,left,120,60,0,228.56,226.22,1.3864
2936,38011,2025-11-15T14:59:12,Left-handed,Regular user,21,2,72.7503,25,180,right,40,20,0,179.13,178.4,1.1872
2937,38011,2025-11-15T14:59:12,Left-handed,Regular user,21,2,72.7503,26,260,right,160,80,0,295.39,258.91,1.1499
2938,38011,2025-11-15T14:59:12,Left-handed,Regular user,21,2,72.7503,27,260,right,40,20,0,353.16,270.03,1.3392
2939,38011,2025-11-15T14:59:12,Left-handed,Regular user,21,2,72.7503,28,260,right,120,60,0,260.68,258.41,2.0386
2940,38011,2025-11-15T14:59:12,Left-handed,Regular user,21,2,72.7503,29,360,left,160,80,1,309.96,307.01,1.9039
2941,38011,2025-11-15T14:59:12,Left-handed,Regular user,21,2,72.7503,30,260,left,40,20,1,283.35,279.03,1.759
2942,38011,2025-11-15T14:59:12,Left-handed,Regular user,21,2,72.7503,31,360,left,120,60,0,323.45,322.26,1.4645
2943,38011,2025-11-15T14:59:12,Left-handed,Regular user,21,2,72.7503,32,500,right,80,40,1,495.41,486.12,1.9961
2944,38011,2025-11-15T14:59:12,Left-handed,Regular user,21,3,95.5378,1,260,left,40,20,0,260.08,259.19,1.2881
2945,38011,2025-11-15T14:59:12,Left-handed,Regular user,21,3,95.5378,2,360,left,120,60,0,328.91,328.3,1.1334
2946,38011,2025-11-15T14:59:12,Left-handed,Regular user,21,3,95.5378,3,500,left,120,60,0,469.22,458.74,1.1497
2947,38011,2025-11-15T14:59:12,Left-handed,Regular user,21,3,95.5378,4,260,right,40,20,0,368.6,269.03,1.1478
2948,38011,2025-11-15T14:59:12,Left-handed,Regular user,21,3,95.5378,5,180,left,40,20,0,172.62,172.03,1.3906
2949,38011,2025-11-15T14:59:12,Left-handed,Regular user,21,3,95.5378,6,260,left,80,40,0,262.36,252.0,1.3176
2950,38011,2025-11-15T14:59:12,Left-handed,Regular user,21,3,95.5378,7,260,right,160,80,0,248.23,246.29,0.9553
2951,38011,2025-11-15T14:59:12,Left-handed,Regular user,21,3,95.5378,8,500,right,160,80,0,462.79,460.72,1.1934
2952,38011,2025-11-15T14:59:12,Left-handed,Regular user,21,3,95.5378,9,500,left,40,20,0,568.58,500.02,1.1722
2953,38011,2025-11-15T14:59:12,Left-handed,Regular user,21,3,95.5378,10,180,left,160,80,0,186.63,183.07,0.9207
2954,38011,2025-11-15T14:59:12,Left-handed,Regular user,21,3,95.5378,11,360,left,160,80,0,355.19,354.32,0.8407
2955,38011,2025-11-15T14:59:12,Left-handed,Regular user,21,3,95.5378,12,180,right,40,20,0,177.59,176.1,1.0759
2956,38011,2025-11-15T14:59:12,Left-handed,Regular user,21,3,95.5378,13,260,left,120,60,0,214.86,212.01,1.0674
2957,38011,2025-11-15T14:59:12,Left-handed,Regular user,21,3,95.5378,14,260,right,80,40,0,243.75,242.35,1.1448
2958,38011,2025-11-15T14:59:12,Left-handed,Regular user,21,3,95.5378,15,180,left,80,40,0,182.59,182.33,0.9206
2959,38011,2025-11-15T14:59:12,Left-handed,Regular user,21,3,95.5378,16,360,right,120,60,1,317.36,313.0,1.4644
2960,38011,2025-11-15T14:59:12,Left-handed,Regular user,21,3,95.5378,17,360,right,160,80,0,381.49,376.04,1.278
2961,38011,2025-11-15T14:59:12,Left-handed,Regular user,21,3,95.5378,18,360,left,40,20,0,353.7,352.0,1.2982
2962,38011,2025-11-15T14:59:12,Left-handed,Regular user,21,3,95.5378,19,360,right,80,40,0,372.35,351.28,30.8247
2963,38011,2025-11-15T14:59:12,Left-handed,Regular user,21,3,95.5378,20,500,right,120,60,0,543.17,541.01,0.9458
2964,38011,2025-11-15T14:59:12,Left-handed,Regular user,21,3,95.5378,21,500,right,80,40,0,549.76,504.0,0.9689
2965,38011,2025-11-15T14:59:12,Left-handed,Regular user,21,3,95.5378,22,180,right,120,60,0,191.08,185.0,1.6693
2966,38011,2025-11-15T14:59:12,Left-handed,Regular user,21,3,95.5378,23,360,left,80,40,0,352.94,351.14,1.1247
2967,38011,2025-11-15T14:59:12,Left-handed,Regular user,21,3,95.5378,24,180,left,120,60,0,132.55,131.14,1.3599
2968,38011,2025-11-15T14:59:12,Left-handed,Regular user,21,3,95.5378,25,500,right,40,20,0,648.48,510.01,1.7168
2969,38011,2025-11-15T14:59:12,Left-handed,Regular user,21,3,95.5378,26,180,right,160,80,0,200.79,199.74,0.9675
2970,38011,2025-11-15T14:59:12,Left-handed,Regular user,21,3,95.5378,27,260,left,160,80,0,243.81,243.35,1.0307
2971,38011,2025-11-15T14:59:12,Left-handed,Regular user,21,3,95.5378,28,500,left,80,40,0,484.43,477.1,1.2788
2972,38011,2025-11-15T14:59:12,Left-handed,Regular user,21,3,95.5378,29,180,right,80,40,0,253.77,200.49,1.2826
2973,38011,2025-11-15T14:59:12,Left-handed,Regular user,21,3,95.5378,30,260,right,120,60,0,272.92,257.07,1.2619
2974,38011,2025-11-15T14:59:12,Left-handed,Regular user,21,3,95.5378,31,360,right,40,20,0,364.49,354.11,1.2979
2975,38011,2025-11-15T14:59:12,Left-handed,Regular user,21,3,95.5378,32,500,left,160,80,0,484.94,463.16,1.0176
2976,38011,2025-11-15T14:59:12,Left-handed,Regular user,21,4,63.4082,1,360,right,80,40,0,363.7,359.0,1.2367
2977,38011,2025-11-15T14:59:12,Left-handed,Regular user,21,4,63.4082,2,260,right,160,80,1,224.02,223.0,1.5306
2978,38011,2025-11-15T14:59:12,Left-handed,Regular user,21,4,63.4082,3,500,left,120,60,0,457.26,454.25,1.1804
2979,38011,2025-11-15T14:59:12,Left-handed,Regular user,21,4,63.4082,4,180,left,120,60,1,158.1,157.03,1.5988
2980,38011,2025-11-15T14:59:12,Left-handed,Regular user,21,4,63.4082,5,180,right,80,40,0,166.36,166.03,1.1528
2981,38011,2025-11-15T14:59:12,Left-handed,Regular user,21,4,63.4082,6,180,right,160,80,0,180.65,176.92,0.9163
2982,38011,2025-11-15T14:59:12,Left-handed,Regular user,21,4,63.4082,7,260,left,160,80,0,186.07,186.01,0.9188
2983,38011,2025-11-15T14:59:12,Left-handed,Regular user,21,4,63.4082,8,500,left,40,20,0,522.55,510.04,1.5348
2984,38011,2025-11-15T14:59:12,Left-handed,Regular user,21,4,63.4082,9,180,right,40,20,0,199.29,198.01,1.0909
2985,38011,2025-11-15T14:59:12,Left-handed,Regular user,21,4,63.4082,10,360,right,120,60,0,372.84,370.0,1.2088
2986,38011,2025-11-15T14:59:12,Left-handed,Regular user,21,4,63.4082,11,360,left,40,20,0,398.43,357.14,1.2899
2987,38011,2025-11-15T14:59:12,Left-handed,Regular user,21,4,63.4082,12,500,right,160,80,0,501.05,492.0,1.1687
2988,38011,2025-11-15T14:59:12,Left-handed,Regular user,21,4,63.4082,13,360,left,80,40,0,427.38,359.17,1.1371
2989,38011,2025-11-15T14:59:12,Left-handed,Regular user,21,4,63.4082,14,500,right,40,20,0,541.5,501.06,1.3261
2990,38011,2025-11-15T14:59:12,Left-handed,Regular user,21,4,63.4082,15,180,left,40,20,0,171.18,167.36,1.0871
2991,38011,2025-11-15T14:59:12,Left-handed,Regular user,21,4,63.4082,16,260,left,40,20,0,293.41,273.09,2.1536
2992,38011,2025-11-15T14:59:12,Left-handed,Regular user,21,4,63.4082,17,180,right,120,60,0,180.2,178.81,0.8449
2993,38011,2025-11-15T14:59:12,Left-handed,Regular user,21,4,63.4082,18,260,right,40,20,0,275.77,269.07,1.2376
2994,38011,2025-11-15T14:59:12,Left-handed,Regular user,21,4,63.4082,19,260,right,80,40,0,276.32,258.12,1.2072
2995,38011,2025-11-15T14:59:12,Left-handed,Regular user,21,4,63.4082,20,260,left,80,40,0,287.67,258.01,1.0194
2996,38011,2025-11-15T14:59:12,Left-handed,Regular user,21,4,63.4082,21,360,right,160,80,0,322.01,314.19,0.988
2997,38011,2025-11-15T14:59:12,Left-handed,Regular user,21,4,63.4082,22,260,right,120,60,0,259.14,257.03,1.1058
2998,38011,2025-11-15T14:59:12,Left-handed,Regular user,21,4,63.4082,23,500,right,120,60,1,487.91,476.52,1.4334
2999,38011,2025-11-15T14:59:12,Left-handed,Regular user,21,4,63.4082,24,180,left,160,80,0,201.45,201.0,0.9533
3000,38011,2025-11-15T14:59:12,Left-handed,Regular user,21,4,63.4082,25,360,right,40,20,0,377.6,360.0,1.2678
3001,38011,2025-11-15T14:59:12,Left-handed,Regular user,21,4,63.4082,26,360,left,160,80,0,369.31,363.14,1.0323
3002,38011,2025-11-15T14:59:12,Left-handed,Regular user,21,4,63.4082,27,360,left,120,60,0,324.06,314.06,1.4512
3003,38011,2025-11-15T14:59:12,Left-handed,Regular user,21,4,63.4082,28,500,left,160,80,0,455.03,446.36,1.3074
3004,38011,2025-11-15T14:59:12,Left-handed,Regular user,21,4,63.4082,29,500,right,80,40,0,568.14,511.0,3.0133
3005,38011,2025-11-15T14:59:12,Left-handed,Regular user,21,4,63.4082,30,180,left,80,40,0,166.78,165.11,1.1406
3006,38011,2025-11-15T14:59:12,Left-handed,Regular user,21,4,63.4082,31,260,left,120,60,0,290.71,290.34,0.8655
3007,38011,2025-11-15T14:59:12,Left-handed,Regular user,21,4,63.4082,32,500,left,80,40,0,519.85,494.04,1.3274
3008,38011,2025-11-15T14:59:12,Left-handed,Regular user,21,5,54.3391,1,260,left,80,40,0,326.95,243.17,1.1949
3009,38011,2025-11-15T14:59:12,Left-handed,Regular user,21,5,54.3391,2,500,left,40,20,0,493.22,490.17,1.2984
3010,38011,2025-11-15T14:59:12,Left-handed,Regular user,21,5,54.3391,3,180,right,80,40,0,294.86,198.57,1.2768
3011,38011,2025-11-15T14:59:12,Left-handed,Regular user,21,5,54.3391,4,360,left,160,80,1,373.69,369.49,1.7564
3012,38011,2025-11-15T14:59:12,Left-handed,Regular user,21,5,54.3391,5,260,left,160,80,0,228.13,226.97,0.9599
3013,38011,2025-11-15T14:59:12,Left-handed,Regular user,21,5,54.3391,6,360,left,120,60,0,344.84,342.42,1.2372
3014,38011,2025-11-15T14:59:12,Left-handed,Regular user,21,5,54.3391,7,360,right,160,80,0,406.88,385.03,1.1967
3015,38011,2025-11-15T14:59:12,Left-handed,Regular user,21,5,54.3391,8,180,left,160,80,0,122.93,119.68,0.991
3016,38011,2025-11-15T14:59:12,Left-handed,Regular user,21,5,54.3391,9,180,right,160,80,0,195.35,195.04,0.8333
3017,38011,2025-11-15T14:59:12,Left-handed,Regular user,21,5,54.3391,10,260,left,40,20,0,282.31,270.07,1.06
3018,38011,2025-11-15T14:59:12,Left-handed,Regular user,21,5,54.3391,11,260,left,120,60,0,219.42,218.06,1.0034
3019,38011,2025-11-15T14:59:12,Left-handed,Regular user,21,5,54.3391,12,500,left,160,80,0,436.33,435.11,1.1078
3020,38011,2025-11-15T14:59:12,Left-handed,Regular user,21,5,54.3391,13,260,right,160,80,0,291.25,287.37,0.9173
3021,38011,2025-11-15T14:59:12,Left-handed,Regular user,21,5,54.3391,14,360,right,80,40,0,458.33,392.01,1.4096
3022,38011,2025-11-15T14:59:12,Left-handed,Regular user,21,5,54.3391,15,180,right,40,20,0,182.84,177.0,1.3588
3023,38011,2025-11-15T14:59:12,Left-handed,Regular user,21,5,54.3391,16,500,right,80,40,2,555.13,496.2,2.1802
3024,38011,2025-11-15T14:59:12,Left-handed,Regular user,21,5,54.3391,17,180,left,40,20,1,188.84,186.27,1.3289
3025,38011,2025-11-15T14:59:12,Left-handed,Regular user,21,5,54.3391,18,500,right,40,20,0,503.8,485.03,1.1882
3026,38011,2025-11-15T14:59:12,Left-handed,Regular user,21,5,54.3391,19,500,right,120,60,1,502.98,494.03,1.6648
3027,38011,2025-11-15T14:59:12,Left-handed,Regular user,21,5,54.3391,20,360,left,80,40,1,384.95,377.53,1.0764
3028,38011,2025-11-15T14:59:12,Left-handed,Regular user,21,5,54.3391,21,500,right,160,80,1,514.08,487.0,1.2713
3029,38011,2025-11-15T14:59:12,Left-handed,Regular user,21,5,54.3391,22,260,right,80,40,1,265.07,262.01,1.2883
3030,38011,2025-11-15T14:59:12,Left-handed,Regular user,21,5,54.3391,23,500,left,120,60,1,485.96,482.34,1.1175
3031,38011,2025-11-15T14:59:12,Left-handed,Regular user,21,5,54.3391,24,260,right,120,60,2,247.59,242.46,1.2438
3032,38011,2025-11-15T14:59:12,Left-handed,Regular user,21,5,54.3391,25,180,left,120,60,1,132.34,132.14,0.9945
3033,38011,2025-11-15T14:59:12,Left-handed,Regular user,21,5,54.3391,26,360,right,120,60,0,341.69,334.15,1.2554
3034,38011,2025-11-15T14:59:12,Left-handed,Regular user,21,5,54.3391,27,260,right,40,20,0,283.37,272.0,1.2926
3035,38011,2025-11-15T14:59:12,Left-handed,Regular user,21,5,54.3391,28,500,left,80,40,0,506.62,502.1,1.1977
3036,38011,2025-11-15T14:59:12,Left-handed,Regular user,21,5,54.3391,29,360,left,40,20,0,364.83,358.17,1.8162
3037,38011,2025-11-15T14:59:12,Left-handed,Regular user,21,5,54.3391,30,360,right,40,20,1,367.42,358.4,1.3423
3038,38011,2025-11-15T14:59:12,Left-handed,Regular user,21,5,54.3391,31,180,right,120,60,0,161.04,160.51,0.8962
3039,38011,2025-11-15T14:59:12,Left-handed,Regular user,21,5,54.3391,32,180,left,80,40,1,213.91,212.85,0.6364
3040,38011,2025-11-15T14:59:12,Left-handed,Regular user,21,6,48.3864,1,260,right,120,60,0,266.3,230.37,1.2668
3041,38011,2025-11-15T14:59:12,Left-handed,Regular user,21,6,48.3864,2,180,right,160,80,1,184.96,182.1,0.5487
3042,38011,2025-11-15T14:59:12,Left-handed,Regular user,21,6,48.3864,3,180,left,120,60,1,181.2,180.51,0.5876
3043,38011,2025-11-15T14:59:12,Left-handed,Regular user,21,6,48.3864,4,500,left,160,80,2,459.15,437.19,1.5685
3044,38011,2025-11-15T14:59:12,Left-handed,Regular user,21,6,48.3864,5,500,left,80,40,3,511.17,502.08,1.7386
3045,38011,2025-11-15T14:59:12,Left-handed,Regular user,21,6,48.3864,6,500,right,80,40,2,522.67,508.19,1.2357
3046,38011,2025-11-15T14:59:12,Left-handed,Regular user,21,6,48.3864,7,180,left,160,80,1,181.82,180.47,0.9362
3047,38011,2025-11-15T14:59:12,Left-handed,Regular user,21,6,48.3864,8,500,left,120,60,1,504.76,502.36,1.4592
3048,38011,2025-11-15T14:59:12,Left-handed,Regular user,21,6,48.3864,9,360,left,120,60,1,336.21,327.01,1.2609
3049,38011,2025-11-15T14:59:12,Left-handed,Regular user,21,6,48.3864,10,260,right,40,20,1,283.21,272.36,1.179
3050,38011,2025-11-15T14:59:12,Left-handed,Regular user,21,6,48.3864,11,360,right,120,60,2,345.32,342.21,1.3337
3051,38011,2025-11-15T14:59:12,Left-handed,Regular user,21,6,48.3864,12,180,left,40,20,2,194.52,192.01,1.2625
3052,38011,2025-11-15T14:59:12,Left-handed,Regular user,21,6,48.3864,13,180,right,40,20,1,190.39,186.22,1.1911
3053,38011,2025-11-15T14:59:12,Left-handed,Regular user,21,6,48.3864,14,260,left,40,20,1,260.26,252.07,0.8904
3054,38011,2025-11-15T14:59:12,Left-handed,Regular user,21,6,48.3864,15,360,left,40,20,1,356.17,350.0,1.4531
3055,38011,2025-11-15T14:59:12,Left-handed,Regular user,21,6,48.3864,16,360,left,160,80,0,311.73,298.02,1.3009
3056,38011,2025-11-15T14:59:12,Left-handed,Regular user,21,6,48.3864,17,500,right,40,20,0,509.43,496.2,0.9892
3057,38011,2025-11-15T14:59:12,Left-handed,Regular user,21,6,48.3864,18,180,right,120,60,2,145.7,138.06,1.1181
3058,38011,2025-11-15T14:59:12,Left-handed,Regular user,21,6,48.3864,19,360,left,80,40,0,367.06,362.0,1.1006
3059,38011,2025-11-15T14:59:12,Left-handed,Regular user,21,6,48.3864,20,260,right,80,40,0,281.24,274.12,1.0251
3060,38011,2025-11-15T14:59:12,Left-handed,Regular user,21,6,48.3864,21,500,right,160,80,0,507.13,486.1,1.1364
3061,38011,2025-11-15T14:59:12,Left-handed,Regular user,21,6,48.3864,22,260,right,160,80,0,203.79,203.48,0.8288
3062,38011,2025-11-15T14:59:12,Left-handed,Regular user,21,6,48.3864,23,180,left,80,40,0,199.22,198.49,1.0296
3063,38011,2025-11-15T14:59:12,Left-handed,Regular user,21,6,48.3864,24,180,right,80,40,0,185.33,182.02,1.1418
3064,38011,2025-11-15T14:59:12,Left-handed,Regular user,21,6,48.3864,25,500,left,40,20,0,521.92,514.0,1.4015
3065,38011,2025-11-15T14:59:12,Left-handed,Regular user,21,6,48.3864,26,360,right,160,80,0,396.94,394.01,1.0011
3066,38011,2025-11-15T14:59:12,Left-handed,Regular user,21,6,48.3864,27,260,left,160,80,0,235.49,230.63,1.8305
3067,38011,2025-11-15T14:59:12,Left-handed,Regular user,21,6,48.3864,28,260,left,120,60,0,363.53,282.29,1.5054
3068,38011,2025-11-15T14:59:12,Left-handed,Regular user,21,6,48.3864,29,360,right,40,20,0,412.4,355.0,1.2391
3069,38011,2025-11-15T14:59:12,Left-handed,Regular user,21,6,48.3864,30,360,right,80,40,0,420.85,363.01,2.6333
3070,38011,2025-11-15T14:59:12,Left-handed,Regular user,21,6,48.3864,31,500,right,120,60,0,466.91,460.28,2.5701
3071,38011,2025-11-15T14:59:12,Left-handed,Regular user,21,6,48.3864,32,260,left,80,40,1,306.09,278.15,1.1122
3072,38011,2025-11-15T14:59:12,Left-handed,Regular user,21,7,124.4691,1,500,left,120,60,0,494.59,490.1,1.5737
3073,38011,2025-11-15T14:59:12,Left-handed,Regular user,21,7,124.4691,2,260,left,120,60,0,234.29,234.08,1.0591
3074,38011,2025-11-15T14:59:12,Left-handed,Regular user,21,7,124.4691,3,360,left,120,60,0,364.42,354.05,0.8882
3075,38011,2025-11-15T14:59:12,Left-handed,Regular user,21,7,124.4691,4,260,right,40,20,0,300.78,266.23,1.3389
3076,38011,2025-11-15T14:59:12,Left-handed,Regular user,21,7,124.4691,5,260,right,80,40,1,271.97,263.37,1.1785
3077,38011,2025-11-15T14:59:12,Left-handed,Regular user,21,7,124.4691,6,360,right,120,60,0,383.38,379.19,0.8986
3078,38011,2025-11-15T14:59:12,Left-handed,Regular user,21,7,124.4691,7,180,left,120,60,0,183.25,152.08,0.8912
3079,38011,2025-11-15T14:59:12,Left-handed,Regular user,21,7,124.4691,8,260,left,80,40,1,287.6,235.01,1.2198
3080,38011,2025-11-15T14:59:12,Left-handed,Regular user,21,7,124.4691,9,360,left,40,20,1,366.92,362.14,1.3024
3081,38011,2025-11-15T14:59:12,Left-handed,Regular user,21,7,124.4691,10,360,right,40,20,0,652.34,358.01,2.0559
3082,38011,2025-11-15T14:59:12,Left-handed,Regular user,21,7,124.4691,11,360,right,160,80,0,359.63,345.05,0.8956
3083,38011,2025-11-15T14:59:12,Left-handed,Regular user,21,7,124.4691,12,260,left,40,20,0,272.29,271.03,1.2534
3084,38011,2025-11-15T14:59:12,Left-handed,Regular user,21,7,124.4691,13,180,left,40,20,0,200.08,182.07,2.0059
3085,38011,2025-11-15T14:59:12,Left-handed,Regular user,21,7,124.4691,14,360,right,80,40,0,391.59,386.02,1.1758
3086,38011,2025-11-15T14:59:12,Left-handed,Regular user,21,7,124.4691,15,180,right,80,40,0,228.42,203.23,0.905
3087,38011,2025-11-15T14:59:12,Left-handed,Regular user,21,7,124.4691,16,180,left,80,40,0,146.31,146.09,0.7218
3088,38011,2025-11-15T14:59:12,Left-handed,Regular user,21,7,124.4691,17,500,right,80,40,1,494.2,475.34,1.2176
3089,38011,2025-11-15T14:59:12,Left-handed,Regular user,21,7,124.4691,18,360,left,160,80,1,400.69,363.44,1.1736
3090,38011,2025-11-15T14:59:12,Left-handed,Regular user,21,7,124.4691,19,180,right,40,20,0,183.07,180.4,1.1181
3091,38011,2025-11-15T14:59:12,Left-handed,Regular user,21,7,124.4691,20,500,left,40,20,2,539.4,515.02,2.9065
3092,38011,2025-11-15T14:59:12,Left-handed,Regular user,21,7,124.4691,21,260,right,120,60,0,321.55,268.54,1.3438
3093,38011,2025-11-15T14:59:12,Left-handed,Regular user,21,7,124.4691,22,180,left,160,80,0,115.0,115.0,0.9142
3094,38011,2025-11-15T14:59:12,Left-handed,Regular user,21,7,124.4691,23,500,right,160,80,0,507.46,506.67,0.9083
3095,38011,2025-11-15T14:59:12,Left-handed,Regular user,21,7,124.4691,24,500,left,80,40,0,501.74,476.27,1.4426
3096,38011,2025-11-15T14:59:12,Left-handed,Regular user,21,7,124.4691,25,260,right,160,80,0,304.79,300.17,4.2341
3097,38011,2025-11-15T14:59:12,Left-handed,Regular user,21,7,124.4691,26,500,right,120,60,0,622.52,525.38,1.6911
3098,38011,2025-11-15T14:59:12,Left-handed,Regular user,21,7,124.4691,27,180,right,160,80,0,159.22,157.17,3.0466
3099,38011,2025-11-15T14:59:12,Left-handed,Regular user,21,7,124.4691,28,180,right,120,60,0,145.33,145.03,1.183
3100,38011,2025-11-15T14:59:12,Left-handed,Regular user,21,7,124.4691,29,500,right,40,20,1,500.94,494.1,1.6107
3101,38011,2025-11-15T14:59:12,Left-handed,Regular user,21,7,124.4691,30,260,left,160,80,0,231.72,231.35,1.0422
3102,38011,2025-11-15T14:59:12,Left-handed,Regular user,21,7,124.4691,31,500,left,160,80,1,456.32,456.0,1.8279
3103,38011,2025-11-15T14:59:12,Left-handed,Regular user,21,7,124.4691,32,360,left,80,40,0,351.54,350.46,1.2231
3104,38011,2025-11-15T14:59:12,Left-handed,Regular user,21,8,53.3256,1,360,left,160,80,0,384.59,357.18,0.9063
3105,38011,2025-11-15T14:59:12,Left-handed,Regular user,21,8,53.3256,2,260,right,160,80,0,270.02,265.04,1.0216
3106,38011,2025-11-15T14:59:12,Left-handed,Regular user,21,8,53.3256,3,500,left,160,80,0,468.57,466.78,1.7773
3107,38011,2025-11-15T14:59:12,Left-handed,Regular user,21,8,53.3256,4,360,left,40,20,1,352.41,350.01,1.5213
3108,38011,2025-11-15T14:59:12,Left-handed,Regular user,21,8,53.3256,5,180,right,80,40,1,161.76,156.89,1.3371
3109,38011,2025-11-15T14:59:12,Left-handed,Regular user,21,8,53.3256,6,180,right,120,60,0,292.04,190.01,1.1855
3110,38011,2025-11-15T14:59:12,Left-handed,Regular user,21,8,53.3256,7,260,right,80,40,0,242.12,240.07,0.6811
3111,38011,2025-11-15T14:59:12,Left-handed,Regular user,21,8,53.3256,8,260,left,40,20,0,291.67,263.05,1.2109
3112,38011,2025-11-15T14:59:12,Left-handed,Regular user,21,8,53.3256,9,180,left,40,20,0,170.8,168.11,1.242
3113,38011,2025-11-15T14:59:12,Left-handed,Regular user,21,8,53.3256,10,360,left,80,40,0,354.7,350.04,1.2627
3114,38011,2025-11-15T14:59:12,Left-handed,Regular user,21,8,53.3256,11,260,left,160,80,0,218.36,218.19,1.0469
3115,38011,2025-11-15T14:59:12,Left-handed,Regular user,21,8,53.3256,12,180,right,160,80,0,132.87,132.0,1.0118
3116,38011,2025-11-15T14:59:12,Left-handed,Regular user,21,8,53.3256,13,260,right,40,20,0,259.77,258.03,1.3915
3117,38011,2025-11-15T14:59:12,Left-handed,Regular user,21,8,53.3256,14,260,right,120,60,0,339.76,282.3,1.1724
3118,38011,2025-11-15T14:59:12,Left-handed,Regular user,21,8,53.3256,15,500,right,160,80,3,499.91,446.04,1.7687
3119,38011,2025-11-15T14:59:12,Left-handed,Regular user,21,8,53.3256,16,500,left,120,60,1,474.64,458.25,1.2184
3120,38011,2025-11-15T14:59:12,Left-handed,Regular user,21,8,53.3256,17,360,right,120,60,1,344.56,323.06,1.1608
3121,38011,2025-11-15T14:59:12,Left-handed,Regular user,21,8,53.3256,18,260,left,80,40,1,235.58,235.01,1.125
3122,38011,2025-11-15T14:59:12,Left-handed,Regular user,21,8,53.3256,19,180,left,80,40,1,163.54,163.0,1.2081
3123,38011,2025-11-15T14:59:12,Left-handed,Regular user,21,8,53.3256,20,360,right,80,40,0,376.64,371.02,1.3171
3124,38011,2025-11-15T14:59:12,Left-handed,Regular user,21,8,53.3256,21,180,left,160,80,0,107.3,107.17,0.9337
3125,38011,2025-11-15T14:59:12,Left-handed,Regular user,21,8,53.3256,22,260,left,120,60,1,206.27,206.09,0.9848
3126,38011,2025-11-15T14:59:12,Left-handed,Regular user,21,8,53.3256,23,500,right,80,40,0,674.61,524.02,1.2875
3127,38011,2025-11-15T14:59:12,Left-handed,Regular user,21,8,53.3256,24,360,right,160,80,0,454.1,320.01,0.9476
3128,38011,2025-11-15T14:59:12,Left-handed,Regular user,21,8,53.3256,25,360,left,120,60,0,326.75,309.01,1.1439
3129,38011,2025-11-15T14:59:12,Left-handed,Regular user,21,8,53.3256,26,500,right,120,60,0,503.41,496.17,1.5582
3130,38011,2025-11-15T14:59:12,Left-handed,Regular user,21,8,53.3256,27,500,left,40,20,0,521.63,500.12,1.3123
3131,38011,2025-11-15T14:59:12,Left-handed,Regular user,21,8,53.3256,28,500,right,40,20,0,594.89,512.0,1.3325
3132,38011,2025-11-15T14:59:12,Left-handed,Regular user,21,8,53.3256,29,360,right,40,20,0,375.26,354.0,1.347
3133,38011,2025-11-15T14:59:12,Left-handed,Regular user,21,8,53.3256,30,180,left,120,60,0,154.61,152.74,0.8417
3134,38011,2025-11-15T14:59:12,Left-handed,Regular user,21,8,53.3256,31,180,right,40,20,0,192.26,189.02,1.1875
3135,38011,2025-11-15T14:59:12,Left-handed,Regular user,21,8,53.3256,32,500,left,80,40,1,510.33,490.08,1.1664
3136,38011,2025-11-15T14:59:12,Left-handed,Regular user,21,9,45.5652,1,260,right,160,80,0,271.61,270.12,0.8699
3137,38011,2025-11-15T14:59:12,Left-handed,Regular user,21,9,45.5652,2,180,right,80,40,1,189.34,175.14,1.0926
3138,38011,2025-11-15T14:59:12,Left-handed,Regular user,21,9,45.5652,3,360,left,120,60,2,348.5,346.52,1.1938
3139,38011,2025-11-15T14:59:12,Left-handed,Regular user,21,9,45.5652,4,260,left,80,40,2,239.16,238.01,1.1898
3140,38011,2025-11-15T14:59:12,Left-handed,Regular user,21,9,45.5652,5,260,right,120,60,1,241.72,238.0,1.2776
3141,38011,2025-11-15T14:59:12,Left-handed,Regular user,21,9,45.5652,6,500,right,120,60,2,498.19,482.13,1.2715
3142,38011,2025-11-15T14:59:12,Left-handed,Regular user,21,9,45.5652,7,360,right,40,20,1,372.34,358.01,1.275
3143,38011,2025-11-15T14:59:12,Left-handed,Regular user,21,9,45.5652,8,260,left,160,80,1,215.03,215.01,0.6136
3144,38011,2025-11-15T14:59:12,Left-handed,Regular user,21,9,45.5652,9,360,left,160,80,2,320.79,312.16,1.1681
3145,38011,2025-11-15T14:59:12,Left-handed,Regular user,21,9,45.5652,10,360,right,80,40,1,474.71,355.09,0.8078
3146,38011,2025-11-15T14:59:12,Left-handed,Regular user,21,9,45.5652,11,500,left,80,40,2,535.11,520.19,1.7184
3147,38011,2025-11-15T14:59:12,Left-handed,Regular user,21,9,45.5652,12,500,right,40,20,1,605.26,505.01,1.163
3148,38011,2025-11-15T14:59:12,Left-handed,Regular user,21,9,45.5652,13,360,left,80,40,1,504.34,366.44,1.3109
3149,38011,2025-11-15T14:59:12,Left-handed,Regular user,21,9,45.5652,14,260,right,40,20,1,279.69,270.02,1.2194
3150,38011,2025-11-15T14:59:12,Left-handed,Regular user,21,9,45.5652,15,360,left,40,20,2,365.68,358.0,1.2766
3151,38011,2025-11-15T14:59:12,Left-handed,Regular user,21,9,45.5652,16,500,left,120,60,3,463.02,457.53,1.9755
3152,38011,2025-11-15T14:59:12,Left-handed,Regular user,21,9,45.5652,17,360,right,120,60,1,357.75,347.02,1.0909
3153,38011,2025-11-15T14:59:12,Left-handed,Regular user,21,9,45.5652,18,500,right,80,40,2,512.8,500.0,1.2656
3154,38011,2025-11-15T14:59:12,Left-handed,Regular user,21,9,45.5652,19,500,right,160,80,2,591.3,511.26,1.6167
3155,38011,2025-11-15T14:59:12,Left-handed,Regular user,21,9,45.5652,20,180,left,40,20,1,262.19,178.1,1.1899
3156,38011,2025-11-15T14:59:12,Left-handed,Regular user,21,9,45.5652,21,180,left,80,40,2,166.06,166.01,1.1228
3157,38011,2025-11-15T14:59:12,Left-handed,Regular user,21,9,45.5652,22,260,left,40,20,2,307.0,270.02,1.6361
3158,38011,2025-11-15T14:59:12,Left-handed,Regular user,21,9,45.5652,23,260,right,80,40,2,260.65,259.03,1.101
3159,38011,2025-11-15T14:59:12,Left-handed,Regular user,21,9,45.5652,24,500,left,40,20,2,506.84,494.2,1.4134
3160,38011,2025-11-15T14:59:12,Left-handed,Regular user,21,9,45.5652,25,180,right,120,60,1,171.06,170.05,0.941
3161,38011,2025-11-15T14:59:12,Left-handed,Regular user,21,9,45.5652,26,360,right,160,80,1,341.84,341.38,1.1111
3162,38011,2025-11-15T14:59:12,Left-handed,Regular user,21,9,45.5652,27,180,left,160,80,2,135.6,135.37,0.9419
3163,38011,2025-11-15T14:59:12,Left-handed,Regular user,21,9,45.5652,28,180,right,40,20,1,209.56,197.0,1.172
3164,38011,2025-11-15T14:59:12,Left-handed,Regular user,21,9,45.5652,29,180,right,160,80,1,153.06,152.19,0.9865
3165,38011,2025-11-15T14:59:12,Left-handed,Regular user,21,9,45.5652,30,180,left,120,60,1,159.33,159.2,0.9962
3166,38011,2025-11-15T14:59:12,Left-handed,Regular user,21,9,45.5652,31,260,left,120,60,2,230.64,228.32,1.2613
3167,38011,2025-11-15T14:59:12,Left-handed,Regular user,21,9,45.5652,32,500,left,160,80,1,519.51,516.1,0.9587
3168,38011,2025-11-15T14:59:12,Left-handed,Regular user,21,10,44.3394,1,500,left,120,60,1,459.27,451.69,1.5108
3169,38011,2025-11-15T14:59:12,Left-handed,Regular user,21,10,44.3394,2,500,right,40,20,0,573.12,515.05,1.8456
3170,38011,2025-11-15T14:59:12,Left-handed,Regular user,21,10,44.3394,3,260,left,40,20,1,274.3,260.07,1.2808
3171,38011,2025-11-15T14:59:12,Left-handed,Regular user,21,10,44.3394,4,360,right,80,40,1,380.76,362.17,1.1617
3172,38011,2025-11-15T14:59:12,Left-handed,Regular user,21,10,44.3394,5,500,right,80,40,1,493.65,478.2,1.2055
3173,38011,2025-11-15T14:59:12,Left-handed,Regular user,21,10,44.3394,6,260,right,160,80,2,212.31,208.01,0.9818
3174,38011,2025-11-15T14:59:12,Left-handed,Regular user,21,10,44.3394,7,180,left,80,40,1,283.21,186.13,1.094
3175,38011,2025-11-15T14:59:12,Left-handed,Regular user,21,10,44.3394,8,260,right,40,20,1,246.53,245.07,1.1095
3176,38011,2025-11-15T14:59:12,Left-handed,Regular user,21,10,44.3394,9,360,left,160,80,1,323.67,317.01,0.9827
3177,38011,2025-11-15T14:59:12,Left-handed,Regular user,21,10,44.3394,10,500,left,80,40,1,504.97,477.01,1.4229
3178,38011,2025-11-15T14:59:12,Left-handed,Regular user,21,10,44.3394,11,180,left,160,80,1,114.28,114.02,1.2422
3179,38011,2025-11-15T14:59:12,Left-handed,Regular user,21,10,44.3394,12,360,left,40,20,1,378.47,359.05,1.3806
3180,38011,2025-11-15T14:59:12,Left-handed,Regular user,21,10,44.3394,13,180,right,80,40,2,237.78,208.06,1.0033
3181,38011,2025-11-15T14:59:12,Left-handed,Regular user,21,10,44.3394,14,500,left,40,20,2,521.48,502.08,1.61
3182,38011,2025-11-15T14:59:12,Left-handed,Regular user,21,10,44.3394,15,260,left,120,60,2,220.63,218.52,1.1801
3183,38011,2025-11-15T14:59:12,Left-handed,Regular user,21,10,44.3394,16,180,left,40,20,1,176.87,176.07,1.2112
3184,38011,2025-11-15T14:59:12,Left-handed,Regular user,21,10,44.3394,17,260,right,120,60,1,256.23,252.1,0.9611
3185,38011,2025-11-15T14:59:12,Left-handed,Regular user,21,10,44.3394,18,500,left,160,80,2,473.01,471.01,0.9578
3186,38011,2025-11-15T14:59:12,Left-handed,Regular user,21,10,44.3394,19,180,right,120,60,1,448.54,177.55,0.8113
3187,38011,2025-11-15T14:59:12,Left-handed,Regular user,21,10,44.3394,20,260,left,80,40,2,241.73,239.0,1.2472
3188,38011,2025-11-15T14:59:12,Left-handed,Regular user,21,10,44.3394,21,180,left,120,60,1,143.98,143.68,0.9428
3189,38011,2025-11-15T14:59:12,Left-handed,Regular user,21,10,44.3394,22,360,left,120,60,2,346.28,341.12,1.3453
3190,38011,2025-11-15T14:59:12,Left-handed,Regular user,21,10,44.3394,23,180,right,160,80,2,126.08,125.63,1.0005
3191,38011,2025-11-15T14:59:12,Left-handed,Regular user,21,10,44.3394,24,360,right,160,80,2,330.31,325.04,1.0282
3192,38011,2025-11-15T14:59:12,Left-handed,Regular user,21,10,44.3394,25,360,left,80,40,1,378.22,375.09,1.0488
3193,38011,2025-11-15T14:59:12,Left-handed,Regular user,21,10,44.3394,26,500,right,160,80,2,464.51,454.05,1.2276
3194,38011,2025-11-15T14:59:12,Left-handed,Regular user,21,10,44.3394,27,360,right,40,20,2,392.03,375.0,1.3131
3195,38011,2025-11-15T14:59:12,Left-handed,Regular user,21,10,44.3394,28,360,right,120,60,2,335.86,325.19,1.3084
3196,38011,2025-11-15T14:59:12,Left-handed,Regular user,21,10,44.3394,29,260,left,160,80,1,277.11,277.01,0.6298
3197,38011,2025-11-15T14:59:12,Left-handed,Regular user,21,10,44.3394,30,260,right,80,40,1,281.12,278.22,0.6587
3198,38011,2025-11-15T14:59:12,Left-handed,Regular user,21,10,44.3394,31,180,right,40,20,1,192.42,184.17,1.1702
3199,38011,2025-11-15T14:59:12,Left-handed,Regular user,21,10,44.3394,32,500,right,120,60,2,485.75,461.24,1.2369
3200,468938,2025-11-15T15:15:58,Right-handed,Power user,21,1,37.017,1,260,left,80,40,0,228.99,225.06,0.9128
3201,468938,2025-11-15T15:15:58,Right-handed,Power user,21,1,37.017,2,180,left,40,20,1,238.41,190.04,2.0442
3202,468938,2025-11-15T15:15:58,Right-handed,Power user,21,1,37.017,3,500,right,120,60,0,478.26,476.15,1.2333
3203,468938,2025-11-15T15:15:58,Right-handed,Power user,21,1,37.017,4,180,left,160,80,1,111.21,109.22,0.6178
3204,468938,2025-11-15T15:15:58,Right-handed,Power user,21,1,37.017,5,180,right,120,60,0,159.38,156.0,0.8062
3205,468938,2025-11-15T15:15:58,Right-handed,Power user,21,1,37.017,6,360,right,160,80,0,335.22,334.01,0.8626
3206,468938,2025-11-15T15:15:58,Right-handed,Power user,21,1,37.017,7,260,right,160,80,0,236.93,221.0,0.6918
3207,468938,2025-11-15T15:15:58,Right-handed,Power user,21,1,37.017,8,500,left,80,40,1,677.27,538.03,1.1173
3208,468938,2025-11-15T15:15:58,Right-handed,Power user,21,1,37.017,9,360,right,120,60,0,847.66,355.24,0.8679
3209,468938,2025-11-15T15:15:58,Right-handed,Power user,21,1,37.017,10,260,right,40,20,0,282.35,275.05,0.797
3210,468938,2025-11-15T15:15:58,Right-handed,Power user,21,1,37.017,11,500,left,160,80,1,473.79,472.09,0.7941
3211,468938,2025-11-15T15:15:58,Right-handed,Power user,21,1,37.017,12,260,left,40,20,0,267.86,257.1,1.0202
3212,468938,2025-11-15T15:15:58,Right-handed,Power user,21,1,37.017,13,500,left,120,60,1,457.5,451.03,1.1029
3213,468938,2025-11-15T15:15:58,Right-handed,Power user,21,1,37.017,14,500,right,40,20,1,662.09,496.02,1.3675
3214,468938,2025-11-15T15:15:58,Right-handed,Power user,21,1,37.017,15,180,right,40,20,0,190.62,184.07,1.0924
3215,468938,2025-11-15T15:15:58,Right-handed,Power user,21,1,37.017,16,360,left,80,40,1,367.27,355.11,0.8029
3216,468938,2025-11-15T15:15:58,Right-handed,Power user,21,1,37.017,17,360,right,40,20,0,368.46,364.14,0.8901
3217,468938,2025-11-15T15:15:58,Right-handed,Power user,21,1,37.017,18,260,left,160,80,0,188.04,183.0,0.5772
3218,468938,2025-11-15T15:15:58,Right-handed,Power user,21,1,37.017,19,180,left,80,40,0,180.56,179.23,0.5722
3219,468938,2025-11-15T15:15:58,Right-handed,Power user,21,1,37.017,20,500,right,80,40,0,518.58,510.19,0.928
3220,468938,2025-11-15T15:15:58,Right-handed,Power user,21,1,37.017,21,180,right,160,80,0,209.18,143.5,0.5976
3221,468938,2025-11-15T15:15:58,Right-handed,Power user,21,1,37.017,22,260,right,120,60,0,352.14,232.22,0.611
3222,468938,2025-11-15T15:15:58,Right-handed,Power user,21,1,37.017,23,360,left,160,80,0,422.19,412.53,0.6511
3223,468938,2025-11-15T15:15:58,Right-handed,Power user,21,1,37.017,24,500,left,40,20,0,502.22,501.0,0.9389
3224,468938,2025-11-15T15:15:58,Right-handed,Power user,21,1,37.017,25,180,right,80,40,0,215.92,180.1,0.7508
3225,468938,2025-11-15T15:15:58,Right-handed,Power user,21,1,37.017,26,260,left,120,60,0,233.8,230.0,0.6555
3226,468938,2025-11-15T15:15:58,Right-handed,Power user,21,1,37.017,27,260,right,80,40,0,307.34,287.01,0.9469
3227,468938,2025-11-15T15:15:58,Right-handed,Power user,21,1,37.017,28,180,left,120,60,0,136.78,134.0,0.5714
3228,468938,2025-11-15T15:15:58,Right-handed,Power user,21,1,37.017,29,360,left,40,20,0,368.08,359.0,0.9181
3229,468938,2025-11-15T15:15:58,Right-handed,Power user,21,1,37.017,30,360,left,120,60,0,340.39,339.07,0.6653
3230,468938,2025-11-15T15:15:58,Right-handed,Power user,21,1,37.017,31,500,right,160,80,0,532.52,525.46,0.6861
3231,468938,2025-11-15T15:15:58,Right-handed,Power user,21,1,37.017,32,360,right,80,40,0,575.18,340.05,1.0792
3232,468938,2025-11-15T15:15:58,Right-handed,Power user,21,2,32.8604,1,360,right,80,40,1,393.95,376.64,0.8685
3233,468938,2025-11-15T15:15:58,Right-handed,Power user,21,2,32.8604,2,260,left,80,40,0,256.23,255.01,0.6119
3234,468938,2025-11-15T15:15:58,Right-handed,Power user,21,2,32.8604,3,500,left,160,80,0,478.13,476.05,0.7937
3235,468938,2025-11-15T15:15:58,Right-handed,Power user,21,2,32.8604,4,500,right,120,60,0,559.7,519.02,0.7044
3236,468938,2025-11-15T15:15:58,Right-handed,Power user,21,2,32.8604,5,360,right,160,80,0,329.15,294.01,0.7509
3237,468938,2025-11-15T15:15:58,Right-handed,Power user,21,2,32.8604,6,260,left,40,20,0,288.8,273.07,0.9232
3238,468938,2025-11-15T15:15:58,Right-handed,Power user,21,2,32.8604,7,500,left,40,20,0,490.05,488.0,0.8095
3239,468938,2025-11-15T15:15:58,Right-handed,Power user,21,2,32.8604,8,500,right,40,20,0,573.39,512.19,0.9739
3240,468938,2025-11-15T15:15:58,Right-handed,Power user,21,2,32.8604,9,260,right,80,40,0,449.27,246.1,0.6759
3241,468938,2025-11-15T15:15:58,Right-handed,Power user,21,2,32.8604,10,180,right,40,20,0,227.72,184.07,0.8706
3242,468938,2025-11-15T15:15:58,Right-handed,Power user,21,2,32.8604,11,500,right,160,80,0,610.21,525.93,0.804
3243,468938,2025-11-15T15:15:58,Right-handed,Power user,21,2,32.8604,12,260,right,120,60,1,297.51,265.03,0.9506
3244,468938,2025-11-15T15:15:58,Right-handed,Power user,21,2,32.8604,13,180,left,40,20,0,398.38,181.0,0.8976
3245,468938,2025-11-15T15:15:58,Right-handed,Power user,21,2,32.8604,14,180,right,160,80,0,334.49,234.05,0.5783
3246,468938,2025-11-15T15:15:58,Right-handed,Power user,21,2,32.8604,15,500,left,80,40,0,470.77,467.0,0.8358
3247,468938,2025-11-15T15:15:58,Right-handed,Power user,21,2,32.8604,16,180,left,80,40,0,162.66,157.26,0.7141
3248,468938,2025-11-15T15:15:58,Right-handed,Power user,21,2,32.8604,17,180,right,80,40,0,198.58,193.17,0.7724
3249,468938,2025-11-15T15:15:58,Right-handed,Power user,21,2,32.8604,18,360,left,120,60,0,324.61,314.19,0.7598
3250,468938,2025-11-15T15:15:58,Right-handed,Power user,21,2,32.8604,19,500,right,80,40,0,532.78,529.27,0.7323
3251,468938,2025-11-15T15:15:58,Right-handed,Power user,21,2,32.8604,20,260,right,160,80,0,192.79,192.0,0.9118
3252,468938,2025-11-15T15:15:58,Right-handed,Power user,21,2,32.8604,21,360,right,120,60,0,378.66,373.37,0.8936
3253,468938,2025-11-15T15:15:58,Right-handed,Power user,21,2,32.8604,22,360,left,160,80,0,821.46,404.35,0.9955
3254,468938,2025-11-15T15:15:58,Right-handed,Power user,21,2,32.8604,23,360,left,40,20,0,1235.11,358.27,1.5098
3255,468938,2025-11-15T15:15:58,Right-handed,Power user,21,2,32.8604,24,260,left,120,60,0,262.23,258.19,0.8332
3256,468938,2025-11-15T15:15:58,Right-handed,Power user,21,2,32.8604,25,180,left,120,60,0,175.16,172.42,0.5659
3257,468938,2025-11-15T15:15:58,Right-handed,Power user,21,2,32.8604,26,260,left,160,80,0,227.03,226.11,0.6347
3258,468938,2025-11-15T15:15:58,Right-handed,Power user,21,2,32.8604,27,180,left,160,80,0,147.11,146.0,0.564
3259,468938,2025-11-15T15:15:58,Right-handed,Power user,21,2,32.8604,28,180,right,120,60,0,165.88,160.25,0.6096
3260,468938,2025-11-15T15:15:58,Right-handed,Power user,21,2,32.8604,29,260,right,40,20,0,372.63,257.03,0.8099
3261,468938,2025-11-15T15:15:58,Right-handed,Power user,21,2,32.8604,30,500,left,120,60,0,481.3,470.23,0.767
3262,468938,2025-11-15T15:15:58,Right-handed,Power user,21,2,32.8604,31,360,right,40,20,0,392.32,374.0,0.9652
3263,468938,2025-11-15T15:15:58,Right-handed,Power user,21,2,32.8604,32,360,left,80,40,0,334.89,332.15,0.921
3264,468938,2025-11-15T15:15:58,Right-handed,Power user,21,3,34.1841,1,360,left,120,60,1,406.3,399.32,0.6738
3265,468938,2025-11-15T15:15:58,Right-handed,Power user,21,3,34.1841,2,260,right,80,40,0,260.68,254.23,0.6835
3266,468938,2025-11-15T15:15:58,Right-handed,Power user,21,3,34.1841,3,500,right,80,40,0,596.48,514.04,0.7478
3267,468938,2025-11-15T15:15:58,Right-handed,Power user,21,3,34.1841,4,260,left,80,40,0,235.21,230.22,0.6769
3268,468938,2025-11-15T15:15:58,Right-handed,Power user,21,3,34.1841,5,180,right,120,60,2,166.58,164.01,1.3215
3269,468938,2025-11-15T15:15:58,Right-handed,Power user,21,3,34.1841,6,360,right,80,40,0,546.53,371.01,0.9242
3270,468938,2025-11-15T15:15:58,Right-handed,Power user,21,3,34.1841,7,500,right,40,20,0,619.05,500.01,1.125
3271,468938,2025-11-15T15:15:58,Right-handed,Power user,21,3,34.1841,8,500,left,160,80,0,526.02,523.02,0.7942
3272,468938,2025-11-15T15:15:58,Right-handed,Power user,21,3,34.1841,9,500,left,40,20,0,498.08,496.08,1.2057
3273,468938,2025-11-15T15:15:58,Right-handed,Power user,21,3,34.1841,10,260,right,160,80,1,235.17,234.77,0.6141
3274,468938,2025-11-15T15:15:58,Right-handed,Power user,21,3,34.1841,11,360,left,40,20,0,360.22,358.01,0.8173
3275,468938,2025-11-15T15:15:58,Right-handed,Power user,21,3,34.1841,12,360,left,160,80,0,324.56,320.01,0.8359
3276,468938,2025-11-15T15:15:58,Right-handed,Power user,21,3,34.1841,13,500,right,120,60,2,671.21,507.0,1.3381
3277,468938,2025-11-15T15:15:58,Right-handed,Power user,21,3,34.1841,14,500,right,160,80,0,517.14,465.07,0.6937
3278,468938,2025-11-15T15:15:58,Right-handed,Power user,21,3,34.1841,15,260,right,120,60,0,277.23,273.18,0.6396
3279,468938,2025-11-15T15:15:58,Right-handed,Power user,21,3,34.1841,16,360,right,120,60,0,386.17,317.35,0.6836
3280,468938,2025-11-15T15:15:58,Right-handed,Power user,21,3,34.1841,17,260,left,120,60,0,235.28,235.08,0.6382
3281,468938,2025-11-15T15:15:58,Right-handed,Power user,21,3,34.1841,18,360,left,80,40,0,396.81,391.02,0.6544
3282,468938,2025-11-15T15:15:58,Right-handed,Power user,21,3,34.1841,19,260,left,160,80,0,314.04,310.08,0.5925
3283,468938,2025-11-15T15:15:58,Right-handed,Power user,21,3,34.1841,20,360,right,40,20,1,421.81,375.0,1.6064
3284,468938,2025-11-15T15:15:58,Right-handed,Power user,21,3,34.1841,21,180,right,80,40,0,166.48,152.0,0.7078
3285,468938,2025-11-15T15:15:58,Right-handed,Power user,21,3,34.1841,22,360,right,160,80,0,389.94,388.16,0.6163
3286,468938,2025-11-15T15:15:58,Right-handed,Power user,21,3,34.1841,23,180,left,160,80,0,169.32,168.01,0.6611
3287,468938,2025-11-15T15:15:58,Right-handed,Power user,21,3,34.1841,24,180,left,80,40,0,289.67,192.0,0.7775
3288,468938,2025-11-15T15:15:58,Right-handed,Power user,21,3,34.1841,25,500,left,120,60,1,529.03,518.0,1.118
3289,468938,2025-11-15T15:15:58,Right-handed,Power user,21,3,34.1841,26,180,left,120,60,0,171.21,170.05,0.601
3290,468938,2025-11-15T15:15:58,Right-handed,Power user,21,3,34.1841,27,180,left,40,20,0,190.25,187.0,0.7239
3291,468938,2025-11-15T15:15:58,Right-handed,Power user,21,3,34.1841,28,500,left,80,40,0,667.93,517.03,1.3152
3292,468938,2025-11-15T15:15:58,Right-handed,Power user,21,3,34.1841,29,260,left,40,20,0,253.16,248.0,0.8585
3293,468938,2025-11-15T15:15:58,Right-handed,Power user,21,3,34.1841,30,180,right,160,80,0,154.64,140.17,0.6183
3294,468938,2025-11-15T15:15:58,Right-handed,Power user,21,3,34.1841,31,180,right,40,20,0,195.55,179.03,0.7381
3295,468938,2025-11-15T15:15:58,Right-handed,Power user,21,3,34.1841,32,260,right,40,20,0,293.89,253.02,1.3588
3296,468938,2025-11-15T15:15:58,Right-handed,Power user,21,4,34.8695,1,260,right,160,80,1,207.97,200.82,0.5935
3297,468938,2025-11-15T15:15:58,Right-handed,Power user,21,4,34.8695,2,260,right,80,40,0,285.36,232.05,0.8029
3298,468938,2025-11-15T15:15:58,Right-handed,Power user,21,4,34.8695,3,360,left,120,60,0,351.28,350.63,0.6564
3299,468938,2025-11-15T15:15:58,Right-handed,Power user,21,4,34.8695,4,360,right,120,60,0,447.84,375.05,0.8199
3300,468938,2025-11-15T15:15:58,Right-handed,Power user,21,4,34.8695,5,500,right,160,80,0,526.1,486.08,0.631
3301,468938,2025-11-15T15:15:58,Right-handed,Power user,21,4,34.8695,6,260,right,40,20,1,385.4,270.0,1.533
3302,468938,2025-11-15T15:15:58,Right-handed,Power user,21,4,34.8695,7,360,left,160,80,0,397.03,392.15,0.6187
3303,468938,2025-11-15T15:15:58,Right-handed,Power user,21,4,34.8695,8,500,left,40,20,0,492.89,486.07,0.9723
3304,468938,2025-11-15T15:15:58,Right-handed,Power user,21,4,34.8695,9,180,left,80,40,1,161.69,160.0,0.7931
3305,468938,2025-11-15T15:15:58,Right-handed,Power user,21,4,34.8695,10,180,right,160,80,0,160.86,158.15,0.5864
3306,468938,2025-11-15T15:15:58,Right-handed,Power user,21,4,34.8695,11,500,right,40,20,0,502.68,498.05,1.0297
3307,468938,2025-11-15T15:15:58,Right-handed,Power user,21,4,34.8695,12,500,left,120,60,0,519.79,512.17,0.8063
3308,468938,2025-11-15T15:15:58,Right-handed,Power user,21,4,34.8695,13,500,right,80,40,0,598.47,528.0,0.8488
3309,468938,2025-11-15T15:15:58,Right-handed,Power user,21,4,34.8695,14,360,right,80,40,0,408.6,367.11,0.831
3310,468938,2025-11-15T15:15:58,Right-handed,Power user,21,4,34.8695,15,260,right,120,60,0,276.72,263.1,0.6072
3311,468938,2025-11-15T15:15:58,Right-handed,Power user,21,4,34.8695,16,180,left,120,60,0,309.9,224.18,0.8883
3312,468938,2025-11-15T15:15:58,Right-handed,Power user,21,4,34.8695,17,260,left,80,40,1,280.47,269.05,1.0342
3313,468938,2025-11-15T15:15:58,Right-handed,Power user,21,4,34.8695,18,360,right,40,20,0,488.81,359.0,0.7861
3314,468938,2025-11-15T15:15:58,Right-handed,Power user,21,4,34.8695,19,500,left,80,40,0,487.6,482.27,0.8872
3315,468938,2025-11-15T15:15:58,Right-handed,Power user,21,4,34.8695,20,260,left,120,60,0,237.59,236.26,0.7674
3316,468938,2025-11-15T15:15:58,Right-handed,Power user,21,4,34.8695,21,360,left,80,40,0,342.42,339.01,0.7822
3317,468938,2025-11-15T15:15:58,Right-handed,Power user,21,4,34.8695,22,180,right,80,40,0,327.24,209.24,0.8077
3318,468938,2025-11-15T15:15:58,Right-handed,Power user,21,4,34.8695,23,260,left,160,80,0,218.03,215.04,0.6816
3319,468938,2025-11-15T15:15:58,Right-handed,Power user,21,4,34.8695,24,360,right,160,80,0,387.21,383.33,0.6012
3320,468938,2025-11-15T15:15:58,Right-handed,Power user,21,4,34.8695,25,500,right,120,60,0,656.72,472.21,0.7575
3321,468938,2025-11-15T15:15:58,Right-handed,Power user,21,4,34.8695,26,260,left,40,20,0,264.17,245.0,0.9989
3322,468938,2025-11-15T15:15:58,Right-handed,Power user,21,4,34.8695,27,180,right,40,20,0,196.57,195.01,0.8315
3323,468938,2025-11-15T15:15:58,Right-handed,Power user,21,4,34.8695,28,180,left,40,20,0,176.41,169.3,0.7171
3324,468938,2025-11-15T15:15:58,Right-handed,Power user,21,4,34.8695,29,500,left,160,80,2,1818.69,500.02,2.5841
3325,468938,2025-11-15T15:15:58,Right-handed,Power user,21,4,34.8695,30,180,left,160,80,0,137.83,133.02,0.5307
3326,468938,2025-11-15T15:15:58,Right-handed,Power user,21,4,34.8695,31,360,left,40,20,2,398.39,374.02,1.4623
3327,468938,2025-11-15T15:15:58,Right-handed,Power user,21,4,34.8695,32,180,right,120,60,2,269.52,181.04,1.2844
3328,468938,2025-11-15T15:15:58,Right-handed,Power user,21,5,37.888,1,180,left,120,60,1,153.63,155.21,0.6124
3329,468938,2025-11-15T15:15:58,Right-handed,Power user,21,5,37.888,2,500,right,160,80,1,563.12,539.49,0.8759
3330,468938,2025-11-15T15:15:58,Right-handed,Power user,21,5,37.888,3,180,left,40,20,0,186.03,172.1,1.2203
3331,468938,2025-11-15T15:15:58,Right-handed,Power user,21,5,37.888,4,180,left,160,80,0,140.58,135.13,0.551
3332,468938,2025-11-15T15:15:58,Right-handed,Power user,21,5,37.888,5,360,right,40,20,0,370.36,353.14,0.9025
3333,468938,2025-11-15T15:15:58,Right-handed,Power user,21,5,37.888,6,360,left,120,60,0,389.25,341.25,0.9349
3334,468938,2025-11-15T15:15:58,Right-handed,Power user,21,5,37.888,7,260,left,80,40,0,261.17,244.13,0.7089
3335,468938,2025-11-15T15:15:58,Right-handed,Power user,21,5,37.888,8,360,right,160,80,0,335.02,331.0,0.6745
3336,468938,2025-11-15T15:15:58,Right-handed,Power user,21,5,37.888,9,260,left,120,60,0,224.8,222.14,0.6371
3337,468938,2025-11-15T15:15:58,Right-handed,Power user,21,5,37.888,10,500,left,160,80,0,573.19,494.31,0.8055
3338,468938,2025-11-15T15:15:58,Right-handed,Power user,21,5,37.888,11,360,right,120,60,0,396.77,395.15,0.6246
3339,468938,2025-11-15T15:15:58,Right-handed,Power user,21,5,37.888,12,360,left,80,40,0,385.71,382.52,0.709
3340,468938,2025-11-15T15:15:58,Right-handed,Power user,21,5,37.888,13,180,right,80,40,0,187.21,181.02,0.5991
3341,468938,2025-11-15T15:15:58,Right-handed,Power user,21,5,37.888,14,360,left,160,80,0,382.52,378.11,0.6381
3342,468938,2025-11-15T15:15:58,Right-handed,Power user,21,5,37.888,15,260,left,40,20,0,508.87,262.07,1.0283
3343,468938,2025-11-15T15:15:58,Right-handed,Power user,21,5,37.888,16,360,left,40,20,0,765.23,361.2,1.5246
3344,468938,2025-11-15T15:15:58,Right-handed,Power user,21,5,37.888,17,180,right,160,80,0,279.02,231.49,0.5819
3345,468938,2025-11-15T15:15:58,Right-handed,Power user,21,5,37.888,18,360,right,80,40,1,380.04,367.01,0.8703
3346,468938,2025-11-15T15:15:58,Right-handed,Power user,21,5,37.888,19,500,left,40,20,1,702.06,502.06,1.5639
3347,468938,2025-11-15T15:15:58,Right-handed,Power user,21,5,37.888,20,500,right,80,40,0,496.14,489.01,0.835
3348,468938,2025-11-15T15:15:58,Right-handed,Power user,21,5,37.888,21,260,right,80,40,0,380.21,223.08,0.7394
3349,468938,2025-11-15T15:15:58,Right-handed,Power user,21,5,37.888,22,500,left,80,40,0,500.37,490.03,0.7301
3350,468938,2025-11-15T15:15:58,Right-handed,Power user,21,5,37.888,23,260,left,160,80,1,207.59,205.7,0.9896
3351,468938,2025-11-15T15:15:58,Right-handed,Power user,21,5,37.888,24,260,right,40,20,1,345.91,268.0,1.3282
3352,468938,2025-11-15T15:15:58,Right-handed,Power user,21,5,37.888,25,500,left,120,60,0,484.5,483.17,0.9661
3353,468938,2025-11-15T15:15:58,Right-handed,Power user,21,5,37.888,26,260,right,160,80,0,221.2,218.02,0.6081
3354,468938,2025-11-15T15:15:58,Right-handed,Power user,21,5,37.888,27,180,right,40,20,0,215.19,175.03,0.8627
3355,468938,2025-11-15T15:15:58,Right-handed,Power user,21,5,37.888,28,180,left,80,40,0,151.0,149.01,0.7647
3356,468938,2025-11-15T15:15:58,Right-handed,Power user,21,5,37.888,29,180,right,120,60,0,170.73,168.07,0.5699
3357,468938,2025-11-15T15:15:58,Right-handed,Power user,21,5,37.888,30,260,right,120,60,0,344.1,220.33,0.7915
3358,468938,2025-11-15T15:15:58,Right-handed,Power user,21,5,37.888,31,500,right,120,60,0,626.63,455.13,0.9605
3359,468938,2025-11-15T15:15:58,Right-handed,Power user,21,5,37.888,32,500,right,40,20,0,629.16,508.05,1.8832
3360,468938,2025-11-15T15:15:58,Right-handed,Power user,21,6,48.3664,1,360,left,160,80,1,424.6,424.0,0.6283
3361,468938,2025-11-15T15:15:58,Right-handed,Power user,21,6,48.3664,2,500,right,40,20,1,579.2,510.08,1.5958
3362,468938,2025-11-15T15:15:58,Right-handed,Power user,21,6,48.3664,3,180,left,120,60,0,187.14,183.53,0.522
3363,468938,2025-11-15T15:15:58,Right-handed,Power user,21,6,48.3664,4,260,left,40,20,0,320.16,277.01,1.0612
3364,468938,2025-11-15T15:15:58,Right-handed,Power user,21,6,48.3664,5,260,left,160,80,0,234.13,230.14,0.8088
3365,468938,2025-11-15T15:15:58,Right-handed,Power user,21,6,48.3664,6,260,left,80,40,0,331.69,285.25,0.957
3366,468938,2025-11-15T15:15:58,Right-handed,Power user,21,6,48.3664,7,180,left,80,40,0,184.7,171.01,0.6678
3367,468938,2025-11-15T15:15:58,Right-handed,Power user,21,6,48.3664,8,260,right,40,20,0,314.54,266.15,1.1393
3368,468938,2025-11-15T15:15:58,Right-handed,Power user,21,6,48.3664,9,500,right,160,80,0,681.43,502.05,1.3109
3369,468938,2025-11-15T15:15:58,Right-handed,Power user,21,6,48.3664,10,500,left,80,40,0,504.68,502.48,0.961
3370,468938,2025-11-15T15:15:58,Right-handed,Power user,21,6,48.3664,11,180,right,80,40,0,157.87,155.82,0.8427
3371,468938,2025-11-15T15:15:58,Right-handed,Power user,21,6,48.3664,12,500,left,40,20,1,756.8,518.0,1.9444
3372,468938,2025-11-15T15:15:58,Right-handed,Power user,21,6,48.3664,13,260,right,160,80,0,247.75,224.0,0.8365
3373,468938,2025-11-15T15:15:58,Right-handed,Power user,21,6,48.3664,14,500,right,120,60,0,603.34,559.01,0.748
3374,468938,2025-11-15T15:15:58,Right-handed,Power user,21,6,48.3664,15,500,right,80,40,1,477.87,471.0,1.4654
3375,468938,2025-11-15T15:15:58,Right-handed,Power user,21,6,48.3664,16,260,right,120,60,0,282.27,224.01,0.769
3376,468938,2025-11-15T15:15:58,Right-handed,Power user,21,6,48.3664,17,180,right,160,80,0,138.39,114.02,0.7952
3377,468938,2025-11-15T15:15:58,Right-handed,Power user,21,6,48.3664,18,180,left,160,80,0,613.37,208.61,0.9182
3378,468938,2025-11-15T15:15:58,Right-handed,Power user,21,6,48.3664,19,360,left,120,60,0,566.53,315.36,0.8197
3379,468938,2025-11-15T15:15:58,Right-handed,Power user,21,6,48.3664,20,360,left,80,40,0,366.82,353.05,0.8313
3380,468938,2025-11-15T15:15:58,Right-handed,Power user,21,6,48.3664,21,360,right,120,60,0,403.05,357.05,0.7218
3381,468938,2025-11-15T15:15:58,Right-handed,Power user,21,6,48.3664,22,260,left,120,60,0,275.32,274.02,0.6969
3382,468938,2025-11-15T15:15:58,Right-handed,Power user,21,6,48.3664,23,360,right,160,80,0,388.75,380.0,0.6478
3383,468938,2025-11-15T15:15:58,Right-handed,Power user,21,6,48.3664,24,500,left,160,80,0,522.72,513.43,1.1501
3384,468938,2025-11-15T15:15:58,Right-handed,Power user,21,6,48.3664,25,260,right,80,40,0,363.19,281.22,0.8085
3385,468938,2025-11-15T15:15:58,Right-handed,Power user,21,6,48.3664,26,180,left,40,20,0,202.99,166.0,0.8036
3386,468938,2025-11-15T15:15:58,Right-handed,Power user,21,6,48.3664,27,180,right,120,60,0,172.53,159.2,0.5993
3387,468938,2025-11-15T15:15:58,Right-handed,Power user,21,6,48.3664,28,360,right,80,40,0,337.91,324.12,1.5211
3388,468938,2025-11-15T15:15:58,Right-handed,Power user,21,6,48.3664,29,360,left,40,20,0,503.31,375.01,1.7795
3389,468938,2025-11-15T15:15:58,Right-handed,Power user,21,6,48.3664,30,360,right,40,20,0,384.76,350.09,2.2464
3390,468938,2025-11-15T15:15:58,Right-handed,Power user,21,6,48.3664,31,500,left,120,60,1,466.62,464.04,0.8063
3391,468938,2025-11-15T15:15:58,Right-handed,Power user,21,6,48.3664,32,180,right,40,20,0,175.13,173.0,0.9032
3392,468938,2025-11-15T15:15:58,Right-handed,Power user,21,7,38.4749,1,180,left,40,20,1,174.75,171.29,1.176
3393,468938,2025-11-15T15:15:58,Right-handed,Power user,21,7,38.4749,2,180,right,160,80,0,170.19,169.03,0.7207
3394,468938,2025-11-15T15:15:58,Right-handed,Power user,21,7,38.4749,3,180,right,80,40,0,166.9,166.11,0.9057
3395,468938,2025-11-15T15:15:58,Right-handed,Power user,21,7,38.4749,4,260,right,160,80,0,229.65,211.29,2.0288
3396,468938,2025-11-15T15:15:58,Right-handed,Power user,21,7,38.4749,5,500,left,80,40,0,511.52,508.1,1.2479
3397,468938,2025-11-15T15:15:58,Right-handed,Power user,21,7,38.4749,6,500,right,80,40,0,610.98,491.1,1.32
3398,468938,2025-11-15T15:15:58,Right-handed,Power user,21,7,38.4749,7,500,right,40,20,0,730.46,492.04,1.5332
3399,468938,2025-11-15T15:15:58,Right-handed,Power user,21,7,38.4749,8,360,left,160,80,1,310.19,306.06,0.7674
3400,468938,2025-11-15T15:15:58,Right-handed,Power user,21,7,38.4749,9,360,left,120,60,0,345.65,345.07,0.6021
3401,468938,2025-11-15T15:15:58,Right-handed,Power user,21,7,38.4749,10,360,right,40,20,0,360.64,354.0,0.9043
3402,468938,2025-11-15T15:15:58,Right-handed,Power user,21,7,38.4749,11,260,left,160,80,1,247.09,242.46,0.84
3403,468938,2025-11-15T15:15:58,Right-handed,Power user,21,7,38.4749,12,260,left,40,20,1,247.64,246.02,0.7657
3404,468938,2025-11-15T15:15:58,Right-handed,Power user,21,7,38.4749,13,360,left,40,20,0,345.1,344.04,0.8022
3405,468938,2025-11-15T15:15:58,Right-handed,Power user,21,7,38.4749,14,260,right,40,20,0,253.99,249.03,0.8274
3406,468938,2025-11-15T15:15:58,Right-handed,Power user,21,7,38.4749,15,500,left,40,20,0,520.47,514.0,0.851
3407,468938,2025-11-15T15:15:58,Right-handed,Power user,21,7,38.4749,16,500,right,160,80,0,533.08,532.05,0.6281
3408,468938,2025-11-15T15:15:58,Right-handed,Power user,21,7,38.4749,17,360,left,80,40,0,387.43,384.02,0.8409
3409,468938,2025-11-15T15:15:58,Right-handed,Power user,21,7,38.4749,18,500,left,120,60,0,486.38,483.26,0.8681
3410,468938,2025-11-15T15:15:58,Right-handed,Power user,21,7,38.4749,19,360,right,120,60,0,393.9,386.29,0.6966
3411,468938,2025-11-15T15:15:58,Right-handed,Power user,21,7,38.4749,20,180,right,120,60,0,250.58,186.01,0.6053
3412,468938,2025-11-15T15:15:58,Right-handed,Power user,21,7,38.4749,21,180,left,80,40,1,180.25,180.02,0.6248
3413,468938,2025-11-15T15:15:58,Right-handed,Power user,21,7,38.4749,22,260,right,80,40,1,237.06,236.1,0.7955
3414,468938,2025-11-15T15:15:58,Right-handed,Power user,21,7,38.4749,23,500,right,120,60,1,447.6,447.02,0.8597
3415,468938,2025-11-15T15:15:58,Right-handed,Power user,21,7,38.4749,24,360,right,160,80,1,355.06,353.75,0.8564
3416,468938,2025-11-15T15:15:58,Right-handed,Power user,21,7,38.4749,25,180,left,120,60,0,162.15,160.2,0.4353
3417,468938,2025-11-15T15:15:58,Right-handed,Power user,21,7,38.4749,26,180,left,160,80,1,163.76,162.11,0.5812
3418,468938,2025-11-15T15:15:58,Right-handed,Power user,21,7,38.4749,27,500,left,160,80,0,472.23,470.09,0.802
3419,468938,2025-11-15T15:15:58,Right-handed,Power user,21,7,38.4749,28,180,right,40,20,0,182.82,178.0,1.1319
3420,468938,2025-11-15T15:15:58,Right-handed,Power user,21,7,38.4749,29,360,right,80,40,0,418.44,358.45,1.7555
3421,468938,2025-11-15T15:15:58,Right-handed,Power user,21,7,38.4749,30,260,left,80,40,0,473.15,225.57,1.1477
3422,468938,2025-11-15T15:15:58,Right-handed,Power user,21,7,38.4749,31,260,right,120,60,1,288.69,278.02,0.6243
3423,468938,2025-11-15T15:15:58,Right-handed,Power user,21,7,38.4749,32,260,left,120,60,0,225.75,223.27,0.585
3424,468938,2025-11-15T15:15:58,Right-handed,Power user,21,8,37.8173,1,260,right,160,80,1,247.98,244.05,0.5839
3425,468938,2025-11-15T15:15:58,Right-handed,Power user,21,8,37.8173,2,500,left,120,60,0,481.52,480.0,0.7838
3426,468938,2025-11-15T15:15:58,Right-handed,Power user,21,8,37.8173,3,360,left,160,80,0,323.57,321.82,0.6786
3427,468938,2025-11-15T15:15:58,Right-handed,Power user,21,8,37.8173,4,360,left,40,20,0,381.14,348.05,0.9338
3428,468938,2025-11-15T15:15:58,Right-handed,Power user,21,8,37.8173,5,260,right,120,60,0,244.25,240.07,0.6967
3429,468938,2025-11-15T15:15:58,Right-handed,Power user,21,8,37.8173,6,500,right,40,20,0,629.28,514.0,1.1774
3430,468938,2025-11-15T15:15:58,Right-handed,Power user,21,8,37.8173,7,500,left,80,40,0,507.05,502.12,0.844
3431,468938,2025-11-15T15:15:58,Right-handed,Power user,21,8,37.8173,8,500,left,160,80,0,667.36,552.75,1.211
3432,468938,2025-11-15T15:15:58,Right-handed,Power user,21,8,37.8173,9,180,left,40,20,1,196.3,176.07,1.3676
3433,468938,2025-11-15T15:15:58,Right-handed,Power user,21,8,37.8173,10,360,left,120,60,0,435.81,373.34,1.4377
3434,468938,2025-11-15T15:15:58,Right-handed,Power user,21,8,37.8173,11,260,left,160,80,1,218.76,216.52,0.6212
3435,468938,2025-11-15T15:15:58,Right-handed,Power user,21,8,37.8173,12,260,left,80,40,0,266.28,264.55,0.6216
3436,468938,2025-11-15T15:15:58,Right-handed,Power user,21,8,37.8173,13,360,right,120,60,0,542.05,366.07,0.9363
3437,468938,2025-11-15T15:15:58,Right-handed,Power user,21,8,37.8173,14,500,right,120,60,0,509.01,506.62,0.8695
3438,468938,2025-11-15T15:15:58,Right-handed,Power user,21,8,37.8173,15,500,right,160,80,0,548.35,436.33,0.6563
3439,468938,2025-11-15T15:15:58,Right-handed,Power user,21,8,37.8173,16,180,right,160,80,1,162.4,162.2,0.5616
3440,468938,2025-11-15T15:15:58,Right-handed,Power user,21,8,37.8173,17,180,left,160,80,0,215.97,214.28,0.6077
3441,468938,2025-11-15T15:15:58,Right-handed,Power user,21,8,37.8173,18,500,right,80,40,0,482.66,480.3,1.2242
3442,468938,2025-11-15T15:15:58,Right-handed,Power user,21,8,37.8173,19,500,left,40,20,0,707.49,511.19,1.2394
3443,468938,2025-11-15T15:15:58,Right-handed,Power user,21,8,37.8173,20,360,right,40,20,0,363.53,354.24,0.9168
3444,468938,2025-11-15T15:15:58,Right-handed,Power user,21,8,37.8173,21,260,left,120,60,2,234.47,233.08,0.9552
3445,468938,2025-11-15T15:15:58,Right-handed,Power user,21,8,37.8173,22,360,right,160,80,1,357.05,355.41,0.7281
3446,468938,2025-11-15T15:15:58,Right-handed,Power user,21,8,37.8173,23,180,left,80,40,0,204.17,182.1,0.6631
3447,468938,2025-11-15T15:15:58,Right-handed,Power user,21,8,37.8173,24,180,right,40,20,0,281.54,179.03,0.6297
3448,468938,2025-11-15T15:15:58,Right-handed,Power user,21,8,37.8173,25,260,right,80,40,0,228.71,223.11,0.8437
3449,468938,2025-11-15T15:15:58,Right-handed,Power user,21,8,37.8173,26,260,right,40,20,0,1501.48,247.07,1.4443
3450,468938,2025-11-15T15:15:58,Right-handed,Power user,21,8,37.8173,27,180,left,120,60,1,430.09,179.0,0.8971
3451,468938,2025-11-15T15:15:58,Right-handed,Power user,21,8,37.8173,28,180,right,120,60,1,190.88,188.02,0.5904
3452,468938,2025-11-15T15:15:58,Right-handed,Power user,21,8,37.8173,29,360,left,80,40,0,332.82,330.07,0.8759
3453,468938,2025-11-15T15:15:58,Right-handed,Power user,21,8,37.8173,30,260,left,40,20,0,270.24,258.07,0.9603
3454,468938,2025-11-15T15:15:58,Right-handed,Power user,21,8,37.8173,31,360,right,80,40,0,579.75,386.19,0.8904
3455,468938,2025-11-15T15:15:58,Right-handed,Power user,21,8,37.8173,32,180,right,80,40,0,195.15,144.12,0.743
3456,468938,2025-11-15T15:15:58,Right-handed,Power user,21,9,230.0453,1,500,right,120,60,0,551.22,547.13,0.9057
3457,468938,2025-11-15T15:15:58,Right-handed,Power user,21,9,230.0453,2,360,left,80,40,1,345.01,339.0,0.8175
3458,468938,2025-11-15T15:15:58,Right-handed,Power user,21,9,230.0453,3,500,left,120,60,0,452.24,450.28,0.7277
3459,468938,2025-11-15T15:15:58,Right-handed,Power user,21,9,230.0453,4,260,right,120,60,0,370.33,265.23,0.7635
3460,468938,2025-11-15T15:15:58,Right-handed,Power user,21,9,230.0453,5,180,right,80,40,0,236.41,195.01,0.7886
3461,468938,2025-11-15T15:15:58,Right-handed,Power user,21,9,230.0453,6,360,right,120,60,0,412.61,350.04,0.8206
3462,468938,2025-11-15T15:15:58,Right-handed,Power user,21,9,230.0453,7,360,left,120,60,0,329.51,324.08,0.6802
3463,468938,2025-11-15T15:15:58,Right-handed,Power user,21,9,230.0453,8,360,right,160,80,0,408.93,356.0,0.5882
3464,468938,2025-11-15T15:15:58,Right-handed,Power user,21,9,230.0453,9,180,right,40,20,1,203.62,194.01,0.7203
3465,468938,2025-11-15T15:15:58,Right-handed,Power user,21,9,230.0453,10,360,left,40,20,0,352.43,347.09,0.7087
3466,468938,2025-11-15T15:15:58,Right-handed,Power user,21,9,230.0453,11,360,right,40,20,0,361.8,354.02,0.832
3467,468938,2025-11-15T15:15:58,Right-handed,Power user,21,9,230.0453,12,500,left,80,40,0,491.18,489.0,0.7008
3468,468938,2025-11-15T15:15:58,Right-handed,Power user,21,9,230.0453,13,180,left,120,60,0,129.51,126.04,0.5889
3469,468938,2025-11-15T15:15:58,Right-handed,Power user,21,9,230.0453,14,180,right,160,80,0,176.28,176.1,0.5556
3470,468938,2025-11-15T15:15:58,Right-handed,Power user,21,9,230.0453,15,180,left,40,20,0,177.53,177.28,0.6535
3471,468938,2025-11-15T15:15:58,Right-handed,Power user,21,9,230.0453,16,180,right,120,60,0,185.77,179.23,0.606
3472,468938,2025-11-15T15:15:58,Right-handed,Power user,21,9,230.0453,17,500,right,80,40,0,553.81,509.25,0.8006
3473,468938,2025-11-15T15:15:58,Right-handed,Power user,21,9,230.0453,18,260,left,80,40,0,247.53,245.02,0.6442
3474,468938,2025-11-15T15:15:58,Right-handed,Power user,21,9,230.0453,19,260,right,80,40,0,252.74,222.14,0.6303
3475,468938,2025-11-15T15:15:58,Right-handed,Power user,21,9,230.0453,20,260,right,160,80,0,303.6,263.09,0.5602
3476,468938,2025-11-15T15:15:58,Right-handed,Power user,21,9,230.0453,21,260,left,160,80,0,220.35,217.39,0.5484
3477,468938,2025-11-15T15:15:58,Right-handed,Power user,21,9,230.0453,22,260,right,40,20,2,328.22,260.03,1.24
3478,468938,2025-11-15T15:15:58,Right-handed,Power user,21,9,230.0453,23,500,right,40,20,0,735.95,503.25,0.9827
3479,468938,2025-11-15T15:15:58,Right-handed,Power user,21,9,230.0453,24,360,left,160,80,0,2618.07,378.76,190.6312
3480,468938,2025-11-15T15:15:58,Right-handed,Power user,21,9,230.0453,25,180,left,160,80,0,135.56,129.71,0.7329
3481,468938,2025-11-15T15:15:58,Right-handed,Power user,21,9,230.0453,26,500,right,160,80,0,465.86,453.99,0.8303
3482,468938,2025-11-15T15:15:58,Right-handed,Power user,21,9,230.0453,27,260,left,40,20,0,271.64,255.0,0.8771
3483,468938,2025-11-15T15:15:58,Right-handed,Power user,21,9,230.0453,28,260,left,120,60,0,216.39,212.19,0.8149
3484,468938,2025-11-15T15:15:58,Right-handed,Power user,21,9,230.0453,29,500,left,40,20,0,741.54,514.0,1.7191
3485,468938,2025-11-15T15:15:58,Right-handed,Power user,21,9,230.0453,30,360,right,80,40,1,373.8,353.07,0.8537
3486,468938,2025-11-15T15:15:58,Right-handed,Power user,21,9,230.0453,31,180,left,80,40,0,215.55,202.06,0.8897
3487,468938,2025-11-15T15:15:58,Right-handed,Power user,21,9,230.0453,32,500,left,160,80,2,710.32,501.06,2.7755
3488,468938,2025-11-15T15:15:58,Right-handed,Power user,21,10,220.0439,1,500,right,40,20,1,522.27,489.07,0.9407
3489,468938,2025-11-15T15:15:58,Right-handed,Power user,21,10,220.0439,2,500,right,80,40,0,506.86,494.4,0.7349
3490,468938,2025-11-15T15:15:58,Right-handed,Power user,21,10,220.0439,3,500,right,160,80,0,2009.84,433.46,2.4288
3491,468938,2025-11-15T15:15:58,Right-handed,Power user,21,10,220.0439,4,180,right,120,60,1,183.48,182.33,0.6119
3492,468938,2025-11-15T15:15:58,Right-handed,Power user,21,10,220.0439,5,260,left,160,80,0,226.53,221.04,0.7391
3493,468938,2025-11-15T15:15:58,Right-handed,Power user,21,10,220.0439,6,260,right,160,80,0,218.68,213.0,0.8207
3494,468938,2025-11-15T15:15:58,Right-handed,Power user,21,10,220.0439,7,180,right,80,40,0,162.01,150.27,0.7419
3495,468938,2025-11-15T15:15:58,Right-handed,Power user,21,10,220.0439,8,360,left,120,60,0,420.29,414.39,0.6707
3496,468938,2025-11-15T15:15:58,Right-handed,Power user,21,10,220.0439,9,360,left,40,20,2,421.13,375.0,2.1646
3497,468938,2025-11-15T15:15:58,Right-handed,Power user,21,10,220.0439,10,500,left,160,80,0,470.79,453.49,0.8901
3498,468938,2025-11-15T15:15:58,Right-handed,Power user,21,10,220.0439,11,180,right,40,20,0,179.03,170.36,1.1743
3499,468938,2025-11-15T15:15:58,Right-handed,Power user,21,10,220.0439,12,360,right,160,80,0,411.38,336.93,0.8339
3500,468938,2025-11-15T15:15:58,Right-handed,Power user,21,10,220.0439,13,180,left,80,40,0,170.46,167.15,0.7773
3501,468938,2025-11-15T15:15:58,Right-handed,Power user,21,10,220.0439,14,180,left,120,60,1,252.21,218.15,1.2353
3502,468938,2025-11-15T15:15:58,Right-handed,Power user,21,10,220.0439,15,260,left,120,60,0,227.82,223.11,0.9054
3503,468938,2025-11-15T15:15:58,Right-handed,Power user,21,10,220.0439,16,500,left,80,40,0,667.71,519.19,1.6718
3504,468938,2025-11-15T15:15:58,Right-handed,Power user,21,10,220.0439,17,360,left,80,40,0,764.25,344.01,2.4016
3505,468938,2025-11-15T15:15:58,Right-handed,Power user,21,10,220.0439,18,260,right,40,20,0,270.3,259.43,1.0792
3506,468938,2025-11-15T15:15:58,Right-handed,Power user,21,10,220.0439,19,180,left,160,80,0,165.28,163.03,0.5125
3507,468938,2025-11-15T15:15:58,Right-handed,Power user,21,10,220.0439,20,260,right,120,60,0,270.72,257.56,0.6691
3508,468938,2025-11-15T15:15:58,Right-handed,Power user,21,10,220.0439,21,360,left,160,80,0,449.61,432.09,0.6281
3509,468938,2025-11-15T15:15:58,Right-handed,Power user,21,10,220.0439,22,180,right,160,80,0,149.73,140.6,0.6367
3510,468938,2025-11-15T15:15:58,Right-handed,Power user,21,10,220.0439,23,500,left,120,60,0,491.16,488.17,0.6229
3511,468938,2025-11-15T15:15:58,Right-handed,Power user,21,10,220.0439,24,360,right,40,20,0,399.89,373.03,0.9553
3512,468938,2025-11-15T15:15:58,Right-handed,Power user,21,10,220.0439,25,260,left,80,40,0,271.94,251.0,0.6203
3513,468938,2025-11-15T15:15:58,Right-handed,Power user,21,10,220.0439,26,500,left,40,20,0,529.12,502.14,0.9939
3514,468938,2025-11-15T15:15:58,Right-handed,Power user,21,10,220.0439,27,360,right,80,40,0,362.53,358.45,0.7709
3515,468938,2025-11-15T15:15:58,Right-handed,Power user,21,10,220.0439,28,260,left,40,20,0,300.46,270.07,1.0123
3516,468938,2025-11-15T15:15:58,Right-handed,Power user,21,10,220.0439,29,500,right,120,60,0,503.36,497.12,0.761
3517,468938,2025-11-15T15:15:58,Right-handed,Power user,21,10,220.0439,30,360,right,120,60,0,397.37,333.1,0.8111
3518,468938,2025-11-15T15:15:58,Right-handed,Power user,21,10,220.0439,31,180,left,40,20,0,943.2,177.14,1.5752
3519,468938,2025-11-15T15:15:58,Right-handed,Power user,21,10,220.0439,32,260,right,80,40,0,262.6,257.63,0.7369
3520,926057,2025-11-15T15:35:09,Right-handed,Power user,20,1,39.2673,1,180,left,80,40,0,180.28,175.03,0.7115
3521,926057,2025-11-15T15:35:09,Right-handed,Power user,20,1,39.2673,2,360,right,120,60,1,340.3,329.1,0.7347
3522,926057,2025-11-15T15:35:09,Right-handed,Power user,20,1,39.2673,3,360,left,40,20,0,360.58,354.0,0.9204
3523,926057,2025-11-15T15:35:09,Right-handed,Power user,20,1,39.2673,4,500,left,120,60,1,509.09,490.05,1.826
3524,926057,2025-11-15T15:35:09,Right-handed,Power user,20,1,39.2673,5,500,left,40,20,0,512.18,505.0,0.8482
3525,926057,2025-11-15T15:35:09,Right-handed,Power user,20,1,39.2673,6,500,right,80,40,1,540.53,531.03,0.8666
3526,926057,2025-11-15T15:35:09,Right-handed,Power user,20,1,39.2673,7,360,right,160,80,1,403.3,386.06,0.5961
3527,926057,2025-11-15T15:35:09,Right-handed,Power user,20,1,39.2673,8,360,right,80,40,1,376.55,340.65,1.8371
3528,926057,2025-11-15T15:35:09,Right-handed,Power user,20,1,39.2673,9,360,left,80,40,2,587.96,369.3,1.2741
3529,926057,2025-11-15T15:35:09,Right-handed,Power user,20,1,39.2673,10,260,right,40,20,1,441.55,261.05,1.1988
3530,926057,2025-11-15T15:35:09,Right-handed,Power user,20,1,39.2673,11,260,left,40,20,2,286.66,270.03,1.038
3531,926057,2025-11-15T15:35:09,Right-handed,Power user,20,1,39.2673,12,180,right,80,40,1,193.25,186.39,0.8468
3532,926057,2025-11-15T15:35:09,Right-handed,Power user,20,1,39.2673,13,360,right,40,20,1,438.01,379.05,0.9148
3533,926057,2025-11-15T15:35:09,Right-handed,Power user,20,1,39.2673,14,500,left,80,40,2,486.97,482.0,1.1083
3534,926057,2025-11-15T15:35:09,Right-handed,Power user,20,1,39.2673,15,260,left,160,80,1,203.68,204.04,0.5811
3535,926057,2025-11-15T15:35:09,Right-handed,Power user,20,1,39.2673,16,180,right,40,20,1,186.59,185.01,0.6748
3536,926057,2025-11-15T15:35:09,Right-handed,Power user,20,1,39.2673,17,260,left,80,40,1,1446.94,283.7,3.3453
3537,926057,2025-11-15T15:35:09,Right-handed,Power user,20,1,39.2673,18,360,left,160,80,1,328.0,318.28,0.7927
3538,926057,2025-11-15T15:35:09,Right-handed,Power user,20,1,39.2673,19,500,right,120,60,1,550.91,505.14,0.958
3539,926057,2025-11-15T15:35:09,Right-handed,Power user,20,1,39.2673,20,360,left,120,60,1,371.5,367.09,0.6484
3540,926057,2025-11-15T15:35:09,Right-handed,Power user,20,1,39.2673,21,180,left,40,20,1,193.5,177.07,1.1055
3541,926057,2025-11-15T15:35:09,Right-handed,Power user,20,1,39.2673,22,260,right,160,80,0,257.59,251.24,0.5556
3542,926057,2025-11-15T15:35:09,Right-handed,Power user,20,1,39.2673,23,180,right,160,80,1,275.54,240.1,0.5595
3543,926057,2025-11-15T15:35:09,Right-handed,Power user,20,1,39.2673,24,500,right,40,20,1,585.77,510.0,1.259
3544,926057,2025-11-15T15:35:09,Right-handed,Power user,20,1,39.2673,25,180,right,120,60,0,181.84,166.3,0.5478
3545,926057,2025-11-15T15:35:09,Right-handed,Power user,20,1,39.2673,26,180,left,160,80,0,130.6,129.02,0.5424
3546,926057,2025-11-15T15:35:09,Right-handed,Power user,20,1,39.2673,27,260,right,80,40,1,261.62,253.01,0.7951
3547,926057,2025-11-15T15:35:09,Right-handed,Power user,20,1,39.2673,28,500,right,160,80,1,490.31,425.86,0.9079
3548,926057,2025-11-15T15:35:09,Right-handed,Power user,20,1,39.2673,29,260,left,120,60,1,259.84,254.07,0.6179
3549,926057,2025-11-15T15:35:09,Right-handed,Power user,20,1,39.2673,30,260,right,120,60,0,273.48,260.0,0.5499
3550,926057,2025-11-15T15:35:09,Right-handed,Power user,20,1,39.2673,31,500,left,160,80,0,530.1,504.06,0.6452
3551,926057,2025-11-15T15:35:09,Right-handed,Power user,20,1,39.2673,32,180,left,120,60,1,362.4,167.15,0.8179
3552,926057,2025-11-15T15:35:09,Right-handed,Power user,20,2,34.1554,1,180,right,120,60,0,210.79,153.05,0.5053
3553,926057,2025-11-15T15:35:09,Right-handed,Power user,20,2,34.1554,2,260,right,120,60,0,276.23,250.51,0.7439
3554,926057,2025-11-15T15:35:09,Right-handed,Power user,20,2,34.1554,3,360,left,160,80,1,322.13,313.01,0.6992
3555,926057,2025-11-15T15:35:09,Right-handed,Power user,20,2,34.1554,4,260,right,40,20,0,270.68,255.02,0.9435
3556,926057,2025-11-15T15:35:09,Right-handed,Power user,20,2,34.1554,5,500,right,160,80,0,493.24,480.75,1.0294
3557,926057,2025-11-15T15:35:09,Right-handed,Power user,20,2,34.1554,6,260,right,160,80,0,220.18,201.3,0.5789
3558,926057,2025-11-15T15:35:09,Right-handed,Power user,20,2,34.1554,7,180,left,120,60,0,229.06,225.0,0.5951
3559,926057,2025-11-15T15:35:09,Right-handed,Power user,20,2,34.1554,8,360,right,120,60,0,347.52,334.18,0.5281
3560,926057,2025-11-15T15:35:09,Right-handed,Power user,20,2,34.1554,9,500,left,120,60,0,490.11,484.0,0.778
3561,926057,2025-11-15T15:35:09,Right-handed,Power user,20,2,34.1554,10,360,left,80,40,0,352.11,350.12,0.6262
3562,926057,2025-11-15T15:35:09,Right-handed,Power user,20,2,34.1554,11,180,right,160,80,0,195.11,195.0,0.4846
3563,926057,2025-11-15T15:35:09,Right-handed,Power user,20,2,34.1554,12,500,left,80,40,1,546.02,531.01,0.6971
3564,926057,2025-11-15T15:35:09,Right-handed,Power user,20,2,34.1554,13,180,right,80,40,0,200.1,197.21,0.5794
3565,926057,2025-11-15T15:35:09,Right-handed,Power user,20,2,34.1554,14,500,right,40,20,1,586.3,495.1,0.8672
3566,926057,2025-11-15T15:35:09,Right-handed,Power user,20,2,34.1554,15,260,left,160,80,1,276.54,275.12,0.4969
3567,926057,2025-11-15T15:35:09,Right-handed,Power user,20,2,34.1554,16,500,right,120,60,0,468.41,464.0,0.6646
3568,926057,2025-11-15T15:35:09,Right-handed,Power user,20,2,34.1554,17,180,right,40,20,0,241.54,182.18,0.8251
3569,926057,2025-11-15T15:35:09,Right-handed,Power user,20,2,34.1554,18,260,right,80,40,0,298.53,246.03,0.5783
3570,926057,2025-11-15T15:35:09,Right-handed,Power user,20,2,34.1554,19,500,right,80,40,3,541.42,499.2,1.1739
3571,926057,2025-11-15T15:35:09,Right-handed,Power user,20,2,34.1554,20,360,left,40,20,0,597.55,356.05,1.3164
3572,926057,2025-11-15T15:35:09,Right-handed,Power user,20,2,34.1554,21,260,left,40,20,0,281.16,277.01,1.0395
3573,926057,2025-11-15T15:35:09,Right-handed,Power user,20,2,34.1554,22,260,left,80,40,1,272.42,269.74,0.7345
3574,926057,2025-11-15T15:35:09,Right-handed,Power user,20,2,34.1554,23,180,left,160,80,1,200.04,198.0,0.518
3575,926057,2025-11-15T15:35:09,Right-handed,Power user,20,2,34.1554,24,360,right,80,40,0,438.34,376.83,0.7406
3576,926057,2025-11-15T15:35:09,Right-handed,Power user,20,2,34.1554,25,360,right,160,80,0,453.09,397.02,0.7052
3577,926057,2025-11-15T15:35:09,Right-handed,Power user,20,2,34.1554,26,360,left,120,60,0,374.12,372.39,0.6539
3578,926057,2025-11-15T15:35:09,Right-handed,Power user,20,2,34.1554,27,180,left,40,20,0,213.69,168.01,0.8123
3579,926057,2025-11-15T15:35:09,Right-handed,Power user,20,2,34.1554,28,500,left,160,80,0,476.36,472.02,0.6582
3580,926057,2025-11-15T15:35:09,Right-handed,Power user,20,2,34.1554,29,500,left,40,20,1,555.67,516.06,1.5042
3581,926057,2025-11-15T15:35:09,Right-handed,Power user,20,2,34.1554,30,180,left,80,40,0,246.08,160.45,0.8182
3582,926057,2025-11-15T15:35:09,Right-handed,Power user,20,2,34.1554,31,260,left,120,60,0,270.38,246.81,1.6658
3583,926057,2025-11-15T15:35:09,Right-handed,Power user,20,2,34.1554,32,360,right,40,20,1,360.15,353.07,0.9831
3584,926057,2025-11-15T15:35:09,Right-handed,Power user,20,3,36.9453,1,500,right,40,20,1,534.9,509.19,0.8898
3585,926057,2025-11-15T15:35:09,Right-handed,Power user,20,3,36.9453,2,260,right,80,40,0,293.2,243.25,0.7509
3586,926057,2025-11-15T15:35:09,Right-handed,Power user,20,3,36.9453,3,180,right,160,80,1,752.38,218.82,1.2424
3587,926057,2025-11-15T15:35:09,Right-handed,Power user,20,3,36.9453,4,260,right,160,80,0,384.83,334.34,0.6002
3588,926057,2025-11-15T15:35:09,Right-handed,Power user,20,3,36.9453,5,180,right,120,60,1,211.4,210.06,0.5789
3589,926057,2025-11-15T15:35:09,Right-handed,Power user,20,3,36.9453,6,260,right,120,60,0,468.28,307.12,1.6465
3590,926057,2025-11-15T15:35:09,Right-handed,Power user,20,3,36.9453,7,360,right,40,20,0,404.14,368.05,0.8591
3591,926057,2025-11-15T15:35:09,Right-handed,Power user,20,3,36.9453,8,260,left,160,80,0,298.02,296.01,2.8589
3592,926057,2025-11-15T15:35:09,Right-handed,Power user,20,3,36.9453,9,180,right,40,20,0,179.78,175.03,0.8484
3593,926057,2025-11-15T15:35:09,Right-handed,Power user,20,3,36.9453,10,180,right,80,40,0,169.09,156.05,0.6429
3594,926057,2025-11-15T15:35:09,Right-handed,Power user,20,3,36.9453,11,180,left,160,80,1,135.72,130.25,0.8456
3595,926057,2025-11-15T15:35:09,Right-handed,Power user,20,3,36.9453,12,500,left,120,60,0,468.89,466.07,0.8595
3596,926057,2025-11-15T15:35:09,Right-handed,Power user,20,3,36.9453,13,260,left,80,40,0,288.64,286.06,0.6967
3597,926057,2025-11-15T15:35:09,Right-handed,Power user,20,3,36.9453,14,180,left,80,40,0,180.13,158.01,0.6477
3598,926057,2025-11-15T15:35:09,Right-handed,Power user,20,3,36.9453,15,500,right,120,60,0,507.73,498.23,0.939
3599,926057,2025-11-15T15:35:09,Right-handed,Power user,20,3,36.9453,16,260,right,40,20,0,310.39,258.03,1.1498
3600,926057,2025-11-15T15:35:09,Right-handed,Power user,20,3,36.9453,17,360,left,160,80,0,369.32,366.0,1.0012
3601,926057,2025-11-15T15:35:09,Right-handed,Power user,20,3,36.9453,18,360,left,40,20,0,519.91,351.01,0.9617
3602,926057,2025-11-15T15:35:09,Right-handed,Power user,20,3,36.9453,19,360,right,80,40,0,423.38,374.01,0.7839
3603,926057,2025-11-15T15:35:09,Right-handed,Power user,20,3,36.9453,20,260,left,40,20,0,268.49,267.01,0.7604
3604,926057,2025-11-15T15:35:09,Right-handed,Power user,20,3,36.9453,21,260,left,120,60,0,258.45,233.01,0.6677
3605,926057,2025-11-15T15:35:09,Right-handed,Power user,20,3,36.9453,22,500,right,160,80,0,475.44,467.05,0.786
3606,926057,2025-11-15T15:35:09,Right-handed,Power user,20,3,36.9453,23,180,left,40,20,0,169.71,168.0,0.8134
3607,926057,2025-11-15T15:35:09,Right-handed,Power user,20,3,36.9453,24,360,right,160,80,0,355.41,352.01,0.5587
3608,926057,2025-11-15T15:35:09,Right-handed,Power user,20,3,36.9453,25,500,right,80,40,0,552.42,506.08,0.6824
3609,926057,2025-11-15T15:35:09,Right-handed,Power user,20,3,36.9453,26,500,left,80,40,0,610.77,534.37,1.0199
3610,926057,2025-11-15T15:35:09,Right-handed,Power user,20,3,36.9453,27,500,left,160,80,0,779.42,463.67,0.7073
3611,926057,2025-11-15T15:35:09,Right-handed,Power user,20,3,36.9453,28,360,right,120,60,2,426.43,402.7,1.2304
3612,926057,2025-11-15T15:35:09,Right-handed,Power user,20,3,36.9453,29,360,left,120,60,0,316.43,315.0,0.6684
3613,926057,2025-11-15T15:35:09,Right-handed,Power user,20,3,36.9453,30,360,left,80,40,0,361.41,358.07,1.194
3614,926057,2025-11-15T15:35:09,Right-handed,Power user,20,3,36.9453,31,500,left,40,20,0,560.33,503.04,1.5036
3615,926057,2025-11-15T15:35:09,Right-handed,Power user,20,3,36.9453,32,180,left,120,60,0,276.58,222.04,0.5769
3616,926057,2025-11-15T15:35:09,Right-handed,Power user,20,4,36.6284,1,500,right,40,20,1,571.68,517.0,1.419
3617,926057,2025-11-15T15:35:09,Right-handed,Power user,20,4,36.6284,2,180,left,80,40,0,161.97,152.0,0.9682
3618,926057,2025-11-15T15:35:09,Right-handed,Power user,20,4,36.6284,3,260,left,120,60,0,241.87,234.42,1.0733
3619,926057,2025-11-15T15:35:09,Right-handed,Power user,20,4,36.6284,4,180,right,120,60,2,156.58,149.75,0.7911
3620,926057,2025-11-15T15:35:09,Right-handed,Power user,20,4,36.6284,5,180,right,80,40,2,191.81,184.22,0.7467
3621,926057,2025-11-15T15:35:09,Right-handed,Power user,20,4,36.6284,6,360,right,120,60,1,367.04,351.75,0.6722
3622,926057,2025-11-15T15:35:09,Right-handed,Power user,20,4,36.6284,7,260,right,40,20,0,326.47,273.09,0.9068
3623,926057,2025-11-15T15:35:09,Right-handed,Power user,20,4,36.6284,8,260,right,80,40,0,255.14,234.0,0.6779
3624,926057,2025-11-15T15:35:09,Right-handed,Power user,20,4,36.6284,9,500,left,160,80,1,482.86,462.03,0.7328
3625,926057,2025-11-15T15:35:09,Right-handed,Power user,20,4,36.6284,10,360,right,80,40,0,400.46,379.26,0.7318
3626,926057,2025-11-15T15:35:09,Right-handed,Power user,20,4,36.6284,11,260,right,120,60,1,220.16,213.23,0.7494
3627,926057,2025-11-15T15:35:09,Right-handed,Power user,20,4,36.6284,12,500,right,80,40,0,549.64,503.4,1.0496
3628,926057,2025-11-15T15:35:09,Right-handed,Power user,20,4,36.6284,13,180,left,160,80,0,155.71,146.01,0.5596
3629,926057,2025-11-15T15:35:09,Right-handed,Power user,20,4,36.6284,14,180,right,160,80,0,152.63,140.03,0.5701
3630,926057,2025-11-15T15:35:09,Right-handed,Power user,20,4,36.6284,15,260,right,160,80,0,346.36,306.01,0.557
3631,926057,2025-11-15T15:35:09,Right-handed,Power user,20,4,36.6284,16,500,left,40,20,1,587.7,510.02,1.2871
3632,926057,2025-11-15T15:35:09,Right-handed,Power user,20,4,36.6284,17,180,left,40,20,0,190.24,183.0,0.8624
3633,926057,2025-11-15T15:35:09,Right-handed,Power user,20,4,36.6284,18,500,left,120,60,0,566.06,527.02,0.7469
3634,926057,2025-11-15T15:35:09,Right-handed,Power user,20,4,36.6284,19,360,right,160,80,0,435.04,377.3,0.6816
3635,926057,2025-11-15T15:35:09,Right-handed,Power user,20,4,36.6284,20,500,right,120,60,0,545.66,492.02,0.8929
3636,926057,2025-11-15T15:35:09,Right-handed,Power user,20,4,36.6284,21,180,left,120,60,0,213.56,206.12,0.5054
3637,926057,2025-11-15T15:35:09,Right-handed,Power user,20,4,36.6284,22,360,left,160,80,0,451.43,325.5,0.7643
3638,926057,2025-11-15T15:35:09,Right-handed,Power user,20,4,36.6284,23,180,right,40,20,0,235.51,177.1,0.8015
3639,926057,2025-11-15T15:35:09,Right-handed,Power user,20,4,36.6284,24,260,left,160,80,0,254.96,249.07,0.5539
3640,926057,2025-11-15T15:35:09,Right-handed,Power user,20,4,36.6284,25,360,right,40,20,0,359.67,356.0,0.6783
3641,926057,2025-11-15T15:35:09,Right-handed,Power user,20,4,36.6284,26,360,left,120,60,0,367.74,363.11,0.6539
3642,926057,2025-11-15T15:35:09,Right-handed,Power user,20,4,36.6284,27,360,left,40,20,2,515.94,369.07,1.9041
3643,926057,2025-11-15T15:35:09,Right-handed,Power user,20,4,36.6284,28,500,left,80,40,0,829.19,519.01,1.0531
3644,926057,2025-11-15T15:35:09,Right-handed,Power user,20,4,36.6284,29,500,right,160,80,0,529.43,524.02,0.6351
3645,926057,2025-11-15T15:35:09,Right-handed,Power user,20,4,36.6284,30,260,left,40,20,0,259.88,258.09,0.7183
3646,926057,2025-11-15T15:35:09,Right-handed,Power user,20,4,36.6284,31,260,left,80,40,0,260.2,256.38,0.8257
3647,926057,2025-11-15T15:35:09,Right-handed,Power user,20,4,36.6284,32,360,left,80,40,1,387.2,361.01,1.6268
3648,926057,2025-11-15T15:35:09,Right-handed,Power user,20,5,43.033,1,360,right,80,40,1,423.09,391.02,0.6874
3649,926057,2025-11-15T15:35:09,Right-handed,Power user,20,5,43.033,2,500,right,80,40,0,519.09,486.07,0.9522
3650,926057,2025-11-15T15:35:09,Right-handed,Power user,20,5,43.033,3,260,left,80,40,0,259.87,256.03,0.6401
3651,926057,2025-11-15T15:35:09,Right-handed,Power user,20,5,43.033,4,500,left,80,40,2,525.95,510.22,0.8035
3652,926057,2025-11-15T15:35:09,Right-handed,Power user,20,5,43.033,5,180,left,40,20,0,180.72,175.05,0.8399
3653,926057,2025-11-15T15:35:09,Right-handed,Power user,20,5,43.033,6,360,right,120,60,0,354.32,348.14,0.8679
3654,926057,2025-11-15T15:35:09,Right-handed,Power user,20,5,43.033,7,500,right,120,60,0,495.33,483.15,0.8164
3655,926057,2025-11-15T15:35:09,Right-handed,Power user,20,5,43.033,8,180,right,80,40,0,167.95,153.0,0.5985
3656,926057,2025-11-15T15:35:09,Right-handed,Power user,20,5,43.033,9,500,right,40,20,0,629.62,507.04,1.8826
3657,926057,2025-11-15T15:35:09,Right-handed,Power user,20,5,43.033,10,500,left,40,20,0,762.17,488.0,1.3478
3658,926057,2025-11-15T15:35:09,Right-handed,Power user,20,5,43.033,11,360,right,40,20,0,362.65,360.01,1.2091
3659,926057,2025-11-15T15:35:09,Right-handed,Power user,20,5,43.033,12,360,left,80,40,0,329.79,324.45,0.7439
3660,926057,2025-11-15T15:35:09,Right-handed,Power user,20,5,43.033,13,180,right,40,20,0,183.67,176.0,0.7698
3661,926057,2025-11-15T15:35:09,Right-handed,Power user,20,5,43.033,14,360,right,160,80,0,360.48,333.6,0.6674
3662,926057,2025-11-15T15:35:09,Right-handed,Power user,20,5,43.033,15,360,left,160,80,2,433.37,430.0,0.7097
3663,926057,2025-11-15T15:35:09,Right-handed,Power user,20,5,43.033,16,260,right,160,80,0,256.16,250.45,0.5829
3664,926057,2025-11-15T15:35:09,Right-handed,Power user,20,5,43.033,17,360,left,40,20,0,465.91,350.01,0.9065
3665,926057,2025-11-15T15:35:09,Right-handed,Power user,20,5,43.033,18,180,right,120,60,0,218.21,210.02,0.6102
3666,926057,2025-11-15T15:35:09,Right-handed,Power user,20,5,43.033,19,260,left,40,20,1,291.6,264.0,0.7594
3667,926057,2025-11-15T15:35:09,Right-handed,Power user,20,5,43.033,20,180,left,120,60,1,166.3,153.0,0.7596
3668,926057,2025-11-15T15:35:09,Right-handed,Power user,20,5,43.033,21,500,left,120,60,1,530.35,528.02,0.7042
3669,926057,2025-11-15T15:35:09,Right-handed,Power user,20,5,43.033,22,180,right,160,80,1,204.94,199.0,0.572
3670,926057,2025-11-15T15:35:09,Right-handed,Power user,20,5,43.033,23,260,right,120,60,0,214.28,208.29,0.9355
3671,926057,2025-11-15T15:35:09,Right-handed,Power user,20,5,43.033,24,260,left,120,60,1,218.37,216.0,0.7074
3672,926057,2025-11-15T15:35:09,Right-handed,Power user,20,5,43.033,25,180,left,160,80,1,154.46,154.03,0.5776
3673,926057,2025-11-15T15:35:09,Right-handed,Power user,20,5,43.033,26,260,left,160,80,0,214.54,213.08,0.7328
3674,926057,2025-11-15T15:35:09,Right-handed,Power user,20,5,43.033,27,360,left,120,60,1,367.07,348.17,1.0196
3675,926057,2025-11-15T15:35:09,Right-handed,Power user,20,5,43.033,28,260,right,40,20,1,360.46,259.12,0.8349
3676,926057,2025-11-15T15:35:09,Right-handed,Power user,20,5,43.033,29,180,left,80,40,0,153.06,149.0,0.7617
3677,926057,2025-11-15T15:35:09,Right-handed,Power user,20,5,43.033,30,500,left,160,80,0,481.86,485.0,0.6332
3678,926057,2025-11-15T15:35:09,Right-handed,Power user,20,5,43.033,31,260,right,80,40,2,291.26,278.01,0.8569
3679,926057,2025-11-15T15:35:09,Right-handed,Power user,20,5,43.033,32,500,right,160,80,0,1545.04,502.67,6.5023
3680,926057,2025-11-15T15:35:09,Right-handed,Power user,20,6,33.939,1,500,right,80,40,1,469.74,468.13,0.8288
3681,926057,2025-11-15T15:35:09,Right-handed,Power user,20,6,33.939,2,500,left,120,60,1,616.23,537.41,0.9956
3682,926057,2025-11-15T15:35:09,Right-handed,Power user,20,6,33.939,3,260,left,160,80,1,290.6,216.19,0.745
3683,926057,2025-11-15T15:35:09,Right-handed,Power user,20,6,33.939,4,360,left,160,80,1,385.88,350.02,0.6217
3684,926057,2025-11-15T15:35:09,Right-handed,Power user,20,6,33.939,5,260,left,80,40,1,311.46,267.03,0.7784
3685,926057,2025-11-15T15:35:09,Right-handed,Power user,20,6,33.939,6,180,left,80,40,1,166.27,150.0,0.6276
3686,926057,2025-11-15T15:35:09,Right-handed,Power user,20,6,33.939,7,260,left,40,20,1,364.32,271.09,0.8785
3687,926057,2025-11-15T15:35:09,Right-handed,Power user,20,6,33.939,8,260,right,40,20,0,302.9,279.04,1.4944
3688,926057,2025-11-15T15:35:09,Right-handed,Power user,20,6,33.939,9,500,left,40,20,0,662.39,511.02,1.1923
3689,926057,2025-11-15T15:35:09,Right-handed,Power user,20,6,33.939,10,260,right,120,60,0,265.99,259.12,0.6064
3690,926057,2025-11-15T15:35:09,Right-handed,Power user,20,6,33.939,11,500,right,120,60,0,567.32,494.17,0.8841
3691,926057,2025-11-15T15:35:09,Right-handed,Power user,20,6,33.939,12,500,right,40,20,0,669.63,519.01,1.0566
3692,926057,2025-11-15T15:35:09,Right-handed,Power user,20,6,33.939,13,360,left,120,60,0,427.49,382.42,0.5948
3693,926057,2025-11-15T15:35:09,Right-handed,Power user,20,6,33.939,14,260,right,80,40,1,369.0,270.12,0.7891
3694,926057,2025-11-15T15:35:09,Right-handed,Power user,20,6,33.939,15,500,right,160,80,0,451.01,424.14,0.7374
3695,926057,2025-11-15T15:35:09,Right-handed,Power user,20,6,33.939,16,500,left,160,80,0,452.32,439.5,0.6462
3696,926057,2025-11-15T15:35:09,Right-handed,Power user,20,6,33.939,17,180,right,80,40,1,150.72,146.0,0.59
3697,926057,2025-11-15T15:35:09,Right-handed,Power user,20,6,33.939,18,180,right,160,80,1,324.93,179.1,0.5741
3698,926057,2025-11-15T15:35:09,Right-handed,Power user,20,6,33.939,19,500,left,80,40,1,522.67,501.04,0.8423
3699,926057,2025-11-15T15:35:09,Right-handed,Power user,20,6,33.939,20,360,right,80,40,1,387.86,381.01,0.6886
3700,926057,2025-11-15T15:35:09,Right-handed,Power user,20,6,33.939,21,360,right,160,80,0,456.01,299.28,0.6408
3701,926057,2025-11-15T15:35:09,Right-handed,Power user,20,6,33.939,22,180,left,160,80,1,174.81,172.0,0.5833
3702,926057,2025-11-15T15:35:09,Right-handed,Power user,20,6,33.939,23,360,right,40,20,1,412.87,371.01,0.9064
3703,926057,2025-11-15T15:35:09,Right-handed,Power user,20,6,33.939,24,180,right,120,60,1,412.82,144.0,0.6224
3704,926057,2025-11-15T15:35:09,Right-handed,Power user,20,6,33.939,25,260,left,120,60,1,239.72,237.01,0.5999
3705,926057,2025-11-15T15:35:09,Right-handed,Power user,20,6,33.939,26,360,right,120,60,3,520.08,403.0,1.0445
3706,926057,2025-11-15T15:35:09,Right-handed,Power user,20,6,33.939,27,180,left,40,20,0,178.68,176.1,0.6724
3707,926057,2025-11-15T15:35:09,Right-handed,Power user,20,6,33.939,28,360,left,80,40,2,496.5,371.01,0.945
3708,926057,2025-11-15T15:35:09,Right-handed,Power user,20,6,33.939,29,180,right,40,20,1,172.22,165.03,0.8751
3709,926057,2025-11-15T15:35:09,Right-handed,Power user,20,6,33.939,30,360,left,40,20,1,399.46,375.0,1.3576
3710,926057,2025-11-15T15:35:09,Right-handed,Power user,20,6,33.939,31,260,right,160,80,2,222.56,216.0,0.5662
3711,926057,2025-11-15T15:35:09,Right-handed,Power user,20,6,33.939,32,180,left,120,60,1,181.7,176.05,0.5796
3712,926057,2025-11-15T15:35:09,Right-handed,Power user,20,7,42.9789,1,500,right,40,20,3,508.11,485.0,1.0056
3713,926057,2025-11-15T15:35:09,Right-handed,Power user,20,7,42.9789,2,500,left,120,60,2,597.65,545.16,1.4123
3714,926057,2025-11-15T15:35:09,Right-handed,Power user,20,7,42.9789,3,360,right,120,60,5,418.96,324.1,1.675
3715,926057,2025-11-15T15:35:09,Right-handed,Power user,20,7,42.9789,4,180,right,120,60,1,150.86,133.06,0.6172
3716,926057,2025-11-15T15:35:09,Right-handed,Power user,20,7,42.9789,5,360,right,160,80,2,352.42,291.21,0.9449
3717,926057,2025-11-15T15:35:09,Right-handed,Power user,20,7,42.9789,6,260,right,160,80,1,319.15,314.13,0.5562
3718,926057,2025-11-15T15:35:09,Right-handed,Power user,20,7,42.9789,7,260,left,120,60,0,284.88,281.03,0.6946
3719,926057,2025-11-15T15:35:09,Right-handed,Power user,20,7,42.9789,8,180,right,160,80,0,212.53,207.47,0.5506
3720,926057,2025-11-15T15:35:09,Right-handed,Power user,20,7,42.9789,9,500,right,80,40,1,689.8,522.0,0.8887
3721,926057,2025-11-15T15:35:09,Right-handed,Power user,20,7,42.9789,10,360,right,80,40,0,393.76,354.04,0.865
3722,926057,2025-11-15T15:35:09,Right-handed,Power user,20,7,42.9789,11,500,left,40,20,0,524.47,497.02,0.9433
3723,926057,2025-11-15T15:35:09,Right-handed,Power user,20,7,42.9789,12,260,right,80,40,0,320.45,265.48,0.7829
3724,926057,2025-11-15T15:35:09,Right-handed,Power user,20,7,42.9789,13,360,right,40,20,0,486.79,364.01,1.0897
3725,926057,2025-11-15T15:35:09,Right-handed,Power user,20,7,42.9789,14,500,left,80,40,1,471.07,466.01,0.8915
3726,926057,2025-11-15T15:35:09,Right-handed,Power user,20,7,42.9789,15,180,left,80,40,1,192.73,178.23,0.7401
3727,926057,2025-11-15T15:35:09,Right-handed,Power user,20,7,42.9789,16,500,right,160,80,0,493.98,480.04,0.6594
3728,926057,2025-11-15T15:35:09,Right-handed,Power user,20,7,42.9789,17,260,left,80,40,0,257.89,243.05,0.8615
3729,926057,2025-11-15T15:35:09,Right-handed,Power user,20,7,42.9789,18,360,left,120,60,0,558.62,367.35,0.8333
3730,926057,2025-11-15T15:35:09,Right-handed,Power user,20,7,42.9789,19,260,left,160,80,1,215.56,209.09,0.9025
3731,926057,2025-11-15T15:35:09,Right-handed,Power user,20,7,42.9789,20,180,right,40,20,0,331.08,186.1,1.0705
3732,926057,2025-11-15T15:35:09,Right-handed,Power user,20,7,42.9789,21,500,left,160,80,1,446.09,442.33,0.7161
3733,926057,2025-11-15T15:35:09,Right-handed,Power user,20,7,42.9789,22,180,right,80,40,0,222.36,179.89,0.7019
3734,926057,2025-11-15T15:35:09,Right-handed,Power user,20,7,42.9789,23,260,right,120,60,0,252.78,216.0,0.7951
3735,926057,2025-11-15T15:35:09,Right-handed,Power user,20,7,42.9789,24,260,left,40,20,0,256.16,249.13,1.0237
3736,926057,2025-11-15T15:35:09,Right-handed,Power user,20,7,42.9789,25,500,right,120,60,0,475.09,461.09,0.7847
3737,926057,2025-11-15T15:35:09,Right-handed,Power user,20,7,42.9789,26,360,left,40,20,1,369.39,349.04,1.4892
3738,926057,2025-11-15T15:35:09,Right-handed,Power user,20,7,42.9789,27,360,left,160,80,0,308.38,297.02,0.8611
3739,926057,2025-11-15T15:35:09,Right-handed,Power user,20,7,42.9789,28,180,left,160,80,0,122.26,108.56,0.8143
3740,926057,2025-11-15T15:35:09,Right-handed,Power user,20,7,42.9789,29,180,left,120,60,0,239.83,214.19,0.9704
3741,926057,2025-11-15T15:35:09,Right-handed,Power user,20,7,42.9789,30,360,left,80,40,0,367.19,351.82,1.1396
3742,926057,2025-11-15T15:35:09,Right-handed,Power user,20,7,42.9789,31,180,left,40,20,0,444.92,189.0,2.082
3743,926057,2025-11-15T15:35:09,Right-handed,Power user,20,7,42.9789,32,260,right,40,20,0,513.34,244.1,0.8671
3744,926057,2025-11-15T15:35:09,Right-handed,Power user,20,8,41.4755,1,500,right,160,80,0,479.26,476.0,0.6672
3745,926057,2025-11-15T15:35:09,Right-handed,Power user,20,8,41.4755,2,260,right,120,60,0,262.5,241.05,0.6744
3746,926057,2025-11-15T15:35:09,Right-handed,Power user,20,8,41.4755,3,260,left,120,60,0,226.95,223.14,0.7178
3747,926057,2025-11-15T15:35:09,Right-handed,Power user,20,8,41.4755,4,180,right,160,80,0,162.39,120.42,0.5628
3748,926057,2025-11-15T15:35:09,Right-handed,Power user,20,8,41.4755,5,260,left,80,40,0,280.08,274.41,0.7587
3749,926057,2025-11-15T15:35:09,Right-handed,Power user,20,8,41.4755,6,500,right,120,60,0,489.66,473.02,0.6934
3750,926057,2025-11-15T15:35:09,Right-handed,Power user,20,8,41.4755,7,500,left,80,40,0,467.97,462.01,0.9094
3751,926057,2025-11-15T15:35:09,Right-handed,Power user,20,8,41.4755,8,180,left,120,60,0,133.08,128.25,0.5414
3752,926057,2025-11-15T15:35:09,Right-handed,Power user,20,8,41.4755,9,500,left,40,20,0,508.9,488.04,1.129
3753,926057,2025-11-15T15:35:09,Right-handed,Power user,20,8,41.4755,10,180,right,80,40,0,186.68,182.4,0.6941
3754,926057,2025-11-15T15:35:09,Right-handed,Power user,20,8,41.4755,11,180,left,80,40,0,163.85,161.08,0.8406
3755,926057,2025-11-15T15:35:09,Right-handed,Power user,20,8,41.4755,12,500,right,40,20,0,504.27,500.0,1.0111
3756,926057,2025-11-15T15:35:09,Right-handed,Power user,20,8,41.4755,13,260,right,160,80,0,225.67,197.0,0.5415
3757,926057,2025-11-15T15:35:09,Right-handed,Power user,20,8,41.4755,14,180,right,120,60,1,180.64,177.05,0.5965
3758,926057,2025-11-15T15:35:09,Right-handed,Power user,20,8,41.4755,15,360,right,160,80,1,307.52,286.5,1.1433
3759,926057,2025-11-15T15:35:09,Right-handed,Power user,20,8,41.4755,16,360,left,160,80,1,338.6,331.12,1.3828
3760,926057,2025-11-15T15:35:09,Right-handed,Power user,20,8,41.4755,17,180,left,40,20,0,207.78,194.04,1.2017
3761,926057,2025-11-15T15:35:09,Right-handed,Power user,20,8,41.4755,18,360,right,80,40,1,330.08,324.45,1.0455
3762,926057,2025-11-15T15:35:09,Right-handed,Power user,20,8,41.4755,19,260,right,80,40,1,291.99,272.0,0.6644
3763,926057,2025-11-15T15:35:09,Right-handed,Power user,20,8,41.4755,20,500,left,160,80,0,490.71,485.23,0.6924
3764,926057,2025-11-15T15:35:09,Right-handed,Power user,20,8,41.4755,21,360,left,40,20,1,365.1,346.14,1.4478
3765,926057,2025-11-15T15:35:09,Right-handed,Power user,20,8,41.4755,22,180,left,160,80,0,142.39,141.13,0.5766
3766,926057,2025-11-15T15:35:09,Right-handed,Power user,20,8,41.4755,23,500,left,120,60,0,586.23,480.5,2.7583
3767,926057,2025-11-15T15:35:09,Right-handed,Power user,20,8,41.4755,24,180,right,40,20,0,195.52,174.01,1.0948
3768,926057,2025-11-15T15:35:09,Right-handed,Power user,20,8,41.4755,25,260,left,160,80,0,260.18,249.03,0.8092
3769,926057,2025-11-15T15:35:09,Right-handed,Power user,20,8,41.4755,26,260,left,40,20,0,267.45,250.02,1.3388
3770,926057,2025-11-15T15:35:09,Right-handed,Power user,20,8,41.4755,27,360,left,120,60,0,788.29,412.03,1.1942
3771,926057,2025-11-15T15:35:09,Right-handed,Power user,20,8,41.4755,28,500,right,80,40,0,621.53,496.03,0.9927
3772,926057,2025-11-15T15:35:09,Right-handed,Power user,20,8,41.4755,29,360,left,80,40,0,636.17,375.01,0.9797
3773,926057,2025-11-15T15:35:09,Right-handed,Power user,20,8,41.4755,30,260,right,40,20,0,306.86,263.07,0.8162
3774,926057,2025-11-15T15:35:09,Right-handed,Power user,20,8,41.4755,31,360,right,120,60,0,385.16,358.11,0.6553
3775,926057,2025-11-15T15:35:09,Right-handed,Power user,20,8,41.4755,32,360,right,40,20,0,396.65,364.01,1.0515
3776,926057,2025-11-15T15:35:09,Right-handed,Power user,20,9,49.3501,1,180,left,160,80,0,192.78,185.02,0.5092
3777,926057,2025-11-15T15:35:09,Right-handed,Power user,20,9,49.3501,2,260,right,120,60,0,315.06,275.22,0.5928
3778,926057,2025-11-15T15:35:09,Right-handed,Power user,20,9,49.3501,3,500,right,120,60,0,481.45,467.04,1.3684
3779,926057,2025-11-15T15:35:09,Right-handed,Power user,20,9,49.3501,4,500,left,120,60,0,678.89,529.31,0.9876
3780,926057,2025-11-15T15:35:09,Right-handed,Power user,20,9,49.3501,5,260,right,40,20,0,280.31,250.01,0.8086
3781,926057,2025-11-15T15:35:09,Right-handed,Power user,20,9,49.3501,6,180,right,160,80,0,135.25,133.06,0.5483
3782,926057,2025-11-15T15:35:09,Right-handed,Power user,20,9,49.3501,7,500,right,160,80,0,487.74,451.52,0.8255
3783,926057,2025-11-15T15:35:09,Right-handed,Power user,20,9,49.3501,8,260,left,40,20,0,259.75,248.34,0.9661
3784,926057,2025-11-15T15:35:09,Right-handed,Power user,20,9,49.3501,9,500,right,40,20,1,1023.65,501.02,3.0589
3785,926057,2025-11-15T15:35:09,Right-handed,Power user,20,9,49.3501,10,360,left,160,80,1,301.61,297.38,0.6741
3786,926057,2025-11-15T15:35:09,Right-handed,Power user,20,9,49.3501,11,260,left,80,40,0,266.23,249.03,2.2028
3787,926057,2025-11-15T15:35:09,Right-handed,Power user,20,9,49.3501,12,260,left,120,60,0,477.96,295.04,4.6463
3788,926057,2025-11-15T15:35:09,Right-handed,Power user,20,9,49.3501,13,180,right,120,60,0,177.3,174.1,0.6112
3789,926057,2025-11-15T15:35:09,Right-handed,Power user,20,9,49.3501,14,360,right,40,20,0,363.23,354.02,0.9924
3790,926057,2025-11-15T15:35:09,Right-handed,Power user,20,9,49.3501,15,360,right,160,80,0,332.03,309.58,0.8843
3791,926057,2025-11-15T15:35:09,Right-handed,Power user,20,9,49.3501,16,180,left,80,40,0,1590.14,192.0,2.4325
3792,926057,2025-11-15T15:35:09,Right-handed,Power user,20,9,49.3501,17,360,left,120,60,0,631.91,353.01,1.0215
3793,926057,2025-11-15T15:35:09,Right-handed,Power user,20,9,49.3501,18,260,right,160,80,0,227.0,208.69,0.7301
3794,926057,2025-11-15T15:35:09,Right-handed,Power user,20,9,49.3501,19,360,left,40,20,0,365.3,351.07,2.7302
3795,926057,2025-11-15T15:35:09,Right-handed,Power user,20,9,49.3501,20,260,right,80,40,0,227.91,222.11,0.7581
3796,926057,2025-11-15T15:35:09,Right-handed,Power user,20,9,49.3501,21,180,left,40,20,0,175.46,168.24,1.0102
3797,926057,2025-11-15T15:35:09,Right-handed,Power user,20,9,49.3501,22,500,left,160,80,0,526.68,504.32,1.487
3798,926057,2025-11-15T15:35:09,Right-handed,Power user,20,9,49.3501,23,180,right,40,20,0,390.25,171.03,1.5267
3799,926057,2025-11-15T15:35:09,Right-handed,Power user,20,9,49.3501,24,360,left,80,40,0,351.7,341.53,1.266
3800,926057,2025-11-15T15:35:09,Right-handed,Power user,20,9,49.3501,25,260,left,160,80,0,324.07,278.35,1.4078
3801,926057,2025-11-15T15:35:09,Right-handed,Power user,20,9,49.3501,26,500,left,80,40,0,693.16,509.01,1.0111
3802,926057,2025-11-15T15:35:09,Right-handed,Power user,20,9,49.3501,27,180,right,80,40,1,165.75,159.0,1.1376
3803,926057,2025-11-15T15:35:09,Right-handed,Power user,20,9,49.3501,28,360,right,80,40,0,385.97,365.01,0.7799
3804,926057,2025-11-15T15:35:09,Right-handed,Power user,20,9,49.3501,29,500,left,40,20,1,498.14,495.12,1.1931
3805,926057,2025-11-15T15:35:09,Right-handed,Power user,20,9,49.3501,30,500,right,80,40,0,610.99,494.26,0.8837
3806,926057,2025-11-15T15:35:09,Right-handed,Power user,20,9,49.3501,31,360,right,120,60,0,380.28,362.35,0.8059
3807,926057,2025-11-15T15:35:09,Right-handed,Power user,20,9,49.3501,32,180,left,120,60,0,213.15,175.29,0.6092
3808,926057,2025-11-15T15:35:09,Right-handed,Power user,20,10,51.6581,1,500,left,80,40,0,514.54,498.01,2.3357
3809,926057,2025-11-15T15:35:09,Right-handed,Power user,20,10,51.6581,2,500,left,120,60,0,498.22,492.33,0.9518
3810,926057,2025-11-15T15:35:09,Right-handed,Power user,20,10,51.6581,3,180,left,80,40,0,198.82,194.13,3.0122
3811,926057,2025-11-15T15:35:09,Right-handed,Power user,20,10,51.6581,4,180,right,120,60,0,160.33,155.32,0.8875
3812,926057,2025-11-15T15:35:09,Right-handed,Power user,20,10,51.6581,5,180,left,120,60,0,206.9,187.07,1.1078
3813,926057,2025-11-15T15:35:09,Right-handed,Power user,20,10,51.6581,6,260,right,120,60,0,384.1,277.3,7.6589
3814,926057,2025-11-15T15:35:09,Right-handed,Power user,20,10,51.6581,7,360,right,120,60,1,410.99,393.02,2.8759
3815,926057,2025-11-15T15:35:09,Right-handed,Power user,20,10,51.6581,8,260,left,40,20,1,262.06,258.03,1.3993
3816,926057,2025-11-15T15:35:09,Right-handed,Power user,20,10,51.6581,9,360,right,80,40,0,389.67,383.06,0.8539
3817,926057,2025-11-15T15:35:09,Right-handed,Power user,20,10,51.6581,10,180,right,160,80,0,224.63,168.15,0.5657
3818,926057,2025-11-15T15:35:09,Right-handed,Power user,20,10,51.6581,11,500,right,120,60,0,536.92,468.56,0.711
3819,926057,2025-11-15T15:35:09,Right-handed,Power user,20,10,51.6581,12,260,right,40,20,0,383.19,267.03,0.811
3820,926057,2025-11-15T15:35:09,Right-handed,Power user,20,10,51.6581,13,500,right,80,40,0,535.24,489.12,0.8723
3821,926057,2025-11-15T15:35:09,Right-handed,Power user,20,10,51.6581,14,360,left,40,20,0,368.14,350.17,0.8053
3822,926057,2025-11-15T15:35:09,Right-handed,Power user,20,10,51.6581,15,500,right,160,80,0,438.65,435.46,0.7089
3823,926057,2025-11-15T15:35:09,Right-handed,Power user,20,10,51.6581,16,500,right,40,20,1,550.97,513.05,1.5213
3824,926057,2025-11-15T15:35:09,Right-handed,Power user,20,10,51.6581,17,260,left,120,60,0,507.69,295.0,0.6941
3825,926057,2025-11-15T15:35:09,Right-handed,Power user,20,10,51.6581,18,360,right,40,20,0,372.04,361.09,1.11
3826,926057,2025-11-15T15:35:09,Right-handed,Power user,20,10,51.6581,19,500,left,40,20,0,537.69,501.0,1.2368
3827,926057,2025-11-15T15:35:09,Right-handed,Power user,20,10,51.6581,20,360,left,80,40,0,372.25,365.05,1.0887
3828,926057,2025-11-15T15:35:09,Right-handed,Power user,20,10,51.6581,21,260,right,160,80,0,231.52,221.0,0.6209
3829,926057,2025-11-15T15:35:09,Right-handed,Power user,20,10,51.6581,22,180,left,160,80,1,129.95,125.0,0.5568
3830,926057,2025-11-15T15:35:09,Right-handed,Power user,20,10,51.6581,23,180,left,40,20,0,300.07,169.24,0.6824
3831,926057,2025-11-15T15:35:09,Right-handed,Power user,20,10,51.6581,24,260,left,80,40,0,290.55,244.07,0.9268
3832,926057,2025-11-15T15:35:09,Right-handed,Power user,20,10,51.6581,25,260,right,80,40,0,261.26,259.0,0.7288
3833,926057,2025-11-15T15:35:09,Right-handed,Power user,20,10,51.6581,26,180,right,40,20,0,208.92,187.04,0.839
3834,926057,2025-11-15T15:35:09,Right-handed,Power user,20,10,51.6581,27,360,right,160,80,0,375.75,306.72,0.6287
3835,926057,2025-11-15T15:35:09,Right-handed,Power user,20,10,51.6581,28,260,left,160,80,0,276.85,267.23,0.547
3836,926057,2025-11-15T15:35:09,Right-handed,Power user,20,10,51.6581,29,360,left,120,60,0,370.8,336.07,0.6004
3837,926057,2025-11-15T15:35:09,Right-handed,Power user,20,10,51.6581,30,360,left,160,80,0,357.2,349.01,0.5484
3838,926057,2025-11-15T15:35:09,Right-handed,Power user,20,10,51.6581,31,180,right,80,40,0,168.1,146.12,0.7126
3839,926057,2025-11-15T15:35:09,Right-handed,Power user,20,10,51.6581,32,500,left,160,80,0,548.36,473.15,0.6927
3840,944251,2025-11-16T16:36:13,Right-handed,Regular user,21,1,42.7863,1,180,left,160,80,0,170.09,169.66,1.1917
3841,944251,2025-11-16T16:36:13,Right-handed,Regular user,21,1,42.7863,2,180,right,120,60,0,319.57,205.08,1.2741
3842,944251,2025-11-16T16:36:13,Right-handed,Regular user,21,1,42.7863,3,500,left,160,80,0,482.88,479.04,1.0421
3843,944251,2025-11-16T16:36:13,Right-handed,Regular user,21,1,42.7863,4,260,left,120,60,0,273.91,271.22,0.973
3844,944251,2025-11-16T16:36:13,Right-handed,Regular user,21,1,42.7863,5,360,left,160,80,0,352.56,350.05,0.9399
3845,944251,2025-11-16T16:36:13,Right-handed,Regular user,21,1,42.7863,6,260,left,40,20,0,264.7,263.0,1.1871
3846,944251,2025-11-16T16:36:13,Right-handed,Regular user,21,1,42.7863,7,500,right,160,80,0,559.59,552.57,1.0645
3847,944251,2025-11-16T16:36:13,Right-handed,Regular user,21,1,42.7863,8,360,left,120,60,1,323.39,322.5,1.4365
3848,944251,2025-11-16T16:36:13,Right-handed,Regular user,21,1,42.7863,9,500,left,40,20,0,547.8,501.0,1.4036
3849,944251,2025-11-16T16:36:13,Right-handed,Regular user,21,1,42.7863,10,180,left,120,60,0,170.37,170.0,0.9052
3850,944251,2025-11-16T16:36:13,Right-handed,Regular user,21,1,42.7863,11,260,right,40,20,0,315.7,261.49,1.1871
3851,944251,2025-11-16T16:36:13,Right-handed,Regular user,21,1,42.7863,12,500,right,40,20,0,501.19,496.26,1.3086
3852,944251,2025-11-16T16:36:13,Right-handed,Regular user,21,1,42.7863,13,500,left,120,60,0,514.53,513.16,1.016
3853,944251,2025-11-16T16:36:13,Right-handed,Regular user,21,1,42.7863,14,260,left,160,80,0,234.52,234.01,0.8824
3854,944251,2025-11-16T16:36:13,Right-handed,Regular user,21,1,42.7863,15,180,right,40,20,0,186.19,185.13,1.0807
3855,944251,2025-11-16T16:36:13,Right-handed,Regular user,21,1,42.7863,16,360,left,80,40,0,370.15,363.05,1.2225
3856,944251,2025-11-16T16:36:13,Right-handed,Regular user,21,1,42.7863,17,260,right,160,80,0,215.96,205.88,0.6789
3857,944251,2025-11-16T16:36:13,Right-handed,Regular user,21,1,42.7863,18,260,left,80,40,0,274.08,269.07,0.6299
3858,944251,2025-11-16T16:36:13,Right-handed,Regular user,21,1,42.7863,19,260,right,80,40,0,265.8,262.01,0.6403
3859,944251,2025-11-16T16:36:13,Right-handed,Regular user,21,1,42.7863,20,360,right,80,40,0,359.02,350.12,0.8766
3860,944251,2025-11-16T16:36:13,Right-handed,Regular user,21,1,42.7863,21,360,right,160,80,0,349.97,345.0,0.8637
3861,944251,2025-11-16T16:36:13,Right-handed,Regular user,21,1,42.7863,22,500,right,80,40,0,496.86,487.01,1.0628
3862,944251,2025-11-16T16:36:13,Right-handed,Regular user,21,1,42.7863,23,180,right,160,80,0,189.34,184.22,0.5972
3863,944251,2025-11-16T16:36:13,Right-handed,Regular user,21,1,42.7863,24,360,right,40,20,0,371.82,366.01,1.0992
3864,944251,2025-11-16T16:36:13,Right-handed,Regular user,21,1,42.7863,25,180,left,40,20,0,296.92,167.07,0.8019
3865,944251,2025-11-16T16:36:13,Right-handed,Regular user,21,1,42.7863,26,180,left,80,40,0,188.12,185.17,0.576
3866,944251,2025-11-16T16:36:13,Right-handed,Regular user,21,1,42.7863,27,260,right,120,60,0,291.68,290.34,0.6184
3867,944251,2025-11-16T16:36:13,Right-handed,Regular user,21,1,42.7863,28,360,right,120,60,0,351.08,332.3,0.7506
3868,944251,2025-11-16T16:36:13,Right-handed,Regular user,21,1,42.7863,29,500,left,80,40,0,513.75,510.04,0.7028
3869,944251,2025-11-16T16:36:13,Right-handed,Regular user,21,1,42.7863,30,500,right,120,60,0,488.39,480.13,0.6844
3870,944251,2025-11-16T16:36:13,Right-handed,Regular user,21,1,42.7863,31,180,right,80,40,0,197.78,164.48,0.7127
3871,944251,2025-11-16T16:36:13,Right-handed,Regular user,21,1,42.7863,32,360,left,40,20,0,442.51,361.01,0.8628
3872,944251,2025-11-16T16:36:13,Right-handed,Regular user,21,2,32.2854,1,360,right,160,80,0,442.25,431.0,0.7023
3873,944251,2025-11-16T16:36:13,Right-handed,Regular user,21,2,32.2854,2,500,left,120,60,0,484.04,476.0,1.2397
3874,944251,2025-11-16T16:36:13,Right-handed,Regular user,21,2,32.2854,3,360,left,80,40,0,327.63,326.3,0.7488
3875,944251,2025-11-16T16:36:13,Right-handed,Regular user,21,2,32.2854,4,500,right,160,80,0,521.26,514.25,0.705
3876,944251,2025-11-16T16:36:13,Right-handed,Regular user,21,2,32.2854,5,180,left,160,80,0,474.11,221.06,0.7132
3877,944251,2025-11-16T16:36:13,Right-handed,Regular user,21,2,32.2854,6,180,left,40,20,0,180.15,174.01,0.683
3878,944251,2025-11-16T16:36:13,Right-handed,Regular user,21,2,32.2854,7,360,right,40,20,0,416.88,362.01,0.8541
3879,944251,2025-11-16T16:36:13,Right-handed,Regular user,21,2,32.2854,8,260,right,160,80,0,301.55,263.09,0.6504
3880,944251,2025-11-16T16:36:13,Right-handed,Regular user,21,2,32.2854,9,260,left,80,40,0,282.45,278.87,0.633
3881,944251,2025-11-16T16:36:13,Right-handed,Regular user,21,2,32.2854,10,180,right,40,20,0,402.28,189.04,0.8871
3882,944251,2025-11-16T16:36:13,Right-handed,Regular user,21,2,32.2854,11,500,left,40,20,0,519.35,497.0,1.2597
3883,944251,2025-11-16T16:36:13,Right-handed,Regular user,21,2,32.2854,12,260,right,120,60,0,325.58,291.56,0.7993
3884,944251,2025-11-16T16:36:13,Right-handed,Regular user,21,2,32.2854,13,500,right,80,40,0,536.12,468.07,1.1557
3885,944251,2025-11-16T16:36:13,Right-handed,Regular user,21,2,32.2854,14,180,right,80,40,0,151.53,149.09,0.7818
3886,944251,2025-11-16T16:36:13,Right-handed,Regular user,21,2,32.2854,15,180,right,120,60,0,220.79,159.31,0.7717
3887,944251,2025-11-16T16:36:13,Right-handed,Regular user,21,2,32.2854,16,360,right,80,40,0,377.11,350.0,0.8927
3888,944251,2025-11-16T16:36:13,Right-handed,Regular user,21,2,32.2854,17,260,left,40,20,0,336.52,257.01,0.845
3889,944251,2025-11-16T16:36:13,Right-handed,Regular user,21,2,32.2854,18,260,right,80,40,0,272.9,253.05,0.7904
3890,944251,2025-11-16T16:36:13,Right-handed,Regular user,21,2,32.2854,19,180,left,80,40,0,192.09,189.17,0.7186
3891,944251,2025-11-16T16:36:13,Right-handed,Regular user,21,2,32.2854,20,500,right,40,20,0,630.29,498.23,0.9927
3892,944251,2025-11-16T16:36:13,Right-handed,Regular user,21,2,32.2854,21,500,left,80,40,0,521.55,485.05,0.8472
3893,944251,2025-11-16T16:36:13,Right-handed,Regular user,21,2,32.2854,22,360,left,160,80,0,384.54,370.6,0.7047
3894,944251,2025-11-16T16:36:13,Right-handed,Regular user,21,2,32.2854,23,500,left,160,80,0,467.8,464.11,0.8775
3895,944251,2025-11-16T16:36:13,Right-handed,Regular user,21,2,32.2854,24,500,right,120,60,0,746.53,530.36,0.9927
3896,944251,2025-11-16T16:36:13,Right-handed,Regular user,21,2,32.2854,25,180,left,120,60,0,146.96,146.17,0.6687
3897,944251,2025-11-16T16:36:13,Right-handed,Regular user,21,2,32.2854,26,260,left,160,80,0,264.21,262.37,0.6842
3898,944251,2025-11-16T16:36:13,Right-handed,Regular user,21,2,32.2854,27,260,right,40,20,0,401.12,248.01,0.8082
3899,944251,2025-11-16T16:36:13,Right-handed,Regular user,21,2,32.2854,28,360,left,40,20,0,510.64,354.05,0.8771
3900,944251,2025-11-16T16:36:13,Right-handed,Regular user,21,2,32.2854,29,360,right,120,60,0,375.87,358.52,0.7069
3901,944251,2025-11-16T16:36:13,Right-handed,Regular user,21,2,32.2854,30,180,right,160,80,0,324.3,157.54,0.6924
3902,944251,2025-11-16T16:36:13,Right-handed,Regular user,21,2,32.2854,31,360,left,120,60,0,359.23,345.28,0.62
3903,944251,2025-11-16T16:36:13,Right-handed,Regular user,21,2,32.2854,32,260,left,120,60,0,250.96,212.85,0.6617
3904,944251,2025-11-16T16:36:13,Right-handed,Regular user,21,3,41.6405,1,260,left,120,60,2,266.42,266.07,1.528
3905,944251,2025-11-16T16:36:13,Right-handed,Regular user,21,3,41.6405,2,500,left,120,60,1,492.41,489.0,1.4662
3906,944251,2025-11-16T16:36:13,Right-handed,Regular user,21,3,41.6405,3,360,right,160,80,1,390.47,390.02,0.9595
3907,944251,2025-11-16T16:36:13,Right-handed,Regular user,21,3,41.6405,4,260,right,120,60,1,284.25,278.15,0.965
3908,944251,2025-11-16T16:36:13,Right-handed,Regular user,21,3,41.6405,5,180,left,40,20,0,211.39,179.0,1.1602
3909,944251,2025-11-16T16:36:13,Right-handed,Regular user,21,3,41.6405,6,260,left,40,20,1,276.43,271.12,1.1563
3910,944251,2025-11-16T16:36:13,Right-handed,Regular user,21,3,41.6405,7,500,right,40,20,1,511.06,509.12,1.223
3911,944251,2025-11-16T16:36:13,Right-handed,Regular user,21,3,41.6405,8,180,left,160,80,0,158.92,158.32,0.8323
3912,944251,2025-11-16T16:36:13,Right-handed,Regular user,21,3,41.6405,9,180,right,120,60,1,161.14,158.53,0.9217
3913,944251,2025-11-16T16:36:13,Right-handed,Regular user,21,3,41.6405,10,500,right,80,40,1,514.82,511.08,1.175
3914,944251,2025-11-16T16:36:13,Right-handed,Regular user,21,3,41.6405,11,260,left,160,80,0,286.53,282.26,0.9058
3915,944251,2025-11-16T16:36:13,Right-handed,Regular user,21,3,41.6405,12,360,left,160,80,1,361.2,361.01,0.9716
3916,944251,2025-11-16T16:36:13,Right-handed,Regular user,21,3,41.6405,13,360,right,80,40,1,403.85,387.81,1.0656
3917,944251,2025-11-16T16:36:13,Right-handed,Regular user,21,3,41.6405,14,360,left,80,40,1,399.64,350.01,1.0368
3918,944251,2025-11-16T16:36:13,Right-handed,Regular user,21,3,41.6405,15,500,right,120,60,1,464.45,462.73,1.0889
3919,944251,2025-11-16T16:36:13,Right-handed,Regular user,21,3,41.6405,16,180,left,80,40,1,146.41,146.0,1.0065
3920,944251,2025-11-16T16:36:13,Right-handed,Regular user,21,3,41.6405,17,180,right,80,40,1,166.87,166.3,1.0027
3921,944251,2025-11-16T16:36:13,Right-handed,Regular user,21,3,41.6405,18,260,right,80,40,1,275.31,265.01,0.9034
3922,944251,2025-11-16T16:36:13,Right-handed,Regular user,21,3,41.6405,19,500,right,160,80,1,547.52,482.08,1.0492
3923,944251,2025-11-16T16:36:13,Right-handed,Regular user,21,3,41.6405,20,180,left,120,60,0,231.38,230.96,0.8883
3924,944251,2025-11-16T16:36:13,Right-handed,Regular user,21,3,41.6405,21,500,left,80,40,1,506.98,486.12,1.2281
3925,944251,2025-11-16T16:36:13,Right-handed,Regular user,21,3,41.6405,22,360,left,120,60,1,321.29,320.19,1.1802
3926,944251,2025-11-16T16:36:13,Right-handed,Regular user,21,3,41.6405,23,180,right,160,80,2,293.17,251.2,1.5666
3927,944251,2025-11-16T16:36:13,Right-handed,Regular user,21,3,41.6405,24,500,left,160,80,1,463.65,462.31,1.2293
3928,944251,2025-11-16T16:36:13,Right-handed,Regular user,21,3,41.6405,25,260,right,160,80,1,275.46,248.48,0.9743
3929,944251,2025-11-16T16:36:13,Right-handed,Regular user,21,3,41.6405,26,180,right,40,20,1,333.0,178.14,1.2184
3930,944251,2025-11-16T16:36:13,Right-handed,Regular user,21,3,41.6405,27,500,left,40,20,0,525.18,514.01,0.8401
3931,944251,2025-11-16T16:36:13,Right-handed,Regular user,21,3,41.6405,28,360,left,40,20,2,400.66,368.27,1.6231
3932,944251,2025-11-16T16:36:13,Right-handed,Regular user,21,3,41.6405,29,360,right,40,20,1,394.68,374.05,1.2486
3933,944251,2025-11-16T16:36:13,Right-handed,Regular user,21,3,41.6405,30,360,right,120,60,1,382.72,378.3,1.1446
3934,944251,2025-11-16T16:36:13,Right-handed,Regular user,21,3,41.6405,31,260,right,40,20,1,285.35,255.02,1.4019
3935,944251,2025-11-16T16:36:13,Right-handed,Regular user,21,3,41.6405,32,260,left,80,40,1,275.05,274.07,0.9741
3936,944251,2025-11-16T16:36:13,Right-handed,Regular user,21,4,38.9752,1,360,right,40,20,1,376.86,374.11,1.227
3937,944251,2025-11-16T16:36:13,Right-handed,Regular user,21,4,38.9752,2,260,right,120,60,1,247.67,246.2,1.1337
3938,944251,2025-11-16T16:36:13,Right-handed,Regular user,21,4,38.9752,3,500,left,80,40,1,479.87,477.01,1.062
3939,944251,2025-11-16T16:36:13,Right-handed,Regular user,21,4,38.9752,4,500,right,40,20,2,564.62,490.04,1.6167
3940,944251,2025-11-16T16:36:13,Right-handed,Regular user,21,4,38.9752,5,180,right,120,60,1,147.81,146.17,0.8767
3941,944251,2025-11-16T16:36:13,Right-handed,Regular user,21,4,38.9752,6,180,right,40,20,1,312.33,168.05,1.2636
3942,944251,2025-11-16T16:36:13,Right-handed,Regular user,21,4,38.9752,7,180,left,160,80,0,149.98,148.66,0.4824
3943,944251,2025-11-16T16:36:13,Right-handed,Regular user,21,4,38.9752,8,260,left,40,20,1,249.18,248.05,0.8268
3944,944251,2025-11-16T16:36:13,Right-handed,Regular user,21,4,38.9752,9,360,left,120,60,2,336.88,335.12,1.3339
3945,944251,2025-11-16T16:36:13,Right-handed,Regular user,21,4,38.9752,10,360,right,160,80,1,412.3,406.36,0.6013
3946,944251,2025-11-16T16:36:13,Right-handed,Regular user,21,4,38.9752,11,260,left,120,60,1,236.31,235.14,0.8758
3947,944251,2025-11-16T16:36:13,Right-handed,Regular user,21,4,38.9752,12,180,right,80,40,2,161.87,161.61,0.9432
3948,944251,2025-11-16T16:36:13,Right-handed,Regular user,21,4,38.9752,13,180,right,160,80,1,162.84,162.6,0.7757
3949,944251,2025-11-16T16:36:13,Right-handed,Regular user,21,4,38.9752,14,260,right,80,40,2,316.63,254.0,1.1312
3950,944251,2025-11-16T16:36:13,Right-handed,Regular user,21,4,38.9752,15,500,right,160,80,1,465.2,429.04,1.1623
3951,944251,2025-11-16T16:36:13,Right-handed,Regular user,21,4,38.9752,16,500,right,80,40,0,601.05,509.66,1.1124
3952,944251,2025-11-16T16:36:13,Right-handed,Regular user,21,4,38.9752,17,180,left,80,40,1,151.8,150.27,1.0384
3953,944251,2025-11-16T16:36:13,Right-handed,Regular user,21,4,38.9752,18,360,left,160,80,2,377.28,368.03,0.9878
3954,944251,2025-11-16T16:36:13,Right-handed,Regular user,21,4,38.9752,19,500,left,120,60,2,502.14,495.0,1.1627
3955,944251,2025-11-16T16:36:13,Right-handed,Regular user,21,4,38.9752,20,260,left,160,80,2,234.91,234.42,0.9592
3956,944251,2025-11-16T16:36:13,Right-handed,Regular user,21,4,38.9752,21,500,left,160,80,2,462.55,459.11,1.1389
3957,944251,2025-11-16T16:36:13,Right-handed,Regular user,21,4,38.9752,22,180,left,120,60,1,151.27,151.16,0.8784
3958,944251,2025-11-16T16:36:13,Right-handed,Regular user,21,4,38.9752,23,360,left,80,40,2,347.61,341.38,1.2193
3959,944251,2025-11-16T16:36:13,Right-handed,Regular user,21,4,38.9752,24,260,right,160,80,2,331.46,329.19,0.9131
3960,944251,2025-11-16T16:36:13,Right-handed,Regular user,21,4,38.9752,25,360,right,80,40,1,371.03,369.23,1.097
3961,944251,2025-11-16T16:36:13,Right-handed,Regular user,21,4,38.9752,26,500,left,40,20,1,524.63,509.0,0.8228
3962,944251,2025-11-16T16:36:13,Right-handed,Regular user,21,4,38.9752,27,500,right,120,60,1,529.71,516.12,1.0182
3963,944251,2025-11-16T16:36:13,Right-handed,Regular user,21,4,38.9752,28,360,left,40,20,1,403.67,362.01,0.861
3964,944251,2025-11-16T16:36:13,Right-handed,Regular user,21,4,38.9752,29,260,left,80,40,2,259.74,258.12,1.1456
3965,944251,2025-11-16T16:36:13,Right-handed,Regular user,21,4,38.9752,30,260,right,40,20,0,350.88,257.16,0.8695
3966,944251,2025-11-16T16:36:13,Right-handed,Regular user,21,4,38.9752,31,360,right,120,60,1,354.84,353.46,1.1043
3967,944251,2025-11-16T16:36:13,Right-handed,Regular user,21,4,38.9752,32,180,left,40,20,1,188.31,187.1,1.1024
3968,944251,2025-11-16T16:36:13,Right-handed,Regular user,21,5,42.0678,1,360,right,40,20,0,354.0,350.14,1.1972
3969,944251,2025-11-16T16:36:13,Right-handed,Regular user,21,5,42.0678,2,500,left,160,80,1,463.28,462.52,0.6752
3970,944251,2025-11-16T16:36:13,Right-handed,Regular user,21,5,42.0678,3,260,right,120,60,1,280.14,278.01,1.0347
3971,944251,2025-11-16T16:36:13,Right-handed,Regular user,21,5,42.0678,4,180,right,120,60,2,213.39,212.9,0.9191
3972,944251,2025-11-16T16:36:13,Right-handed,Regular user,21,5,42.0678,5,180,left,120,60,1,165.13,165.05,0.8273
3973,944251,2025-11-16T16:36:13,Right-handed,Regular user,21,5,42.0678,6,260,left,120,60,2,234.17,232.08,1.0999
3974,944251,2025-11-16T16:36:13,Right-handed,Regular user,21,5,42.0678,7,260,left,40,20,3,254.11,250.1,4.2076
3975,944251,2025-11-16T16:36:13,Right-handed,Regular user,21,5,42.0678,8,500,left,40,20,1,517.98,506.22,1.3884
3976,944251,2025-11-16T16:36:13,Right-handed,Regular user,21,5,42.0678,9,260,right,160,80,1,338.2,327.38,0.8997
3977,944251,2025-11-16T16:36:13,Right-handed,Regular user,21,5,42.0678,10,360,right,120,60,1,384.44,377.81,0.9012
3978,944251,2025-11-16T16:36:13,Right-handed,Regular user,21,5,42.0678,11,260,left,80,40,1,269.78,267.47,0.9836
3979,944251,2025-11-16T16:36:13,Right-handed,Regular user,21,5,42.0678,12,360,left,80,40,1,375.34,360.05,1.2214
3980,944251,2025-11-16T16:36:13,Right-handed,Regular user,21,5,42.0678,13,360,right,80,40,2,360.78,360.27,1.0425
3981,944251,2025-11-16T16:36:13,Right-handed,Regular user,21,5,42.0678,14,260,left,160,80,1,188.21,188.1,0.8712
3982,944251,2025-11-16T16:36:13,Right-handed,Regular user,21,5,42.0678,15,260,right,80,40,0,276.81,276.15,0.6316
3983,944251,2025-11-16T16:36:13,Right-handed,Regular user,21,5,42.0678,16,500,left,120,60,1,480.41,474.56,1.0519
3984,944251,2025-11-16T16:36:13,Right-handed,Regular user,21,5,42.0678,17,360,left,120,60,2,334.35,334.15,1.1036
3985,944251,2025-11-16T16:36:13,Right-handed,Regular user,21,5,42.0678,18,180,right,40,20,1,182.27,182.07,0.7058
3986,944251,2025-11-16T16:36:13,Right-handed,Regular user,21,5,42.0678,19,180,right,80,40,1,289.29,194.21,1.1851
3987,944251,2025-11-16T16:36:13,Right-handed,Regular user,21,5,42.0678,20,260,right,40,20,1,289.4,273.02,1.1842
3988,944251,2025-11-16T16:36:13,Right-handed,Regular user,21,5,42.0678,21,500,right,160,80,2,466.28,445.29,1.2874
3989,944251,2025-11-16T16:36:13,Right-handed,Regular user,21,5,42.0678,22,180,left,160,80,1,186.34,185.87,0.5586
3990,944251,2025-11-16T16:36:13,Right-handed,Regular user,21,5,42.0678,23,180,right,160,80,1,251.19,250.2,0.5557
3991,944251,2025-11-16T16:36:13,Right-handed,Regular user,21,5,42.0678,24,180,left,40,20,1,182.68,181.22,1.0503
3992,944251,2025-11-16T16:36:13,Right-handed,Regular user,21,5,42.0678,25,500,right,40,20,0,619.35,492.0,1.9716
3993,944251,2025-11-16T16:36:13,Right-handed,Regular user,21,5,42.0678,26,180,left,80,40,1,237.2,194.02,0.9931
3994,944251,2025-11-16T16:36:13,Right-handed,Regular user,21,5,42.0678,27,500,left,80,40,1,522.99,490.2,1.1628
3995,944251,2025-11-16T16:36:13,Right-handed,Regular user,21,5,42.0678,28,360,right,160,80,1,402.66,401.64,0.5725
3996,944251,2025-11-16T16:36:13,Right-handed,Regular user,21,5,42.0678,29,360,left,40,20,1,370.86,354.11,1.1151
3997,944251,2025-11-16T16:36:13,Right-handed,Regular user,21,5,42.0678,30,500,right,80,40,1,472.72,467.11,1.2056
3998,944251,2025-11-16T16:36:13,Right-handed,Regular user,21,5,42.0678,31,360,left,160,80,1,301.63,301.24,0.8802
3999,944251,2025-11-16T16:36:13,Right-handed,Regular user,21,5,42.0678,32,500,right,120,60,1,471.19,466.62,1.1688
4000,944251,2025-11-16T16:36:13,Right-handed,Regular user,21,6,38.9504,1,180,right,80,40,0,182.1,181.54,1.0055
4001,944251,2025-11-16T16:36:13,Right-handed,Regular user,21,6,38.9504,2,360,left,160,80,1,301.53,301.13,0.891
4002,944251,2025-11-16T16:36:13,Right-handed,Regular user,21,6,38.9504,3,500,right,160,80,1,460.98,458.04,0.6363
4003,944251,2025-11-16T16:36:13,Right-handed,Regular user,21,6,38.9504,4,500,left,40,20,1,508.32,494.15,1.032
4004,944251,2025-11-16T16:36:13,Right-handed,Regular user,21,6,38.9504,5,500,left,120,60,0,465.47,458.25,0.8194
4005,944251,2025-11-16T16:36:13,Right-handed,Regular user,21,6,38.9504,6,500,right,80,40,1,512.95,487.64,0.8586
4006,944251,2025-11-16T16:36:13,Right-handed,Regular user,21,6,38.9504,7,360,right,160,80,0,397.36,336.03,0.7848
4007,944251,2025-11-16T16:36:13,Right-handed,Regular user,21,6,38.9504,8,260,right,120,60,0,292.95,286.02,0.8306
4008,944251,2025-11-16T16:36:13,Right-handed,Regular user,21,6,38.9504,9,500,right,120,60,0,825.48,485.0,1.1147
4009,944251,2025-11-16T16:36:13,Right-handed,Regular user,21,6,38.9504,10,360,right,120,60,0,316.25,302.06,0.866
4010,944251,2025-11-16T16:36:13,Right-handed,Regular user,21,6,38.9504,11,360,left,40,20,0,437.94,359.01,0.8476
4011,944251,2025-11-16T16:36:13,Right-handed,Regular user,21,6,38.9504,12,260,left,80,40,1,231.66,230.08,1.0651
4012,944251,2025-11-16T16:36:13,Right-handed,Regular user,21,6,38.9504,13,500,right,40,20,1,593.72,511.08,1.5606
4013,944251,2025-11-16T16:36:13,Right-handed,Regular user,21,6,38.9504,14,180,right,120,60,2,145.59,145.34,0.9039
4014,944251,2025-11-16T16:36:13,Right-handed,Regular user,21,6,38.9504,15,180,left,120,60,1,181.7,181.1,0.8614
4015,944251,2025-11-16T16:36:13,Right-handed,Regular user,21,6,38.9504,16,260,right,40,20,1,248.45,246.05,1.0935
4016,944251,2025-11-16T16:36:13,Right-handed,Regular user,21,6,38.9504,17,180,right,160,80,1,140.55,140.25,0.8009
4017,944251,2025-11-16T16:36:13,Right-handed,Regular user,21,6,38.9504,18,260,left,40,20,1,254.38,250.29,1.1122
4018,944251,2025-11-16T16:36:13,Right-handed,Regular user,21,6,38.9504,19,260,right,160,80,1,262.13,261.22,0.8298
4019,944251,2025-11-16T16:36:13,Right-handed,Regular user,21,6,38.9504,20,360,right,40,20,2,351.46,346.0,1.2187
4020,944251,2025-11-16T16:36:13,Right-handed,Regular user,21,6,38.9504,21,360,left,80,40,0,368.51,363.03,0.7122
4021,944251,2025-11-16T16:36:13,Right-handed,Regular user,21,6,38.9504,22,500,left,80,40,2,517.23,515.02,1.2792
4022,944251,2025-11-16T16:36:13,Right-handed,Regular user,21,6,38.9504,23,260,right,80,40,3,318.44,272.22,1.3785
4023,944251,2025-11-16T16:36:13,Right-handed,Regular user,21,6,38.9504,24,360,right,80,40,3,472.29,357.02,2.1235
4024,944251,2025-11-16T16:36:13,Right-handed,Regular user,21,6,38.9504,25,260,left,120,60,2,460.37,274.53,1.2974
4025,944251,2025-11-16T16:36:13,Right-handed,Regular user,21,6,38.9504,26,500,left,160,80,1,466.91,465.05,0.6528
4026,944251,2025-11-16T16:36:13,Right-handed,Regular user,21,6,38.9504,27,180,left,40,20,2,175.46,172.0,1.2109
4027,944251,2025-11-16T16:36:13,Right-handed,Regular user,21,6,38.9504,28,180,left,80,40,1,207.65,203.01,0.961
4028,944251,2025-11-16T16:36:13,Right-handed,Regular user,21,6,38.9504,29,260,left,160,80,1,254.5,235.03,1.0274
4029,944251,2025-11-16T16:36:13,Right-handed,Regular user,21,6,38.9504,30,180,right,40,20,1,384.0,169.14,1.3718
4030,944251,2025-11-16T16:36:13,Right-handed,Regular user,21,6,38.9504,31,360,left,120,60,1,377.08,352.63,1.0152
4031,944251,2025-11-16T16:36:13,Right-handed,Regular user,21,6,38.9504,32,180,left,160,80,0,148.27,142.69,0.4988
4032,944251,2025-11-16T16:36:13,Right-handed,Regular user,21,7,42.1533,1,500,right,120,60,2,503.69,490.0,1.6017
4033,944251,2025-11-16T16:36:13,Right-handed,Regular user,21,7,42.1533,2,260,left,120,60,1,245.54,243.03,0.9097
4034,944251,2025-11-16T16:36:13,Right-handed,Regular user,21,7,42.1533,3,180,right,160,80,1,207.66,205.48,0.8731
4035,944251,2025-11-16T16:36:13,Right-handed,Regular user,21,7,42.1533,4,260,left,80,40,1,252.59,246.01,1.2308
4036,944251,2025-11-16T16:36:13,Right-handed,Regular user,21,7,42.1533,5,500,right,160,80,0,500.98,475.37,0.6271
4037,944251,2025-11-16T16:36:13,Right-handed,Regular user,21,7,42.1533,6,360,right,40,20,0,449.1,359.01,1.2842
4038,944251,2025-11-16T16:36:13,Right-handed,Regular user,21,7,42.1533,7,500,right,40,20,1,558.39,502.1,1.4141
4039,944251,2025-11-16T16:36:13,Right-handed,Regular user,21,7,42.1533,8,360,left,160,80,0,306.83,299.03,1.0087
4040,944251,2025-11-16T16:36:13,Right-handed,Regular user,21,7,42.1533,9,260,left,160,80,1,215.09,215.01,0.9317
4041,944251,2025-11-16T16:36:13,Right-handed,Regular user,21,7,42.1533,10,500,left,40,20,1,529.32,518.0,1.5171
4042,944251,2025-11-16T16:36:13,Right-handed,Regular user,21,7,42.1533,11,360,left,80,40,0,348.22,340.15,1.1886
4043,944251,2025-11-16T16:36:13,Right-handed,Regular user,21,7,42.1533,12,500,right,80,40,2,577.11,513.12,1.8123
4044,944251,2025-11-16T16:36:13,Right-handed,Regular user,21,7,42.1533,13,500,left,160,80,1,473.83,472.77,0.704
4045,944251,2025-11-16T16:36:13,Right-handed,Regular user,21,7,42.1533,14,180,left,40,20,2,168.17,166.11,1.2401
4046,944251,2025-11-16T16:36:13,Right-handed,Regular user,21,7,42.1533,15,180,right,40,20,1,249.75,182.01,1.0957
4047,944251,2025-11-16T16:36:13,Right-handed,Regular user,21,7,42.1533,16,500,left,80,40,2,505.95,501.0,1.199
4048,944251,2025-11-16T16:36:13,Right-handed,Regular user,21,7,42.1533,17,260,right,120,60,1,314.92,313.19,0.5868
4049,944251,2025-11-16T16:36:13,Right-handed,Regular user,21,7,42.1533,18,180,right,120,60,1,133.18,133.02,0.8736
4050,944251,2025-11-16T16:36:13,Right-handed,Regular user,21,7,42.1533,19,360,left,40,20,1,360.74,359.07,0.826
4051,944251,2025-11-16T16:36:13,Right-handed,Regular user,21,7,42.1533,20,360,right,120,60,1,345.43,343.11,0.7368
4052,944251,2025-11-16T16:36:13,Right-handed,Regular user,21,7,42.1533,21,260,right,80,40,2,267.56,266.07,1.1977
4053,944251,2025-11-16T16:36:13,Right-handed,Regular user,21,7,42.1533,22,180,right,80,40,1,156.91,154.26,1.3326
4054,944251,2025-11-16T16:36:13,Right-handed,Regular user,21,7,42.1533,23,260,right,160,80,0,231.91,190.32,0.4676
4055,944251,2025-11-16T16:36:13,Right-handed,Regular user,21,7,42.1533,24,500,left,120,60,1,581.48,500.08,1.0799
4056,944251,2025-11-16T16:36:13,Right-handed,Regular user,21,7,42.1533,25,260,left,40,20,2,258.39,255.05,1.4071
4057,944251,2025-11-16T16:36:13,Right-handed,Regular user,21,7,42.1533,26,180,left,80,40,0,246.99,173.1,0.6138
4058,944251,2025-11-16T16:36:13,Right-handed,Regular user,21,7,42.1533,27,260,right,40,20,0,323.49,263.19,1.3884
4059,944251,2025-11-16T16:36:13,Right-handed,Regular user,21,7,42.1533,28,180,left,120,60,0,193.9,187.07,0.4649
4060,944251,2025-11-16T16:36:13,Right-handed,Regular user,21,7,42.1533,29,360,right,160,80,1,314.96,312.32,1.0511
4061,944251,2025-11-16T16:36:13,Right-handed,Regular user,21,7,42.1533,30,360,left,120,60,1,393.5,393.0,0.7162
4062,944251,2025-11-16T16:36:13,Right-handed,Regular user,21,7,42.1533,31,360,right,80,40,3,404.97,374.29,1.3678
4063,944251,2025-11-16T16:36:13,Right-handed,Regular user,21,7,42.1533,32,180,left,160,80,1,186.7,186.45,0.5175
4064,944251,2025-11-16T16:36:13,Right-handed,Regular user,21,8,44.8721,1,260,right,160,80,0,238.59,234.02,0.9328
4065,944251,2025-11-16T16:36:13,Right-handed,Regular user,21,8,44.8721,2,500,right,80,40,2,507.91,501.1,1.2087
4066,944251,2025-11-16T16:36:13,Right-handed,Regular user,21,8,44.8721,3,180,right,80,40,2,148.03,147.49,1.0013
4067,944251,2025-11-16T16:36:13,Right-handed,Regular user,21,8,44.8721,4,360,left,120,60,1,510.33,414.08,1.2275
4068,944251,2025-11-16T16:36:13,Right-handed,Regular user,21,8,44.8721,5,180,right,160,80,1,257.36,248.47,0.7788
4069,944251,2025-11-16T16:36:13,Right-handed,Regular user,21,8,44.8721,6,260,right,40,20,1,277.5,270.01,1.1069
4070,944251,2025-11-16T16:36:13,Right-handed,Regular user,21,8,44.8721,7,500,right,40,20,2,522.46,496.03,1.3617
4071,944251,2025-11-16T16:36:13,Right-handed,Regular user,21,8,44.8721,8,260,left,160,80,1,299.82,299.51,0.5251
4072,944251,2025-11-16T16:36:13,Right-handed,Regular user,21,8,44.8721,9,180,right,40,20,1,192.13,191.01,1.146
4073,944251,2025-11-16T16:36:13,Right-handed,Regular user,21,8,44.8721,10,260,left,40,20,4,262.22,262.02,1.7618
4074,944251,2025-11-16T16:36:13,Right-handed,Regular user,21,8,44.8721,11,500,left,120,60,2,447.26,444.25,1.2564
4075,944251,2025-11-16T16:36:13,Right-handed,Regular user,21,8,44.8721,12,260,left,80,40,2,258.9,258.09,0.8175
4076,944251,2025-11-16T16:36:13,Right-handed,Regular user,21,8,44.8721,13,360,right,120,60,1,409.47,400.36,0.663
4077,944251,2025-11-16T16:36:13,Right-handed,Regular user,21,8,44.8721,14,360,left,160,80,0,334.61,334.34,0.5728
4078,944251,2025-11-16T16:36:13,Right-handed,Regular user,21,8,44.8721,15,360,right,40,20,1,362.44,358.27,0.896
4079,944251,2025-11-16T16:36:13,Right-handed,Regular user,21,8,44.8721,16,500,left,80,40,1,493.84,488.12,0.7277
4080,944251,2025-11-16T16:36:13,Right-handed,Regular user,21,8,44.8721,17,500,left,40,20,2,508.57,504.08,1.3075
4081,944251,2025-11-16T16:36:13,Right-handed,Regular user,21,8,44.8721,18,500,left,160,80,1,430.6,429.0,1.109
4082,944251,2025-11-16T16:36:13,Right-handed,Regular user,21,8,44.8721,19,360,left,40,20,1,365.96,357.0,1.3461
4083,944251,2025-11-16T16:36:13,Right-handed,Regular user,21,8,44.8721,20,180,left,80,40,1,143.54,142.0,0.9501
4084,944251,2025-11-16T16:36:13,Right-handed,Regular user,21,8,44.8721,21,180,right,120,60,1,185.91,178.47,0.5434
4085,944251,2025-11-16T16:36:13,Right-handed,Regular user,21,8,44.8721,22,500,right,160,80,1,526.25,502.12,1.0163
4086,944251,2025-11-16T16:36:13,Right-handed,Regular user,21,8,44.8721,23,360,right,80,40,2,360.66,352.05,1.2073
4087,944251,2025-11-16T16:36:13,Right-handed,Regular user,21,8,44.8721,24,360,right,160,80,1,365.77,362.05,1.0449
4088,944251,2025-11-16T16:36:13,Right-handed,Regular user,21,8,44.8721,25,260,right,80,40,1,253.72,250.65,0.5518
4089,944251,2025-11-16T16:36:13,Right-handed,Regular user,21,8,44.8721,26,260,right,120,60,0,237.12,229.53,0.9091
4090,944251,2025-11-16T16:36:13,Right-handed,Regular user,21,8,44.8721,27,260,left,120,60,1,632.2,270.12,1.4348
4091,944251,2025-11-16T16:36:13,Right-handed,Regular user,21,8,44.8721,28,500,right,120,60,2,514.61,507.5,1.1585
4092,944251,2025-11-16T16:36:13,Right-handed,Regular user,21,8,44.8721,29,180,left,120,60,0,151.52,150.85,0.4497
4093,944251,2025-11-16T16:36:13,Right-handed,Regular user,21,8,44.8721,30,360,left,80,40,2,530.45,346.12,1.6134
4094,944251,2025-11-16T16:36:13,Right-handed,Regular user,21,8,44.8721,31,180,left,160,80,0,182.28,158.11,0.4683
4095,944251,2025-11-16T16:36:13,Right-handed,Regular user,21,8,44.8721,32,180,left,40,20,0,176.42,176.03,1.0716
4096,944251,2025-11-16T16:36:13,Right-handed,Regular user,21,9,32.3426,1,180,left,160,80,0,160.19,160.11,0.8631
4097,944251,2025-11-16T16:36:13,Right-handed,Regular user,21,9,32.3426,2,500,left,40,20,1,492.27,488.02,1.5547
4098,944251,2025-11-16T16:36:13,Right-handed,Regular user,21,9,32.3426,3,260,right,160,80,0,251.6,227.01,0.7531
4099,944251,2025-11-16T16:36:13,Right-handed,Regular user,21,9,32.3426,4,260,left,80,40,0,270.48,252.3,0.6917
4100,944251,2025-11-16T16:36:13,Right-handed,Regular user,21,9,32.3426,5,180,right,160,80,0,216.83,212.13,0.5776
4101,944251,2025-11-16T16:36:13,Right-handed,Regular user,21,9,32.3426,6,360,right,40,20,0,359.71,357.04,0.9181
4102,944251,2025-11-16T16:36:13,Right-handed,Regular user,21,9,32.3426,7,180,left,40,20,1,213.39,187.04,0.7738
4103,944251,2025-11-16T16:36:13,Right-handed,Regular user,21,9,32.3426,8,500,right,80,40,0,601.88,506.32,0.8735
4104,944251,2025-11-16T16:36:13,Right-handed,Regular user,21,9,32.3426,9,260,right,80,40,0,310.35,254.24,0.7036
4105,944251,2025-11-16T16:36:13,Right-handed,Regular user,21,9,32.3426,10,360,left,120,60,0,373.66,360.02,0.6449
4106,944251,2025-11-16T16:36:13,Right-handed,Regular user,21,9,32.3426,11,500,left,80,40,0,489.37,478.51,1.0992
4107,944251,2025-11-16T16:36:13,Right-handed,Regular user,21,9,32.3426,12,260,right,40,20,0,365.07,253.13,0.7963
4108,944251,2025-11-16T16:36:13,Right-handed,Regular user,21,9,32.3426,13,260,right,120,60,0,225.57,217.28,0.6409
4109,944251,2025-11-16T16:36:13,Right-handed,Regular user,21,9,32.3426,14,180,right,40,20,0,305.9,187.13,1.0227
4110,944251,2025-11-16T16:36:13,Right-handed,Regular user,21,9,32.3426,15,500,left,120,60,0,534.49,466.03,0.8127
4111,944251,2025-11-16T16:36:13,Right-handed,Regular user,21,9,32.3426,16,180,left,80,40,1,155.85,155.12,1.0183
4112,944251,2025-11-16T16:36:13,Right-handed,Regular user,21,9,32.3426,17,360,left,40,20,0,484.57,353.07,0.9922
4113,944251,2025-11-16T16:36:13,Right-handed,Regular user,21,9,32.3426,18,360,right,80,40,0,499.78,346.01,0.7357
4114,944251,2025-11-16T16:36:13,Right-handed,Regular user,21,9,32.3426,19,500,left,160,80,0,453.66,450.11,0.6645
4115,944251,2025-11-16T16:36:13,Right-handed,Regular user,21,9,32.3426,20,360,left,80,40,0,562.3,360.14,0.8951
4116,944251,2025-11-16T16:36:13,Right-handed,Regular user,21,9,32.3426,21,260,left,40,20,0,310.49,254.0,0.8552
4117,944251,2025-11-16T16:36:13,Right-handed,Regular user,21,9,32.3426,22,180,right,80,40,0,216.31,154.94,0.6562
4118,944251,2025-11-16T16:36:13,Right-handed,Regular user,21,9,32.3426,23,500,right,40,20,0,555.74,513.12,0.9797
4119,944251,2025-11-16T16:36:13,Right-handed,Regular user,21,9,32.3426,24,500,right,120,60,0,600.27,508.1,0.8122
4120,944251,2025-11-16T16:36:13,Right-handed,Regular user,21,9,32.3426,25,260,left,120,60,1,490.64,219.11,0.9071
4121,944251,2025-11-16T16:36:13,Right-handed,Regular user,21,9,32.3426,26,360,right,120,60,0,407.62,334.34,0.6385
4122,944251,2025-11-16T16:36:13,Right-handed,Regular user,21,9,32.3426,27,360,right,160,80,0,402.99,322.16,0.8525
4123,944251,2025-11-16T16:36:13,Right-handed,Regular user,21,9,32.3426,28,360,left,160,80,0,401.64,382.88,0.5734
4124,944251,2025-11-16T16:36:13,Right-handed,Regular user,21,9,32.3426,29,500,right,160,80,0,487.3,458.04,0.671
4125,944251,2025-11-16T16:36:13,Right-handed,Regular user,21,9,32.3426,30,180,left,120,60,0,154.23,149.0,0.5627
4126,944251,2025-11-16T16:36:13,Right-handed,Regular user,21,9,32.3426,31,260,left,160,80,0,324.7,262.01,0.5825
4127,944251,2025-11-16T16:36:13,Right-handed,Regular user,21,9,32.3426,32,180,right,120,60,1,128.86,128.32,0.5411
4128,944251,2025-11-16T16:36:13,Right-handed,Regular user,21,10,34.2284,1,360,right,120,60,0,328.55,314.06,0.6599
4129,944251,2025-11-16T16:36:13,Right-handed,Regular user,21,10,34.2284,2,500,left,40,20,0,591.46,515.03,0.9101
4130,944251,2025-11-16T16:36:13,Right-handed,Regular user,21,10,34.2284,3,180,right,40,20,1,272.23,179.1,1.309
4131,944251,2025-11-16T16:36:13,Right-handed,Regular user,21,10,34.2284,4,180,left,160,80,0,180.81,179.04,0.5231
4132,944251,2025-11-16T16:36:13,Right-handed,Regular user,21,10,34.2284,5,180,right,80,40,0,154.86,151.08,0.872
4133,944251,2025-11-16T16:36:13,Right-handed,Regular user,21,10,34.2284,6,500,left,120,60,0,459.1,455.99,0.6597
4134,944251,2025-11-16T16:36:13,Right-handed,Regular user,21,10,34.2284,7,500,right,40,20,0,581.06,494.06,0.9198
4135,944251,2025-11-16T16:36:13,Right-handed,Regular user,21,10,34.2284,8,500,right,160,80,0,559.5,491.8,0.8741
4136,944251,2025-11-16T16:36:13,Right-handed,Regular user,21,10,34.2284,9,360,right,160,80,0,432.02,378.05,0.851
4137,944251,2025-11-16T16:36:13,Right-handed,Regular user,21,10,34.2284,10,180,right,120,60,0,173.31,166.87,0.5564
4138,944251,2025-11-16T16:36:13,Right-handed,Regular user,21,10,34.2284,11,180,left,40,20,0,242.8,170.0,0.8259
4139,944251,2025-11-16T16:36:13,Right-handed,Regular user,21,10,34.2284,12,260,right,80,40,0,320.36,274.03,0.6306
4140,944251,2025-11-16T16:36:13,Right-handed,Regular user,21,10,34.2284,13,180,right,160,80,0,130.35,125.4,0.6553
4141,944251,2025-11-16T16:36:13,Right-handed,Regular user,21,10,34.2284,14,260,right,160,80,0,351.58,282.04,0.6604
4142,944251,2025-11-16T16:36:13,Right-handed,Regular user,21,10,34.2284,15,500,right,120,60,0,565.57,533.54,0.8604
4143,944251,2025-11-16T16:36:13,Right-handed,Regular user,21,10,34.2284,16,260,left,40,20,0,484.38,266.12,1.2471
4144,944251,2025-11-16T16:36:13,Right-handed,Regular user,21,10,34.2284,17,360,left,120,60,1,350.6,334.18,0.9617
4145,944251,2025-11-16T16:36:13,Right-handed,Regular user,21,10,34.2284,18,360,left,160,80,1,365.47,358.45,0.7146
4146,944251,2025-11-16T16:36:13,Right-handed,Regular user,21,10,34.2284,19,180,left,120,60,1,146.17,146.12,0.6681
4147,944251,2025-11-16T16:36:13,Right-handed,Regular user,21,10,34.2284,20,360,left,40,20,2,461.59,344.01,1.7111
4148,944251,2025-11-16T16:36:13,Right-handed,Regular user,21,10,34.2284,21,180,left,80,40,0,532.85,141.09,0.795
4149,944251,2025-11-16T16:36:13,Right-handed,Regular user,21,10,34.2284,22,260,left,80,40,0,258.03,243.73,0.89
4150,944251,2025-11-16T16:36:13,Right-handed,Regular user,21,10,34.2284,23,260,right,120,60,0,383.38,212.14,0.6878
4151,944251,2025-11-16T16:36:13,Right-handed,Regular user,21,10,34.2284,24,360,right,80,40,1,393.56,373.23,1.0381
4152,944251,2025-11-16T16:36:13,Right-handed,Regular user,21,10,34.2284,25,260,left,120,60,1,255.28,250.1,0.7612
4153,944251,2025-11-16T16:36:13,Right-handed,Regular user,21,10,34.2284,26,260,right,40,20,0,322.38,262.0,0.9033
4154,944251,2025-11-16T16:36:13,Right-handed,Regular user,21,10,34.2284,27,260,left,160,80,0,249.1,243.21,0.5362
4155,944251,2025-11-16T16:36:13,Right-handed,Regular user,21,10,34.2284,28,360,right,40,20,0,369.6,359.07,1.2444
4156,944251,2025-11-16T16:36:13,Right-handed,Regular user,21,10,34.2284,29,500,left,160,80,0,609.48,515.99,0.8039
4157,944251,2025-11-16T16:36:13,Right-handed,Regular user,21,10,34.2284,30,500,right,80,40,0,588.73,517.39,0.8458
4158,944251,2025-11-16T16:36:13,Right-handed,Regular user,21,10,34.2284,31,500,left,80,40,0,548.57,515.01,0.7624
4159,944251,2025-11-16T16:36:13,Right-handed,Regular user,21,10,34.2284,32,360,left,80,40,0,430.06,378.26,0.934
4160,937578,2025-11-17T16:03:58,Right-handed,Regular user,22,1,88.2478,1,360,left,120,60,0,342.18,338.29,2.0066
4161,937578,2025-11-17T16:03:58,Right-handed,Regular user,22,1,88.2478,2,360,right,160,80,0,364.02,337.65,1.4432
4162,937578,2025-11-17T16:03:58,Right-handed,Regular user,22,1,88.2478,3,180,right,120,60,0,154.96,154.64,1.041
4163,937578,2025-11-17T16:03:58,Right-handed,Regular user,22,1,88.2478,4,180,right,40,20,0,169.22,167.11,1.2886
4164,937578,2025-11-17T16:03:58,Right-handed,Regular user,22,1,88.2478,5,360,left,160,80,1,348.09,347.55,1.0154
4165,937578,2025-11-17T16:03:58,Right-handed,Regular user,22,1,88.2478,6,500,left,80,40,0,483.33,473.09,1.7611
4166,937578,2025-11-17T16:03:58,Right-handed,Regular user,22,1,88.2478,7,180,left,80,40,0,170.9,166.05,1.2807
4167,937578,2025-11-17T16:03:58,Right-handed,Regular user,22,1,88.2478,8,260,left,40,20,0,307.29,269.01,1.2411
4168,937578,2025-11-17T16:03:58,Right-handed,Regular user,22,1,88.2478,9,500,right,160,80,0,537.63,518.7,1.0925
4169,937578,2025-11-17T16:03:58,Right-handed,Regular user,22,1,88.2478,10,360,left,40,20,0,481.91,358.03,1.3272
4170,937578,2025-11-17T16:03:58,Right-handed,Regular user,22,1,88.2478,11,500,left,40,20,0,549.18,502.06,1.5545
4171,937578,2025-11-17T16:03:58,Right-handed,Regular user,22,1,88.2478,12,500,right,80,40,0,549.77,489.92,1.3349
4172,937578,2025-11-17T16:03:58,Right-handed,Regular user,22,1,88.2478,13,180,left,40,20,0,181.47,175.01,1.3376
4173,937578,2025-11-17T16:03:58,Right-handed,Regular user,22,1,88.2478,14,180,left,160,80,0,154.16,154.03,0.9443
4174,937578,2025-11-17T16:03:58,Right-handed,Regular user,22,1,88.2478,15,500,right,120,60,0,565.32,553.01,0.8813
4175,937578,2025-11-17T16:03:58,Right-handed,Regular user,22,1,88.2478,16,260,left,160,80,0,208.78,206.02,1.1819
4176,937578,2025-11-17T16:03:58,Right-handed,Regular user,22,1,88.2478,17,360,right,120,60,0,404.63,391.01,1.1524
4177,937578,2025-11-17T16:03:58,Right-handed,Regular user,22,1,88.2478,18,260,left,80,40,0,247.0,245.13,1.1157
4178,937578,2025-11-17T16:03:58,Right-handed,Regular user,22,1,88.2478,19,180,right,80,40,0,167.03,165.3,0.9768
4179,937578,2025-11-17T16:03:58,Right-handed,Regular user,22,1,88.2478,20,180,right,160,80,0,155.54,151.12,1.3277
4180,937578,2025-11-17T16:03:58,Right-handed,Regular user,22,1,88.2478,21,260,right,160,80,0,219.03,216.59,0.9602
4181,937578,2025-11-17T16:03:58,Right-handed,Regular user,22,1,88.2478,22,360,right,80,40,1,405.76,399.08,2.0221
4182,937578,2025-11-17T16:03:58,Right-handed,Regular user,22,1,88.2478,23,260,right,120,60,0,347.46,256.44,1.8304
4183,937578,2025-11-17T16:03:58,Right-handed,Regular user,22,1,88.2478,24,360,right,40,20,0,433.62,363.02,1.6711
4184,937578,2025-11-17T16:03:58,Right-handed,Regular user,22,1,88.2478,25,260,right,40,20,0,278.65,272.31,1.2386
4185,937578,2025-11-17T16:03:58,Right-handed,Regular user,22,1,88.2478,26,500,left,120,60,0,485.69,476.0,2.3318
4186,937578,2025-11-17T16:03:58,Right-handed,Regular user,22,1,88.2478,27,500,left,160,80,0,489.11,485.75,1.5111
4187,937578,2025-11-17T16:03:58,Right-handed,Regular user,22,1,88.2478,28,360,left,80,40,0,332.76,329.15,1.0868
4188,937578,2025-11-17T16:03:58,Right-handed,Regular user,22,1,88.2478,29,500,right,40,20,0,599.24,510.02,6.2567
4189,937578,2025-11-17T16:03:58,Right-handed,Regular user,22,1,88.2478,30,260,right,80,40,0,371.38,266.01,1.4199
4190,937578,2025-11-17T16:03:58,Right-handed,Regular user,22,1,88.2478,31,260,left,120,60,0,255.17,251.01,1.0373
4191,937578,2025-11-17T16:03:58,Right-handed,Regular user,22,1,88.2478,32,180,left,120,60,0,164.61,161.11,0.9811
4192,937578,2025-11-17T16:03:58,Right-handed,Regular user,22,2,470.1072,1,260,right,160,80,0,302.99,292.83,0.9864
4193,937578,2025-11-17T16:03:58,Right-handed,Regular user,22,2,470.1072,2,360,left,120,60,0,386.97,381.47,1.0629
4194,937578,2025-11-17T16:03:58,Right-handed,Regular user,22,2,470.1072,3,360,right,80,40,1,346.77,333.04,1.2019
4195,937578,2025-11-17T16:03:58,Right-handed,Regular user,22,2,470.1072,4,260,left,160,80,0,208.35,206.78,0.6725
4196,937578,2025-11-17T16:03:58,Right-handed,Regular user,22,2,470.1072,5,360,right,40,20,0,402.4,367.0,1.0086
4197,937578,2025-11-17T16:03:58,Right-handed,Regular user,22,2,470.1072,6,500,right,40,20,0,577.68,507.32,1.5148
4198,937578,2025-11-17T16:03:58,Right-handed,Regular user,22,2,470.1072,7,180,left,120,60,1,185.74,176.28,0.6708
4199,937578,2025-11-17T16:03:58,Right-handed,Regular user,22,2,470.1072,8,180,right,160,80,0,203.78,201.12,0.6178
4200,937578,2025-11-17T16:03:58,Right-handed,Regular user,22,2,470.1072,9,500,left,40,20,0,491.57,490.03,0.9595
4201,937578,2025-11-17T16:03:58,Right-handed,Regular user,22,2,470.1072,10,500,left,120,60,0,487.51,458.07,1.1957
4202,937578,2025-11-17T16:03:58,Right-handed,Regular user,22,2,470.1072,11,360,left,160,80,0,314.02,314.01,0.8162
4203,937578,2025-11-17T16:03:58,Right-handed,Regular user,22,2,470.1072,12,360,left,80,40,0,364.53,364.02,1.277
4204,937578,2025-11-17T16:03:58,Right-handed,Regular user,22,2,470.1072,13,180,left,40,20,1,254.95,170.01,2.0067
4205,937578,2025-11-17T16:03:58,Right-handed,Regular user,22,2,470.1072,14,360,right,160,80,0,753.81,383.63,0.8578
4206,937578,2025-11-17T16:03:58,Right-handed,Regular user,22,2,470.1072,15,180,left,160,80,0,194.75,191.01,0.5768
4207,937578,2025-11-17T16:03:58,Right-handed,Regular user,22,2,470.1072,16,500,right,160,80,1,745.87,462.11,19.8769
4208,937578,2025-11-17T16:03:58,Right-handed,Regular user,22,2,470.1072,17,260,left,40,20,1,264.94,258.07,1.3941
4209,937578,2025-11-17T16:03:58,Right-handed,Regular user,22,2,470.1072,18,180,right,80,40,0,202.57,185.44,0.9334
4210,937578,2025-11-17T16:03:58,Right-handed,Regular user,22,2,470.1072,19,260,left,80,40,1,302.35,271.06,2.4438
4211,937578,2025-11-17T16:03:58,Right-handed,Regular user,22,2,470.1072,20,260,right,120,60,1,236.95,235.03,1.1118
4212,937578,2025-11-17T16:03:58,Right-handed,Regular user,22,2,470.1072,21,360,left,40,20,0,411.11,362.2,1.4001
4213,937578,2025-11-17T16:03:58,Right-handed,Regular user,22,2,470.1072,22,260,left,120,60,0,230.79,230.25,0.8937
4214,937578,2025-11-17T16:03:58,Right-handed,Regular user,22,2,470.1072,23,180,right,120,60,0,244.31,192.9,1.0333
4215,937578,2025-11-17T16:03:58,Right-handed,Regular user,22,2,470.1072,24,180,right,40,20,0,167.72,166.11,1.3534
4216,937578,2025-11-17T16:03:58,Right-handed,Regular user,22,2,470.1072,25,500,right,120,60,0,571.27,479.07,1.3484
4217,937578,2025-11-17T16:03:58,Right-handed,Regular user,22,2,470.1072,26,260,right,80,40,0,247.74,242.25,1.298
4218,937578,2025-11-17T16:03:58,Right-handed,Regular user,22,2,470.1072,27,500,left,160,80,1,464.88,432.0,1.0713
4219,937578,2025-11-17T16:03:58,Right-handed,Regular user,22,2,470.1072,28,500,right,80,40,1,537.18,530.14,1.2219
4220,937578,2025-11-17T16:03:58,Right-handed,Regular user,22,2,470.1072,29,260,right,40,20,1,277.26,263.02,1.4859
4221,937578,2025-11-17T16:03:58,Right-handed,Regular user,22,2,470.1072,30,360,right,120,60,1,380.7,365.66,1.1206
4222,937578,2025-11-17T16:03:58,Right-handed,Regular user,22,2,470.1072,31,500,left,80,40,0,502.37,493.23,0.9187
4223,937578,2025-11-17T16:03:58,Right-handed,Regular user,22,2,470.1072,32,180,left,80,40,0,179.31,179.14,1.3625
4224,937578,2025-11-17T16:03:58,Right-handed,Regular user,22,3,66.6858,1,360,right,160,80,0,411.6,346.58,0.9255
4225,937578,2025-11-17T16:03:58,Right-handed,Regular user,22,3,66.6858,2,500,right,80,40,0,595.66,507.0,1.3115
4226,937578,2025-11-17T16:03:58,Right-handed,Regular user,22,3,66.6858,3,360,left,80,40,1,368.12,366.35,0.825
4227,937578,2025-11-17T16:03:58,Right-handed,Regular user,22,3,66.6858,4,500,right,120,60,0,492.46,467.17,0.8786
4228,937578,2025-11-17T16:03:58,Right-handed,Regular user,22,3,66.6858,5,260,right,120,60,0,387.41,280.12,0.9266
4229,937578,2025-11-17T16:03:58,Right-handed,Regular user,22,3,66.6858,6,180,right,40,20,0,187.44,174.07,1.083
4230,937578,2025-11-17T16:03:58,Right-handed,Regular user,22,3,66.6858,7,360,right,80,40,0,395.48,368.67,1.4908
4231,937578,2025-11-17T16:03:58,Right-handed,Regular user,22,3,66.6858,8,260,right,40,20,1,308.68,273.01,2.0006
4232,937578,2025-11-17T16:03:58,Right-handed,Regular user,22,3,66.6858,9,500,right,40,20,1,593.22,513.1,1.7138
4233,937578,2025-11-17T16:03:58,Right-handed,Regular user,22,3,66.6858,10,180,left,40,20,0,194.08,192.07,1.1194
4234,937578,2025-11-17T16:03:58,Right-handed,Regular user,22,3,66.6858,11,360,left,160,80,1,300.77,296.14,1.6001
4235,937578,2025-11-17T16:03:58,Right-handed,Regular user,22,3,66.6858,12,260,left,120,60,0,231.12,231.01,1.1518
4236,937578,2025-11-17T16:03:58,Right-handed,Regular user,22,3,66.6858,13,500,left,160,80,0,473.41,469.0,2.0325
4237,937578,2025-11-17T16:03:58,Right-handed,Regular user,22,3,66.6858,14,180,right,80,40,1,199.33,199.04,1.3025
4238,937578,2025-11-17T16:03:58,Right-handed,Regular user,22,3,66.6858,15,180,left,160,80,1,174.32,174.0,1.3995
4239,937578,2025-11-17T16:03:58,Right-handed,Regular user,22,3,66.6858,16,180,right,120,60,0,148.38,147.98,1.3416
4240,937578,2025-11-17T16:03:58,Right-handed,Regular user,22,3,66.6858,17,260,left,80,40,1,241.66,237.21,1.4762
4241,937578,2025-11-17T16:03:58,Right-handed,Regular user,22,3,66.6858,18,260,right,80,40,1,241.69,236.05,1.2639
4242,937578,2025-11-17T16:03:58,Right-handed,Regular user,22,3,66.6858,19,180,left,80,40,1,186.12,179.01,1.183
4243,937578,2025-11-17T16:03:58,Right-handed,Regular user,22,3,66.6858,20,500,right,160,80,1,470.21,461.52,1.1873
4244,937578,2025-11-17T16:03:58,Right-handed,Regular user,22,3,66.6858,21,360,right,120,60,1,330.49,326.02,1.3679
4245,937578,2025-11-17T16:03:58,Right-handed,Regular user,22,3,66.6858,22,360,left,120,60,1,333.18,323.4,1.2743
4246,937578,2025-11-17T16:03:58,Right-handed,Regular user,22,3,66.6858,23,180,left,120,60,1,211.52,193.51,1.0773
4247,937578,2025-11-17T16:03:58,Right-handed,Regular user,22,3,66.6858,24,260,left,40,20,1,279.99,274.02,1.4269
4248,937578,2025-11-17T16:03:58,Right-handed,Regular user,22,3,66.6858,25,180,right,160,80,1,417.55,206.48,1.1592
4249,937578,2025-11-17T16:03:58,Right-handed,Regular user,22,3,66.6858,26,360,left,40,20,2,382.59,369.07,1.3619
4250,937578,2025-11-17T16:03:58,Right-handed,Regular user,22,3,66.6858,27,260,left,160,80,1,215.24,214.76,1.1127
4251,937578,2025-11-17T16:03:58,Right-handed,Regular user,22,3,66.6858,28,260,right,160,80,0,271.01,268.13,0.8931
4252,937578,2025-11-17T16:03:58,Right-handed,Regular user,22,3,66.6858,29,500,left,80,40,1,505.88,498.05,1.7914
4253,937578,2025-11-17T16:03:58,Right-handed,Regular user,22,3,66.6858,30,360,right,40,20,0,384.0,370.01,1.363
4254,937578,2025-11-17T16:03:58,Right-handed,Regular user,22,3,66.6858,31,500,left,40,20,0,788.18,497.08,16.904
4255,937578,2025-11-17T16:03:58,Right-handed,Regular user,22,3,66.6858,32,500,left,120,60,1,508.49,492.33,1.3676
4256,937578,2025-11-17T16:03:58,Right-handed,Regular user,22,4,55.4396,1,260,left,120,60,0,399.15,292.01,2.2277
4257,937578,2025-11-17T16:03:58,Right-handed,Regular user,22,4,55.4396,2,360,right,40,20,0,412.56,365.0,1.69
4258,937578,2025-11-17T16:03:58,Right-handed,Regular user,22,4,55.4396,3,180,right,40,20,0,168.91,166.03,1.3484
4259,937578,2025-11-17T16:03:58,Right-handed,Regular user,22,4,55.4396,4,260,left,80,40,0,448.71,282.02,1.2758
4260,937578,2025-11-17T16:03:58,Right-handed,Regular user,22,4,55.4396,5,180,right,120,60,0,163.64,163.05,1.0661
4261,937578,2025-11-17T16:03:58,Right-handed,Regular user,22,4,55.4396,6,500,right,120,60,0,450.96,448.04,1.2946
4262,937578,2025-11-17T16:03:58,Right-handed,Regular user,22,4,55.4396,7,360,left,40,20,0,377.29,358.02,1.3163
4263,937578,2025-11-17T16:03:58,Right-handed,Regular user,22,4,55.4396,8,360,left,120,60,0,346.04,346.01,1.263
4264,937578,2025-11-17T16:03:58,Right-handed,Regular user,22,4,55.4396,9,260,right,80,40,0,374.39,263.01,1.4713
4265,937578,2025-11-17T16:03:58,Right-handed,Regular user,22,4,55.4396,10,500,right,80,40,0,584.48,507.05,1.4364
4266,937578,2025-11-17T16:03:58,Right-handed,Regular user,22,4,55.4396,11,260,left,40,20,0,279.32,266.07,1.4724
4267,937578,2025-11-17T16:03:58,Right-handed,Regular user,22,4,55.4396,12,500,left,40,20,0,503.18,486.05,1.6356
4268,937578,2025-11-17T16:03:58,Right-handed,Regular user,22,4,55.4396,13,360,right,120,60,0,430.76,387.68,1.0948
4269,937578,2025-11-17T16:03:58,Right-handed,Regular user,22,4,55.4396,14,500,right,40,20,0,556.27,488.04,1.4768
4270,937578,2025-11-17T16:03:58,Right-handed,Regular user,22,4,55.4396,15,500,left,160,80,0,530.21,528.31,1.1317
4271,937578,2025-11-17T16:03:58,Right-handed,Regular user,22,4,55.4396,16,180,right,80,40,1,150.2,147.76,1.4085
4272,937578,2025-11-17T16:03:58,Right-handed,Regular user,22,4,55.4396,17,500,left,120,60,0,508.84,482.7,1.4701
4273,937578,2025-11-17T16:03:58,Right-handed,Regular user,22,4,55.4396,18,500,right,160,80,0,557.47,532.5,0.9729
4274,937578,2025-11-17T16:03:58,Right-handed,Regular user,22,4,55.4396,19,260,right,120,60,0,262.02,253.03,1.1687
4275,937578,2025-11-17T16:03:58,Right-handed,Regular user,22,4,55.4396,20,260,right,40,20,0,347.99,246.03,1.3332
4276,937578,2025-11-17T16:03:58,Right-handed,Regular user,22,4,55.4396,21,180,left,80,40,0,272.15,173.0,0.8671
4277,937578,2025-11-17T16:03:58,Right-handed,Regular user,22,4,55.4396,22,180,left,120,60,0,429.21,174.41,1.2262
4278,937578,2025-11-17T16:03:58,Right-handed,Regular user,22,4,55.4396,23,500,left,80,40,0,533.83,530.14,1.2824
4279,937578,2025-11-17T16:03:58,Right-handed,Regular user,22,4,55.4396,24,180,right,160,80,1,159.64,156.95,1.0458
4280,937578,2025-11-17T16:03:58,Right-handed,Regular user,22,4,55.4396,25,360,right,160,80,1,293.26,291.99,1.0831
4281,937578,2025-11-17T16:03:58,Right-handed,Regular user,22,4,55.4396,26,260,right,160,80,1,272.98,266.07,1.1367
4282,937578,2025-11-17T16:03:58,Right-handed,Regular user,22,4,55.4396,27,360,left,80,40,1,373.0,350.46,1.1701
4283,937578,2025-11-17T16:03:58,Right-handed,Regular user,22,4,55.4396,28,180,left,40,20,2,186.65,182.27,1.3489
4284,937578,2025-11-17T16:03:58,Right-handed,Regular user,22,4,55.4396,29,360,left,160,80,1,293.69,293.06,1.3767
4285,937578,2025-11-17T16:03:58,Right-handed,Regular user,22,4,55.4396,30,360,right,80,40,1,456.8,369.07,1.425
4286,937578,2025-11-17T16:03:58,Right-handed,Regular user,22,4,55.4396,31,260,left,160,80,1,274.43,257.0,1.0399
4287,937578,2025-11-17T16:03:58,Right-handed,Regular user,22,4,55.4396,32,180,left,160,80,1,147.45,145.28,0.9917
4288,937578,2025-11-17T16:03:58,Right-handed,Regular user,22,5,115.9509,1,500,left,80,40,0,530.48,501.22,1.105
4289,937578,2025-11-17T16:03:58,Right-handed,Regular user,22,5,115.9509,2,360,left,160,80,0,339.53,326.44,1.5712
4290,937578,2025-11-17T16:03:58,Right-handed,Regular user,22,5,115.9509,3,500,right,120,60,0,618.38,509.1,1.4093
4291,937578,2025-11-17T16:03:58,Right-handed,Regular user,22,5,115.9509,4,500,left,40,20,1,519.83,507.19,1.3821
4292,937578,2025-11-17T16:03:58,Right-handed,Regular user,22,5,115.9509,5,500,left,160,80,2,504.48,472.21,1.3009
4293,937578,2025-11-17T16:03:58,Right-handed,Regular user,22,5,115.9509,6,180,left,120,60,1,165.86,165.37,1.3949
4294,937578,2025-11-17T16:03:58,Right-handed,Regular user,22,5,115.9509,7,260,right,40,20,1,308.91,270.05,1.2473
4295,937578,2025-11-17T16:03:58,Right-handed,Regular user,22,5,115.9509,8,180,left,40,20,2,203.26,186.07,1.1935
4296,937578,2025-11-17T16:03:58,Right-handed,Regular user,22,5,115.9509,9,500,right,80,40,2,558.85,511.0,1.4104
4297,937578,2025-11-17T16:03:58,Right-handed,Regular user,22,5,115.9509,10,360,left,120,60,2,316.18,311.16,1.1668
4298,937578,2025-11-17T16:03:58,Right-handed,Regular user,22,5,115.9509,11,260,right,160,80,1,259.47,246.17,1.1399
4299,937578,2025-11-17T16:03:58,Right-handed,Regular user,22,5,115.9509,12,500,right,160,80,1,575.67,459.16,1.2892
4300,937578,2025-11-17T16:03:58,Right-handed,Regular user,22,5,115.9509,13,500,right,40,20,3,507.86,498.08,9.1515
4301,937578,2025-11-17T16:03:58,Right-handed,Regular user,22,5,115.9509,14,180,left,160,80,0,192.5,192.21,0.9678
4302,937578,2025-11-17T16:03:58,Right-handed,Regular user,22,5,115.9509,15,260,left,40,20,1,260.64,250.34,1.2319
4303,937578,2025-11-17T16:03:58,Right-handed,Regular user,22,5,115.9509,16,260,right,80,40,1,403.72,250.02,1.3059
4304,937578,2025-11-17T16:03:58,Right-handed,Regular user,22,5,115.9509,17,360,left,40,20,2,395.69,357.01,1.3032
4305,937578,2025-11-17T16:03:58,Right-handed,Regular user,22,5,115.9509,18,360,right,160,80,0,392.46,389.27,58.369
4306,937578,2025-11-17T16:03:58,Right-handed,Regular user,22,5,115.9509,19,180,right,160,80,0,160.73,151.33,0.994
4307,937578,2025-11-17T16:03:58,Right-handed,Regular user,22,5,115.9509,20,180,left,80,40,0,184.24,184.02,1.0092
4308,937578,2025-11-17T16:03:58,Right-handed,Regular user,22,5,115.9509,21,360,right,80,40,1,450.19,350.0,1.4032
4309,937578,2025-11-17T16:03:58,Right-handed,Regular user,22,5,115.9509,22,260,left,80,40,1,231.53,230.7,1.1523
4310,937578,2025-11-17T16:03:58,Right-handed,Regular user,22,5,115.9509,23,260,left,160,80,2,401.84,311.97,1.6336
4311,937578,2025-11-17T16:03:58,Right-handed,Regular user,22,5,115.9509,24,260,right,120,60,2,295.56,211.14,1.6858
4312,937578,2025-11-17T16:03:58,Right-handed,Regular user,22,5,115.9509,25,500,left,120,60,1,483.65,474.34,1.3855
4313,937578,2025-11-17T16:03:58,Right-handed,Regular user,22,5,115.9509,26,180,right,40,20,1,212.45,185.53,1.3944
4314,937578,2025-11-17T16:03:58,Right-handed,Regular user,22,5,115.9509,27,360,left,80,40,1,367.36,350.07,1.3428
4315,937578,2025-11-17T16:03:58,Right-handed,Regular user,22,5,115.9509,28,180,right,120,60,1,205.19,192.02,1.1148
4316,937578,2025-11-17T16:03:58,Right-handed,Regular user,22,5,115.9509,29,260,left,120,60,1,223.89,219.01,1.2754
4317,937578,2025-11-17T16:03:58,Right-handed,Regular user,22,5,115.9509,30,360,right,40,20,1,385.19,356.02,1.816
4318,937578,2025-11-17T16:03:58,Right-handed,Regular user,22,5,115.9509,31,180,right,80,40,2,200.77,185.17,1.197
4319,937578,2025-11-17T16:03:58,Right-handed,Regular user,22,5,115.9509,32,360,right,120,60,1,395.24,338.12,1.2705
4320,937578,2025-11-17T16:03:58,Right-handed,Regular user,22,6,48.6654,1,360,right,40,20,0,393.82,366.01,1.7327
4321,937578,2025-11-17T16:03:58,Right-handed,Regular user,22,6,48.6654,2,360,right,120,60,0,392.03,390.13,1.6479
4322,937578,2025-11-17T16:03:58,Right-handed,Regular user,22,6,48.6654,3,260,right,120,60,1,312.3,254.95,1.3737
4323,937578,2025-11-17T16:03:58,Right-handed,Regular user,22,6,48.6654,4,500,right,40,20,1,497.44,482.01,1.8304
4324,937578,2025-11-17T16:03:58,Right-handed,Regular user,22,6,48.6654,5,260,left,40,20,1,453.26,266.27,1.3799
4325,937578,2025-11-17T16:03:58,Right-handed,Regular user,22,6,48.6654,6,360,right,80,40,2,369.87,352.14,1.2652
4326,937578,2025-11-17T16:03:58,Right-handed,Regular user,22,6,48.6654,7,180,right,80,40,2,169.23,166.15,1.3008
4327,937578,2025-11-17T16:03:58,Right-handed,Regular user,22,6,48.6654,8,180,left,160,80,1,176.59,175.41,0.9785
4328,937578,2025-11-17T16:03:58,Right-handed,Regular user,22,6,48.6654,9,360,left,80,40,1,357.49,346.52,1.3363
4329,937578,2025-11-17T16:03:58,Right-handed,Regular user,22,6,48.6654,10,180,right,120,60,1,329.39,207.09,1.4985
4330,937578,2025-11-17T16:03:58,Right-handed,Regular user,22,6,48.6654,11,260,left,160,80,0,255.0,231.15,0.97
4331,937578,2025-11-17T16:03:58,Right-handed,Regular user,22,6,48.6654,12,500,left,120,60,0,474.31,446.16,1.3823
4332,937578,2025-11-17T16:03:58,Right-handed,Regular user,22,6,48.6654,13,180,left,80,40,1,200.28,155.0,1.2634
4333,937578,2025-11-17T16:03:58,Right-handed,Regular user,22,6,48.6654,14,180,right,40,20,0,177.83,169.14,1.6466
4334,937578,2025-11-17T16:03:58,Right-handed,Regular user,22,6,48.6654,15,360,left,40,20,1,366.75,358.0,1.2972
4335,937578,2025-11-17T16:03:58,Right-handed,Regular user,22,6,48.6654,16,500,right,160,80,1,722.93,491.03,1.2129
4336,937578,2025-11-17T16:03:58,Right-handed,Regular user,22,6,48.6654,17,500,left,40,20,0,512.16,509.06,1.2935
4337,937578,2025-11-17T16:03:58,Right-handed,Regular user,22,6,48.6654,18,260,right,160,80,1,215.17,212.01,0.8583
4338,937578,2025-11-17T16:03:58,Right-handed,Regular user,22,6,48.6654,19,260,right,80,40,2,330.24,280.3,2.1397
4339,937578,2025-11-17T16:03:58,Right-handed,Regular user,22,6,48.6654,20,180,right,160,80,1,156.46,156.04,1.2141
4340,937578,2025-11-17T16:03:58,Right-handed,Regular user,22,6,48.6654,21,360,right,160,80,1,336.97,327.06,1.2009
4341,937578,2025-11-17T16:03:58,Right-handed,Regular user,22,6,48.6654,22,360,left,120,60,2,337.42,334.15,1.154
4342,937578,2025-11-17T16:03:58,Right-handed,Regular user,22,6,48.6654,23,500,left,160,80,3,469.35,449.0,1.2071
4343,937578,2025-11-17T16:03:58,Right-handed,Regular user,22,6,48.6654,24,260,left,120,60,2,224.57,224.08,1.1291
4344,937578,2025-11-17T16:03:58,Right-handed,Regular user,22,6,48.6654,25,360,left,160,80,1,326.83,318.45,0.8867
4345,937578,2025-11-17T16:03:58,Right-handed,Regular user,22,6,48.6654,26,260,right,40,20,2,360.43,266.09,1.5171
4346,937578,2025-11-17T16:03:58,Right-handed,Regular user,22,6,48.6654,27,500,right,120,60,1,552.52,534.54,1.2664
4347,937578,2025-11-17T16:03:58,Right-handed,Regular user,22,6,48.6654,28,260,left,80,40,1,266.33,263.69,1.0174
4348,937578,2025-11-17T16:03:58,Right-handed,Regular user,22,6,48.6654,29,180,left,120,60,2,135.58,132.14,0.9927
4349,937578,2025-11-17T16:03:58,Right-handed,Regular user,22,6,48.6654,30,180,left,40,20,0,188.93,180.0,1.2235
4350,937578,2025-11-17T16:03:58,Right-handed,Regular user,22,6,48.6654,31,500,right,80,40,1,548.8,467.09,1.2598
4351,937578,2025-11-17T16:03:58,Right-handed,Regular user,22,6,48.6654,32,500,left,80,40,1,561.92,503.1,1.3787
4352,937578,2025-11-17T16:03:58,Right-handed,Regular user,22,7,50.6697,1,260,right,160,80,0,229.47,228.49,1.0608
4353,937578,2025-11-17T16:03:58,Right-handed,Regular user,22,7,50.6697,2,180,right,40,20,0,180.86,179.71,1.2139
4354,937578,2025-11-17T16:03:58,Right-handed,Regular user,22,7,50.6697,3,260,right,120,60,1,271.41,230.22,1.0265
4355,937578,2025-11-17T16:03:58,Right-handed,Regular user,22,7,50.6697,4,180,left,80,40,2,182.16,179.07,1.0635
4356,937578,2025-11-17T16:03:58,Right-handed,Regular user,22,7,50.6697,5,360,left,40,20,1,363.51,361.09,1.3656
4357,937578,2025-11-17T16:03:58,Right-handed,Regular user,22,7,50.6697,6,180,right,120,60,1,225.04,214.71,0.9815
4358,937578,2025-11-17T16:03:58,Right-handed,Regular user,22,7,50.6697,7,180,left,40,20,1,187.56,186.0,1.1635
4359,937578,2025-11-17T16:03:58,Right-handed,Regular user,22,7,50.6697,8,360,right,40,20,1,384.08,378.02,1.5065
4360,937578,2025-11-17T16:03:58,Right-handed,Regular user,22,7,50.6697,9,260,left,120,60,0,270.57,258.31,0.9514
4361,937578,2025-11-17T16:03:58,Right-handed,Regular user,22,7,50.6697,10,180,right,80,40,0,289.21,203.63,1.7949
4362,937578,2025-11-17T16:03:58,Right-handed,Regular user,22,7,50.6697,11,500,right,120,60,0,484.87,483.08,3.7728
4363,937578,2025-11-17T16:03:58,Right-handed,Regular user,22,7,50.6697,12,500,right,160,80,2,561.48,501.53,3.1618
4364,937578,2025-11-17T16:03:58,Right-handed,Regular user,22,7,50.6697,13,260,left,160,80,0,563.83,283.11,1.6138
4365,937578,2025-11-17T16:03:58,Right-handed,Regular user,22,7,50.6697,14,360,right,120,60,1,332.98,329.34,1.2913
4366,937578,2025-11-17T16:03:58,Right-handed,Regular user,22,7,50.6697,15,180,left,160,80,1,134.96,131.75,1.0003
4367,937578,2025-11-17T16:03:58,Right-handed,Regular user,22,7,50.6697,16,360,right,80,40,2,496.19,364.03,1.2766
4368,937578,2025-11-17T16:03:58,Right-handed,Regular user,22,7,50.6697,17,500,left,80,40,1,497.05,479.42,1.115
4369,937578,2025-11-17T16:03:58,Right-handed,Regular user,22,7,50.6697,18,500,left,40,20,0,680.43,503.02,1.7962
4370,937578,2025-11-17T16:03:58,Right-handed,Regular user,22,7,50.6697,19,260,right,80,40,3,274.61,270.98,1.1643
4371,937578,2025-11-17T16:03:58,Right-handed,Regular user,22,7,50.6697,20,180,right,160,80,3,377.64,166.0,1.3396
4372,937578,2025-11-17T16:03:58,Right-handed,Regular user,22,7,50.6697,21,180,left,120,60,1,176.29,174.65,0.7838
4373,937578,2025-11-17T16:03:58,Right-handed,Regular user,22,7,50.6697,22,500,right,40,20,2,520.01,514.08,1.4475
4374,937578,2025-11-17T16:03:58,Right-handed,Regular user,22,7,50.6697,23,500,left,160,80,1,515.03,478.2,1.3003
4375,937578,2025-11-17T16:03:58,Right-handed,Regular user,22,7,50.6697,24,360,left,160,80,1,295.29,290.25,1.0755
4376,937578,2025-11-17T16:03:58,Right-handed,Regular user,22,7,50.6697,25,500,left,120,60,2,515.3,470.38,1.2188
4377,937578,2025-11-17T16:03:58,Right-handed,Regular user,22,7,50.6697,26,260,right,40,20,0,371.64,258.05,1.2208
4378,937578,2025-11-17T16:03:58,Right-handed,Regular user,22,7,50.6697,27,360,left,120,60,1,370.94,370.14,0.9735
4379,937578,2025-11-17T16:03:58,Right-handed,Regular user,22,7,50.6697,28,260,left,40,20,1,258.81,256.05,1.4375
4380,937578,2025-11-17T16:03:58,Right-handed,Regular user,22,7,50.6697,29,360,left,80,40,0,367.36,362.05,1.2077
4381,937578,2025-11-17T16:03:58,Right-handed,Regular user,22,7,50.6697,30,360,right,160,80,1,468.92,356.02,0.9997
4382,937578,2025-11-17T16:03:58,Right-handed,Regular user,22,7,50.6697,31,500,right,80,40,3,525.58,486.04,1.1683
4383,937578,2025-11-17T16:03:58,Right-handed,Regular user,22,7,50.6697,32,260,left,80,40,3,253.79,246.01,1.2283
4384,937578,2025-11-17T16:03:58,Right-handed,Regular user,22,8,122.6186,1,180,right,40,20,3,260.05,171.19,1.7329
4385,937578,2025-11-17T16:03:58,Right-handed,Regular user,22,8,122.6186,2,260,left,80,40,0,471.81,238.21,1.4699
4386,937578,2025-11-17T16:03:58,Right-handed,Regular user,22,8,122.6186,3,360,left,120,60,0,330.12,324.56,1.0721
4387,937578,2025-11-17T16:03:58,Right-handed,Regular user,22,8,122.6186,4,500,right,160,80,0,470.67,458.01,1.2285
4388,937578,2025-11-17T16:03:58,Right-handed,Regular user,22,8,122.6186,5,360,left,80,40,1,612.62,372.05,2.2926
4389,937578,2025-11-17T16:03:58,Right-handed,Regular user,22,8,122.6186,6,500,left,160,80,0,496.64,491.07,1.0623
4390,937578,2025-11-17T16:03:58,Right-handed,Regular user,22,8,122.6186,7,500,right,40,20,0,633.8,493.2,2.1168
4391,937578,2025-11-17T16:03:58,Right-handed,Regular user,22,8,122.6186,8,260,left,120,60,0,265.89,262.15,0.7645
4392,937578,2025-11-17T16:03:58,Right-handed,Regular user,22,8,122.6186,9,360,right,80,40,0,361.11,350.05,0.9285
4393,937578,2025-11-17T16:03:58,Right-handed,Regular user,22,8,122.6186,10,260,right,120,60,0,239.3,233.81,0.7211
4394,937578,2025-11-17T16:03:58,Right-handed,Regular user,22,8,122.6186,11,180,right,160,80,0,219.06,168.69,0.8336
4395,937578,2025-11-17T16:03:58,Right-handed,Regular user,22,8,122.6186,12,260,right,40,20,1,266.68,262.37,1.2245
4396,937578,2025-11-17T16:03:58,Right-handed,Regular user,22,8,122.6186,13,360,left,160,80,1,400.27,396.13,1.1601
4397,937578,2025-11-17T16:03:58,Right-handed,Regular user,22,8,122.6186,14,360,right,120,60,1,433.16,372.65,1.0794
4398,937578,2025-11-17T16:03:58,Right-handed,Regular user,22,8,122.6186,15,500,left,80,40,1,502.62,502.05,1.5388
4399,937578,2025-11-17T16:03:58,Right-handed,Regular user,22,8,122.6186,16,260,right,80,40,0,375.9,248.2,1.1502
4400,937578,2025-11-17T16:03:58,Right-handed,Regular user,22,8,122.6186,17,260,left,160,80,1,274.51,273.65,1.0973
4401,937578,2025-11-17T16:03:58,Right-handed,Regular user,22,8,122.6186,18,500,right,120,60,1,505.91,482.34,1.2395
4402,937578,2025-11-17T16:03:58,Right-handed,Regular user,22,8,122.6186,19,360,right,40,20,1,374.82,359.03,2.3396
4403,937578,2025-11-17T16:03:58,Right-handed,Regular user,22,8,122.6186,20,500,left,40,20,0,493.38,485.0,3.8229
4404,937578,2025-11-17T16:03:58,Right-handed,Regular user,22,8,122.6186,21,500,right,80,40,0,513.07,498.0,0.8543
4405,937578,2025-11-17T16:03:58,Right-handed,Regular user,22,8,122.6186,22,180,left,160,80,2,224.02,224.0,1.091
4406,937578,2025-11-17T16:03:58,Right-handed,Regular user,22,8,122.6186,23,180,left,80,40,0,198.48,178.02,0.9973
4407,937578,2025-11-17T16:03:58,Right-handed,Regular user,22,8,122.6186,24,180,right,120,60,0,238.38,236.01,1.133
4408,937578,2025-11-17T16:03:58,Right-handed,Regular user,22,8,122.6186,25,180,right,80,40,0,158.64,148.27,2.4083
4409,937578,2025-11-17T16:03:58,Right-handed,Regular user,22,8,122.6186,26,180,left,120,60,0,168.35,166.15,1.9518
4410,937578,2025-11-17T16:03:58,Right-handed,Regular user,22,8,122.6186,27,260,left,40,20,0,261.31,258.05,1.3625
4411,937578,2025-11-17T16:03:58,Right-handed,Regular user,22,8,122.6186,28,360,right,160,80,0,305.37,301.01,0.9097
4412,937578,2025-11-17T16:03:58,Right-handed,Regular user,22,8,122.6186,29,360,left,40,20,1,382.98,370.01,1.301
4413,937578,2025-11-17T16:03:58,Right-handed,Regular user,22,8,122.6186,30,180,left,40,20,1,188.29,183.07,3.1703
4414,937578,2025-11-17T16:03:58,Right-handed,Regular user,22,8,122.6186,31,500,left,120,60,0,500.4,495.49,0.9945
4415,937578,2025-11-17T16:03:58,Right-handed,Regular user,22,8,122.6186,32,260,right,160,80,0,336.93,272.31,1.1082
4416,937578,2025-11-17T16:03:58,Right-handed,Regular user,22,9,53.1637,1,260,left,160,80,0,219.55,219.01,0.7949
4417,937578,2025-11-17T16:03:58,Right-handed,Regular user,22,9,53.1637,2,180,left,80,40,0,177.19,176.56,1.5795
4418,937578,2025-11-17T16:03:58,Right-handed,Regular user,22,9,53.1637,3,500,right,120,60,0,498.97,490.0,1.0176
4419,937578,2025-11-17T16:03:58,Right-handed,Regular user,22,9,53.1637,4,360,right,160,80,1,367.12,351.05,1.0509
4420,937578,2025-11-17T16:03:58,Right-handed,Regular user,22,9,53.1637,5,500,left,40,20,1,622.66,502.0,1.9187
4421,937578,2025-11-17T16:03:58,Right-handed,Regular user,22,9,53.1637,6,260,right,80,40,0,360.56,260.07,1.5892
4422,937578,2025-11-17T16:03:58,Right-handed,Regular user,22,9,53.1637,7,500,left,120,60,0,468.69,468.05,1.6023
4423,937578,2025-11-17T16:03:58,Right-handed,Regular user,22,9,53.1637,8,180,right,160,80,0,172.74,172.26,0.974
4424,937578,2025-11-17T16:03:58,Right-handed,Regular user,22,9,53.1637,9,260,right,120,60,0,211.52,210.4,0.9849
4425,937578,2025-11-17T16:03:58,Right-handed,Regular user,22,9,53.1637,10,180,left,160,80,0,163.02,162.1,0.9734
4426,937578,2025-11-17T16:03:58,Right-handed,Regular user,22,9,53.1637,11,180,left,40,20,0,183.08,182.04,1.0456
4427,937578,2025-11-17T16:03:58,Right-handed,Regular user,22,9,53.1637,12,500,right,160,80,0,538.37,534.02,1.1205
4428,937578,2025-11-17T16:03:58,Right-handed,Regular user,22,9,53.1637,13,180,right,80,40,0,198.69,163.2,1.0247
4429,937578,2025-11-17T16:03:58,Right-handed,Regular user,22,9,53.1637,14,500,right,40,20,0,642.88,493.04,1.4809
4430,937578,2025-11-17T16:03:58,Right-handed,Regular user,22,9,53.1637,15,260,left,40,20,0,336.25,253.13,1.2506
4431,937578,2025-11-17T16:03:58,Right-handed,Regular user,22,9,53.1637,16,360,right,120,60,0,422.13,388.62,1.4353
4432,937578,2025-11-17T16:03:58,Right-handed,Regular user,22,9,53.1637,17,360,left,160,80,0,312.5,310.23,0.9034
4433,937578,2025-11-17T16:03:58,Right-handed,Regular user,22,9,53.1637,18,260,left,80,40,0,254.53,253.2,0.8611
4434,937578,2025-11-17T16:03:58,Right-handed,Regular user,22,9,53.1637,19,260,right,40,20,1,286.19,263.27,1.3082
4435,937578,2025-11-17T16:03:58,Right-handed,Regular user,22,9,53.1637,20,500,left,160,80,1,462.37,458.35,1.0997
4436,937578,2025-11-17T16:03:58,Right-handed,Regular user,22,9,53.1637,21,500,left,80,40,1,518.41,509.19,1.3625
4437,937578,2025-11-17T16:03:58,Right-handed,Regular user,22,9,53.1637,22,260,left,120,60,1,229.94,228.27,1.4285
4438,937578,2025-11-17T16:03:58,Right-handed,Regular user,22,9,53.1637,23,360,right,80,40,0,371.73,361.03,1.1072
4439,937578,2025-11-17T16:03:58,Right-handed,Regular user,22,9,53.1637,24,500,right,80,40,1,625.72,476.21,1.9295
4440,937578,2025-11-17T16:03:58,Right-handed,Regular user,22,9,53.1637,25,180,right,120,60,1,195.38,178.91,1.1847
4441,937578,2025-11-17T16:03:58,Right-handed,Regular user,22,9,53.1637,26,360,left,40,20,0,381.13,355.36,1.2605
4442,937578,2025-11-17T16:03:58,Right-handed,Regular user,22,9,53.1637,27,260,right,160,80,1,259.46,257.87,1.0759
4443,937578,2025-11-17T16:03:58,Right-handed,Regular user,22,9,53.1637,28,180,left,120,60,1,188.3,188.13,0.9185
4444,937578,2025-11-17T16:03:58,Right-handed,Regular user,22,9,53.1637,29,360,left,120,60,0,362.18,335.83,1.2235
4445,937578,2025-11-17T16:03:58,Right-handed,Regular user,22,9,53.1637,30,360,left,80,40,0,365.74,350.32,1.0852
4446,937578,2025-11-17T16:03:58,Right-handed,Regular user,22,9,53.1637,31,360,right,40,20,0,392.75,372.07,1.2363
4447,937578,2025-11-17T16:03:58,Right-handed,Regular user,22,9,53.1637,32,180,right,40,20,0,185.18,182.01,0.9218
4448,937578,2025-11-17T16:03:58,Right-handed,Regular user,22,10,113.2397,1,500,left,40,20,0,567.37,512.02,1.452
4449,937578,2025-11-17T16:03:58,Right-handed,Regular user,22,10,113.2397,2,260,left,40,20,1,342.45,267.01,1.6317
4450,937578,2025-11-17T16:03:58,Right-handed,Regular user,22,10,113.2397,3,500,right,160,80,0,475.36,474.71,1.1782
4451,937578,2025-11-17T16:03:58,Right-handed,Regular user,22,10,113.2397,4,260,right,40,20,0,271.97,269.07,1.3182
4452,937578,2025-11-17T16:03:58,Right-handed,Regular user,22,10,113.2397,5,360,right,80,40,0,366.34,364.07,1.2253
4453,937578,2025-11-17T16:03:58,Right-handed,Regular user,22,10,113.2397,6,360,right,40,20,1,464.06,358.09,2.0881
4454,937578,2025-11-17T16:03:58,Right-handed,Regular user,22,10,113.2397,7,260,left,80,40,0,257.16,246.05,1.2267
4455,937578,2025-11-17T16:03:58,Right-handed,Regular user,22,10,113.2397,8,360,left,40,20,0,546.45,364.01,1.4982
4456,937578,2025-11-17T16:03:58,Right-handed,Regular user,22,10,113.2397,9,360,right,120,60,0,725.31,375.48,1.1647
4457,937578,2025-11-17T16:03:58,Right-handed,Regular user,22,10,113.2397,10,500,right,120,60,0,514.9,461.21,1.1607
4458,937578,2025-11-17T16:03:58,Right-handed,Regular user,22,10,113.2397,11,500,right,40,20,0,566.42,513.02,2.1007
4459,937578,2025-11-17T16:03:58,Right-handed,Regular user,22,10,113.2397,12,180,left,80,40,1,344.49,207.07,1.4345
4460,937578,2025-11-17T16:03:58,Right-handed,Regular user,22,10,113.2397,13,260,right,160,80,0,249.05,247.01,0.9844
4461,937578,2025-11-17T16:03:58,Right-handed,Regular user,22,10,113.2397,14,180,left,40,20,0,180.07,176.0,1.922
4462,937578,2025-11-17T16:03:58,Right-handed,Regular user,22,10,113.2397,15,180,right,160,80,0,161.87,160.85,0.9785
4463,937578,2025-11-17T16:03:58,Right-handed,Regular user,22,10,113.2397,16,180,right,80,40,0,186.06,184.22,1.0797
4464,937578,2025-11-17T16:03:58,Right-handed,Regular user,22,10,113.2397,17,360,left,120,60,0,346.76,345.93,1.2031
4465,937578,2025-11-17T16:03:58,Right-handed,Regular user,22,10,113.2397,18,260,right,80,40,0,348.3,275.05,1.2654
4466,937578,2025-11-17T16:03:58,Right-handed,Regular user,22,10,113.2397,19,500,left,80,40,0,518.67,516.35,1.3763
4467,937578,2025-11-17T16:03:58,Right-handed,Regular user,22,10,113.2397,20,180,left,160,80,0,110.59,110.22,1.051
4468,937578,2025-11-17T16:03:58,Right-handed,Regular user,22,10,113.2397,21,180,right,120,60,0,192.16,191.37,0.9685
4469,937578,2025-11-17T16:03:58,Right-handed,Regular user,22,10,113.2397,22,360,left,160,80,0,386.92,386.63,1.0342
4470,937578,2025-11-17T16:03:58,Right-handed,Regular user,22,10,113.2397,23,500,right,80,40,0,562.74,520.05,1.2715
4471,937578,2025-11-17T16:03:58,Right-handed,Regular user,22,10,113.2397,24,500,left,160,80,0,495.84,493.62,1.1482
4472,937578,2025-11-17T16:03:58,Right-handed,Regular user,22,10,113.2397,25,180,right,40,20,0,174.35,170.05,1.2431
4473,937578,2025-11-17T16:03:58,Right-handed,Regular user,22,10,113.2397,26,500,left,120,60,0,481.12,465.01,1.2455
4474,937578,2025-11-17T16:03:58,Right-handed,Regular user,22,10,113.2397,27,360,right,160,80,0,359.31,357.45,1.0112
4475,937578,2025-11-17T16:03:58,Right-handed,Regular user,22,10,113.2397,28,360,left,80,40,0,411.68,363.14,1.3228
4476,937578,2025-11-17T16:03:58,Right-handed,Regular user,22,10,113.2397,29,260,left,160,80,0,292.68,291.99,1.1042
4477,937578,2025-11-17T16:03:58,Right-handed,Regular user,22,10,113.2397,30,260,left,120,60,0,292.87,287.77,1.3156
4478,937578,2025-11-17T16:03:58,Right-handed,Regular user,22,10,113.2397,31,260,right,120,60,0,245.61,242.0,1.0706
4479,937578,2025-11-17T16:03:58,Right-handed,Regular user,22,10,113.2397,32,180,left,120,60,0,211.94,210.77,0.9546
4480,866197,2025-11-17T15:29:04,Right-handed,Regular user,37,1,55.2862,1,180,left,80,40,0,180.53,179.07,1.1816
4481,866197,2025-11-17T15:29:04,Right-handed,Regular user,37,1,55.2862,2,360,right,40,20,0,364.72,360.0,1.164
4482,866197,2025-11-17T15:29:04,Right-handed,Regular user,37,1,55.2862,3,260,left,40,20,0,259.17,254.07,0.9642
4483,866197,2025-11-17T15:29:04,Right-handed,Regular user,37,1,55.2862,4,360,left,120,60,0,335.44,335.15,1.1145
4484,866197,2025-11-17T15:29:04,Right-handed,Regular user,37,1,55.2862,5,260,left,120,60,0,236.59,232.02,1.2482
4485,866197,2025-11-17T15:29:04,Right-handed,Regular user,37,1,55.2862,6,500,left,40,20,0,509.62,502.08,1.5306
4486,866197,2025-11-17T15:29:04,Right-handed,Regular user,37,1,55.2862,7,360,left,40,20,0,365.98,364.01,1.7809
4487,866197,2025-11-17T15:29:04,Right-handed,Regular user,37,1,55.2862,8,360,left,80,40,0,381.47,343.42,1.5806
4488,866197,2025-11-17T15:29:04,Right-handed,Regular user,37,1,55.2862,9,500,left,160,80,0,495.03,493.04,1.0829
4489,866197,2025-11-17T15:29:04,Right-handed,Regular user,37,1,55.2862,10,500,left,80,40,0,487.06,483.0,1.2806
4490,866197,2025-11-17T15:29:04,Right-handed,Regular user,37,1,55.2862,11,180,right,160,80,0,208.15,206.01,0.8973
4491,866197,2025-11-17T15:29:04,Right-handed,Regular user,37,1,55.2862,12,500,right,160,80,0,484.37,478.42,0.9639
4492,866197,2025-11-17T15:29:04,Right-handed,Regular user,37,1,55.2862,13,260,right,120,60,0,240.57,239.0,1.297
4493,866197,2025-11-17T15:29:04,Right-handed,Regular user,37,1,55.2862,14,500,right,40,20,0,517.65,495.0,1.1974
4494,866197,2025-11-17T15:29:04,Right-handed,Regular user,37,1,55.2862,15,500,left,120,60,0,500.64,489.0,0.8474
4495,866197,2025-11-17T15:29:04,Right-handed,Regular user,37,1,55.2862,16,180,left,120,60,0,166.09,152.84,1.0639
4496,866197,2025-11-17T15:29:04,Right-handed,Regular user,37,1,55.2862,17,500,right,120,60,0,498.68,483.15,0.8805
4497,866197,2025-11-17T15:29:04,Right-handed,Regular user,37,1,55.2862,18,180,left,160,80,0,202.95,198.12,0.7145
4498,866197,2025-11-17T15:29:04,Right-handed,Regular user,37,1,55.2862,19,500,right,80,40,0,496.27,484.02,1.0799
4499,866197,2025-11-17T15:29:04,Right-handed,Regular user,37,1,55.2862,20,260,right,80,40,0,308.72,284.4,1.3309
4500,866197,2025-11-17T15:29:04,Right-handed,Regular user,37,1,55.2862,21,180,right,120,60,0,190.05,187.38,1.4639
4501,866197,2025-11-17T15:29:04,Right-handed,Regular user,37,1,55.2862,22,260,left,160,80,0,259.65,259.38,1.1136
4502,866197,2025-11-17T15:29:04,Right-handed,Regular user,37,1,55.2862,23,180,right,40,20,0,186.6,183.07,1.2141
4503,866197,2025-11-17T15:29:04,Right-handed,Regular user,37,1,55.2862,24,360,right,80,40,0,353.42,353.04,1.2467
4504,866197,2025-11-17T15:29:04,Right-handed,Regular user,37,1,55.2862,25,260,left,80,40,0,290.7,287.03,1.2151
4505,866197,2025-11-17T15:29:04,Right-handed,Regular user,37,1,55.2862,26,360,left,160,80,0,397.73,395.18,1.2145
4506,866197,2025-11-17T15:29:04,Right-handed,Regular user,37,1,55.2862,27,260,right,40,20,0,265.96,260.07,0.9302
4507,866197,2025-11-17T15:29:04,Right-handed,Regular user,37,1,55.2862,28,180,left,40,20,0,185.2,182.01,0.9311
4508,866197,2025-11-17T15:29:04,Right-handed,Regular user,37,1,55.2862,29,180,right,80,40,0,175.74,173.93,0.964
4509,866197,2025-11-17T15:29:04,Right-handed,Regular user,37,1,55.2862,30,260,right,160,80,0,279.37,259.41,1.2647
4510,866197,2025-11-17T15:29:04,Right-handed,Regular user,37,1,55.2862,31,360,right,160,80,0,374.06,346.7,1.2139
4511,866197,2025-11-17T15:29:04,Right-handed,Regular user,37,1,55.2862,32,360,right,120,60,0,369.66,351.36,1.2813
4512,866197,2025-11-17T15:29:04,Right-handed,Regular user,37,2,60.5703,1,260,left,160,80,0,242.33,239.25,1.1472
4513,866197,2025-11-17T15:29:04,Right-handed,Regular user,37,2,60.5703,2,180,right,160,80,0,185.22,173.65,0.6642
4514,866197,2025-11-17T15:29:04,Right-handed,Regular user,37,2,60.5703,3,500,left,120,60,0,486.79,483.13,0.9307
4515,866197,2025-11-17T15:29:04,Right-handed,Regular user,37,2,60.5703,4,180,right,120,60,0,173.03,170.14,0.6968
4516,866197,2025-11-17T15:29:04,Right-handed,Regular user,37,2,60.5703,5,360,right,120,60,0,409.65,376.34,1.0308
4517,866197,2025-11-17T15:29:04,Right-handed,Regular user,37,2,60.5703,6,360,left,80,40,0,392.85,392.1,1.0648
4518,866197,2025-11-17T15:29:04,Right-handed,Regular user,37,2,60.5703,7,260,right,160,80,0,263.47,259.49,0.7309
4519,866197,2025-11-17T15:29:04,Right-handed,Regular user,37,2,60.5703,8,180,right,80,40,0,162.75,161.01,0.847
4520,866197,2025-11-17T15:29:04,Right-handed,Regular user,37,2,60.5703,9,500,left,80,40,0,623.04,500.22,1.5975
4521,866197,2025-11-17T15:29:04,Right-handed,Regular user,37,2,60.5703,10,360,right,40,20,0,362.56,356.02,1.2141
4522,866197,2025-11-17T15:29:04,Right-handed,Regular user,37,2,60.5703,11,180,left,120,60,0,144.31,144.12,0.7806
4523,866197,2025-11-17T15:29:04,Right-handed,Regular user,37,2,60.5703,12,360,left,160,80,0,388.66,386.22,1.014
4524,866197,2025-11-17T15:29:04,Right-handed,Regular user,37,2,60.5703,13,260,right,80,40,0,285.14,280.09,0.7975
4525,866197,2025-11-17T15:29:04,Right-handed,Regular user,37,2,60.5703,14,260,right,40,20,0,279.18,266.0,1.1301
4526,866197,2025-11-17T15:29:04,Right-handed,Regular user,37,2,60.5703,15,180,left,160,80,0,182.96,182.62,0.8475
4527,866197,2025-11-17T15:29:04,Right-handed,Regular user,37,2,60.5703,16,500,right,120,60,0,617.42,539.05,1.48
4528,866197,2025-11-17T15:29:04,Right-handed,Regular user,37,2,60.5703,17,360,right,80,40,0,403.39,346.01,1.4304
4529,866197,2025-11-17T15:29:04,Right-handed,Regular user,37,2,60.5703,18,180,left,40,20,0,185.34,185.02,1.5802
4530,866197,2025-11-17T15:29:04,Right-handed,Regular user,37,2,60.5703,19,260,left,40,20,0,257.87,257.03,1.3313
4531,866197,2025-11-17T15:29:04,Right-handed,Regular user,37,2,60.5703,20,360,left,120,60,0,328.72,326.0,1.7974
4532,866197,2025-11-17T15:29:04,Right-handed,Regular user,37,2,60.5703,21,260,right,120,60,0,274.84,270.27,1.1978
4533,866197,2025-11-17T15:29:04,Right-handed,Regular user,37,2,60.5703,22,360,left,40,20,0,363.83,355.0,1.5645
4534,866197,2025-11-17T15:29:04,Right-handed,Regular user,37,2,60.5703,23,180,right,40,20,0,203.77,180.0,1.0638
4535,866197,2025-11-17T15:29:04,Right-handed,Regular user,37,2,60.5703,24,500,right,40,20,0,684.24,508.06,1.6137
4536,866197,2025-11-17T15:29:04,Right-handed,Regular user,37,2,60.5703,25,260,left,80,40,0,262.12,262.0,1.1636
4537,866197,2025-11-17T15:29:04,Right-handed,Regular user,37,2,60.5703,26,500,right,80,40,0,493.02,474.11,1.1147
4538,866197,2025-11-17T15:29:04,Right-handed,Regular user,37,2,60.5703,27,260,left,120,60,0,268.4,268.0,0.9811
4539,866197,2025-11-17T15:29:04,Right-handed,Regular user,37,2,60.5703,28,500,right,160,80,0,496.74,465.73,1.2311
4540,866197,2025-11-17T15:29:04,Right-handed,Regular user,37,2,60.5703,29,500,left,160,80,0,527.32,504.36,1.3478
4541,866197,2025-11-17T15:29:04,Right-handed,Regular user,37,2,60.5703,30,180,left,80,40,0,195.18,193.0,1.6306
4542,866197,2025-11-17T15:29:04,Right-handed,Regular user,37,2,60.5703,31,360,right,160,80,0,438.14,406.1,1.1312
4543,866197,2025-11-17T15:29:04,Right-handed,Regular user,37,2,60.5703,32,500,left,40,20,0,514.28,512.0,1.1977
4544,866197,2025-11-17T15:29:04,Right-handed,Regular user,37,3,53.4865,1,360,left,120,60,0,395.97,370.09,1.2977
4545,866197,2025-11-17T15:29:04,Right-handed,Regular user,37,3,53.4865,2,360,right,120,60,0,365.57,360.27,0.8805
4546,866197,2025-11-17T15:29:04,Right-handed,Regular user,37,3,53.4865,3,260,left,40,20,1,296.24,265.0,1.8311
4547,866197,2025-11-17T15:29:04,Right-handed,Regular user,37,3,53.4865,4,500,left,160,80,0,573.24,572.04,1.315
4548,866197,2025-11-17T15:29:04,Right-handed,Regular user,37,3,53.4865,5,260,left,120,60,0,221.8,220.11,1.0468
4549,866197,2025-11-17T15:29:04,Right-handed,Regular user,37,3,53.4865,6,500,left,120,60,0,479.3,473.05,1.5811
4550,866197,2025-11-17T15:29:04,Right-handed,Regular user,37,3,53.4865,7,500,right,120,60,0,665.98,532.0,1.1303
4551,866197,2025-11-17T15:29:04,Right-handed,Regular user,37,3,53.4865,8,180,left,80,40,0,216.59,215.04,0.9635
4552,866197,2025-11-17T15:29:04,Right-handed,Regular user,37,3,53.4865,9,180,right,120,60,0,186.48,184.33,0.8639
4553,866197,2025-11-17T15:29:04,Right-handed,Regular user,37,3,53.4865,10,500,right,80,40,0,507.0,465.28,1.4973
4554,866197,2025-11-17T15:29:04,Right-handed,Regular user,37,3,53.4865,11,260,right,160,80,0,325.99,319.03,1.1301
4555,866197,2025-11-17T15:29:04,Right-handed,Regular user,37,3,53.4865,12,360,left,160,80,0,335.88,332.3,0.8973
4556,866197,2025-11-17T15:29:04,Right-handed,Regular user,37,3,53.4865,13,180,right,40,20,0,167.29,166.19,0.9644
4557,866197,2025-11-17T15:29:04,Right-handed,Regular user,37,3,53.4865,14,360,left,40,20,0,361.94,357.0,0.9799
4558,866197,2025-11-17T15:29:04,Right-handed,Regular user,37,3,53.4865,15,180,right,80,40,0,174.96,174.56,0.9469
4559,866197,2025-11-17T15:29:04,Right-handed,Regular user,37,3,53.4865,16,180,left,40,20,0,178.39,177.55,0.9644
4560,866197,2025-11-17T15:29:04,Right-handed,Regular user,37,3,53.4865,17,180,right,160,80,0,192.73,190.26,0.6647
4561,866197,2025-11-17T15:29:04,Right-handed,Regular user,37,3,53.4865,18,260,left,80,40,0,347.72,277.12,0.9808
4562,866197,2025-11-17T15:29:04,Right-handed,Regular user,37,3,53.4865,19,500,right,160,80,0,474.03,471.09,0.8651
4563,866197,2025-11-17T15:29:04,Right-handed,Regular user,37,3,53.4865,20,260,right,40,20,0,267.06,248.0,1.2807
4564,866197,2025-11-17T15:29:04,Right-handed,Regular user,37,3,53.4865,21,500,right,40,20,0,645.36,495.02,1.5812
4565,866197,2025-11-17T15:29:04,Right-handed,Regular user,37,3,53.4865,22,260,right,120,60,0,247.16,246.13,0.9975
4566,866197,2025-11-17T15:29:04,Right-handed,Regular user,37,3,53.4865,23,180,left,120,60,0,214.39,214.08,0.7647
4567,866197,2025-11-17T15:29:04,Right-handed,Regular user,37,3,53.4865,24,260,right,80,40,0,269.3,268.07,0.9308
4568,866197,2025-11-17T15:29:04,Right-handed,Regular user,37,3,53.4865,25,500,left,40,20,0,488.95,488.0,0.9306
4569,866197,2025-11-17T15:29:04,Right-handed,Regular user,37,3,53.4865,26,360,right,160,80,0,389.56,388.03,0.747
4570,866197,2025-11-17T15:29:04,Right-handed,Regular user,37,3,53.4865,27,500,left,80,40,0,520.4,517.25,0.964
4571,866197,2025-11-17T15:29:04,Right-handed,Regular user,37,3,53.4865,28,360,right,80,40,0,345.6,343.25,0.8977
4572,866197,2025-11-17T15:29:04,Right-handed,Regular user,37,3,53.4865,29,260,left,160,80,0,240.3,240.1,0.7466
4573,866197,2025-11-17T15:29:04,Right-handed,Regular user,37,3,53.4865,30,360,left,80,40,0,372.23,372.01,1.3975
4574,866197,2025-11-17T15:29:04,Right-handed,Regular user,37,3,53.4865,31,180,left,160,80,0,171.19,162.11,0.8135
4575,866197,2025-11-17T15:29:04,Right-handed,Regular user,37,3,53.4865,32,360,right,40,20,0,362.28,359.02,1.131
4576,866197,2025-11-17T15:29:04,Right-handed,Regular user,37,4,53.0195,1,360,left,40,20,0,525.15,357.11,1.1974
4577,866197,2025-11-17T15:29:04,Right-handed,Regular user,37,4,53.0195,2,500,right,40,20,0,736.47,495.0,1.2145
4578,866197,2025-11-17T15:29:04,Right-handed,Regular user,37,4,53.0195,3,260,right,120,60,0,240.64,236.22,0.914
4579,866197,2025-11-17T15:29:04,Right-handed,Regular user,37,4,53.0195,4,180,left,40,20,0,198.78,181.01,1.0801
4580,866197,2025-11-17T15:29:04,Right-handed,Regular user,37,4,53.0195,5,360,right,40,20,0,448.7,347.0,1.2973
4581,866197,2025-11-17T15:29:04,Right-handed,Regular user,37,4,53.0195,6,260,left,80,40,0,275.97,275.33,0.8473
4582,866197,2025-11-17T15:29:04,Right-handed,Regular user,37,4,53.0195,7,180,right,160,80,0,159.83,159.38,0.7646
4583,866197,2025-11-17T15:29:04,Right-handed,Regular user,37,4,53.0195,8,500,right,120,60,0,501.52,488.69,1.064
4584,866197,2025-11-17T15:29:04,Right-handed,Regular user,37,4,53.0195,9,500,right,160,80,1,462.45,457.21,1.6142
4585,866197,2025-11-17T15:29:04,Right-handed,Regular user,37,4,53.0195,10,500,left,120,60,0,492.28,490.41,1.0802
4586,866197,2025-11-17T15:29:04,Right-handed,Regular user,37,4,53.0195,11,180,right,40,20,0,198.8,180.07,1.0307
4587,866197,2025-11-17T15:29:04,Right-handed,Regular user,37,4,53.0195,12,500,right,80,40,0,515.09,497.73,1.0966
4588,866197,2025-11-17T15:29:04,Right-handed,Regular user,37,4,53.0195,13,260,left,120,60,0,305.4,304.24,0.9969
4589,866197,2025-11-17T15:29:04,Right-handed,Regular user,37,4,53.0195,14,260,left,160,80,0,255.16,254.5,0.8976
4590,866197,2025-11-17T15:29:04,Right-handed,Regular user,37,4,53.0195,15,360,right,80,40,0,375.88,366.27,0.9976
4591,866197,2025-11-17T15:29:04,Right-handed,Regular user,37,4,53.0195,16,180,right,80,40,0,169.68,169.36,1.1477
4592,866197,2025-11-17T15:29:04,Right-handed,Regular user,37,4,53.0195,17,180,left,80,40,0,159.72,159.05,0.8143
4593,866197,2025-11-17T15:29:04,Right-handed,Regular user,37,4,53.0195,18,260,right,80,40,0,257.01,252.13,0.9641
4594,866197,2025-11-17T15:29:04,Right-handed,Regular user,37,4,53.0195,19,260,right,40,20,0,265.78,261.23,1.2472
4595,866197,2025-11-17T15:29:04,Right-handed,Regular user,37,4,53.0195,20,180,left,120,60,0,199.64,199.06,0.8636
4596,866197,2025-11-17T15:29:04,Right-handed,Regular user,37,4,53.0195,21,360,left,120,60,0,373.22,371.02,1.2302
4597,866197,2025-11-17T15:29:04,Right-handed,Regular user,37,4,53.0195,22,360,right,160,80,0,388.34,378.05,0.9637
4598,866197,2025-11-17T15:29:04,Right-handed,Regular user,37,4,53.0195,23,500,left,40,20,0,518.8,499.01,1.2139
4599,866197,2025-11-17T15:29:04,Right-handed,Regular user,37,4,53.0195,24,360,right,120,60,0,379.04,371.0,0.8972
4600,866197,2025-11-17T15:29:04,Right-handed,Regular user,37,4,53.0195,25,180,right,120,60,0,156.33,156.0,0.9636
4601,866197,2025-11-17T15:29:04,Right-handed,Regular user,37,4,53.0195,26,180,left,160,80,0,187.46,187.04,0.6635
4602,866197,2025-11-17T15:29:04,Right-handed,Regular user,37,4,53.0195,27,360,left,160,80,0,420.15,417.69,1.2306
4603,866197,2025-11-17T15:29:04,Right-handed,Regular user,37,4,53.0195,28,260,right,160,80,0,282.15,275.0,0.8306
4604,866197,2025-11-17T15:29:04,Right-handed,Regular user,37,4,53.0195,29,260,left,40,20,0,256.59,255.16,1.3312
4605,866197,2025-11-17T15:29:04,Right-handed,Regular user,37,4,53.0195,30,500,left,80,40,0,496.27,494.37,1.3815
4606,866197,2025-11-17T15:29:04,Right-handed,Regular user,37,4,53.0195,31,500,left,160,80,0,564.59,561.23,1.1808
4607,866197,2025-11-17T15:29:04,Right-handed,Regular user,37,4,53.0195,32,360,left,80,40,0,379.69,378.05,1.1806
4608,866197,2025-11-17T15:29:04,Right-handed,Regular user,37,5,54.0692,1,260,left,160,80,0,242.75,242.17,0.8477
4609,866197,2025-11-17T15:29:04,Right-handed,Regular user,37,5,54.0692,2,500,left,120,60,0,478.57,470.05,1.064
4610,866197,2025-11-17T15:29:04,Right-handed,Regular user,37,5,54.0692,3,360,right,80,40,0,600.48,356.07,1.1309
4611,866197,2025-11-17T15:29:04,Right-handed,Regular user,37,5,54.0692,4,180,right,120,60,0,198.01,194.58,0.7473
4612,866197,2025-11-17T15:29:04,Right-handed,Regular user,37,5,54.0692,5,260,left,120,60,0,268.73,265.68,0.8146
4613,866197,2025-11-17T15:29:04,Right-handed,Regular user,37,5,54.0692,6,500,left,80,40,0,492.94,486.12,1.0977
4614,866197,2025-11-17T15:29:04,Right-handed,Regular user,37,5,54.0692,7,500,left,40,20,0,502.1,500.05,1.2136
4615,866197,2025-11-17T15:29:04,Right-handed,Regular user,37,5,54.0692,8,260,left,80,40,0,264.13,252.01,1.2645
4616,866197,2025-11-17T15:29:04,Right-handed,Regular user,37,5,54.0692,9,180,left,160,80,0,164.34,164.15,0.747
4617,866197,2025-11-17T15:29:04,Right-handed,Regular user,37,5,54.0692,10,360,left,40,20,0,354.73,349.09,1.0802
4618,866197,2025-11-17T15:29:04,Right-handed,Regular user,37,5,54.0692,11,260,left,40,20,0,262.1,259.07,0.9805
4619,866197,2025-11-17T15:29:04,Right-handed,Regular user,37,5,54.0692,12,260,right,80,40,0,356.32,275.03,1.6306
4620,866197,2025-11-17T15:29:04,Right-handed,Regular user,37,5,54.0692,13,180,right,80,40,0,174.31,173.14,0.8977
4621,866197,2025-11-17T15:29:04,Right-handed,Regular user,37,5,54.0692,14,500,left,160,80,0,458.18,458.0,0.8132
4622,866197,2025-11-17T15:29:04,Right-handed,Regular user,37,5,54.0692,15,500,right,160,80,0,492.28,476.03,0.9637
4623,866197,2025-11-17T15:29:04,Right-handed,Regular user,37,5,54.0692,16,260,right,160,80,0,259.96,255.28,0.9644
4624,866197,2025-11-17T15:29:04,Right-handed,Regular user,37,5,54.0692,17,500,right,80,40,0,508.52,492.01,1.1141
4625,866197,2025-11-17T15:29:04,Right-handed,Regular user,37,5,54.0692,18,360,right,120,60,0,359.33,351.36,1.2137
4626,866197,2025-11-17T15:29:04,Right-handed,Regular user,37,5,54.0692,19,360,right,160,80,0,329.53,318.01,0.797
4627,866197,2025-11-17T15:29:04,Right-handed,Regular user,37,5,54.0692,20,180,right,160,80,0,163.34,162.0,0.6637
4628,866197,2025-11-17T15:29:04,Right-handed,Regular user,37,5,54.0692,21,180,left,80,40,0,175.67,174.01,1.2469
4629,866197,2025-11-17T15:29:04,Right-handed,Regular user,37,5,54.0692,22,500,right,40,20,0,563.95,505.02,1.0812
4630,866197,2025-11-17T15:29:04,Right-handed,Regular user,37,5,54.0692,23,180,left,120,60,0,217.56,217.0,0.6969
4631,866197,2025-11-17T15:29:04,Right-handed,Regular user,37,5,54.0692,24,260,right,40,20,0,267.12,265.02,1.0812
4632,866197,2025-11-17T15:29:04,Right-handed,Regular user,37,5,54.0692,25,500,right,120,60,0,500.28,486.17,0.9813
4633,866197,2025-11-17T15:29:04,Right-handed,Regular user,37,5,54.0692,26,360,left,80,40,0,357.6,355.36,0.9463
4634,866197,2025-11-17T15:29:04,Right-handed,Regular user,37,5,54.0692,27,260,right,120,60,0,408.41,256.05,1.5966
4635,866197,2025-11-17T15:29:04,Right-handed,Regular user,37,5,54.0692,28,180,right,40,20,0,189.48,184.17,1.0649
4636,866197,2025-11-17T15:29:04,Right-handed,Regular user,37,5,54.0692,29,360,left,160,80,0,340.38,339.48,0.7306
4637,866197,2025-11-17T15:29:04,Right-handed,Regular user,37,5,54.0692,30,180,left,40,20,0,168.27,168.01,1.1636
4638,866197,2025-11-17T15:29:04,Right-handed,Regular user,37,5,54.0692,31,360,left,120,60,0,354.86,354.05,1.0802
4639,866197,2025-11-17T15:29:04,Right-handed,Regular user,37,5,54.0692,32,360,right,40,20,0,450.41,351.0,1.1141
4640,866197,2025-11-17T15:29:04,Right-handed,Regular user,37,6,54.3027,1,500,left,120,60,0,537.73,525.0,1.5977
4641,866197,2025-11-17T15:29:04,Right-handed,Regular user,37,6,54.3027,2,500,left,80,40,0,496.17,494.06,1.6302
4642,866197,2025-11-17T15:29:04,Right-handed,Regular user,37,6,54.3027,3,360,right,80,40,0,376.04,374.48,1.0973
4643,866197,2025-11-17T15:29:04,Right-handed,Regular user,37,6,54.3027,4,500,right,80,40,0,513.93,504.0,1.7304
4644,866197,2025-11-17T15:29:04,Right-handed,Regular user,37,6,54.3027,5,180,right,80,40,0,199.16,198.01,1.2467
4645,866197,2025-11-17T15:29:04,Right-handed,Regular user,37,6,54.3027,6,180,left,120,60,0,170.56,170.19,0.9805
4646,866197,2025-11-17T15:29:04,Right-handed,Regular user,37,6,54.3027,7,180,left,80,40,0,157.45,157.16,0.8636
4647,866197,2025-11-17T15:29:04,Right-handed,Regular user,37,6,54.3027,8,360,left,80,40,0,457.94,369.02,0.9641
4648,866197,2025-11-17T15:29:04,Right-handed,Regular user,37,6,54.3027,9,500,left,40,20,0,507.31,505.0,1.4142
4649,866197,2025-11-17T15:29:04,Right-handed,Regular user,37,6,54.3027,10,180,left,40,20,0,199.14,197.0,1.348
4650,866197,2025-11-17T15:29:04,Right-handed,Regular user,37,6,54.3027,11,260,left,80,40,0,272.61,261.12,0.9643
4651,866197,2025-11-17T15:29:04,Right-handed,Regular user,37,6,54.3027,12,260,left,120,60,0,250.86,250.34,0.9144
4652,866197,2025-11-17T15:29:04,Right-handed,Regular user,37,6,54.3027,13,500,right,120,60,0,703.03,524.34,1.4802
4653,866197,2025-11-17T15:29:04,Right-handed,Regular user,37,6,54.3027,14,260,left,160,80,0,244.0,241.03,0.8802
4654,866197,2025-11-17T15:29:04,Right-handed,Regular user,37,6,54.3027,15,360,right,160,80,0,355.46,350.37,0.8796
4655,866197,2025-11-17T15:29:04,Right-handed,Regular user,37,6,54.3027,16,260,left,40,20,0,277.07,267.05,1.0643
4656,866197,2025-11-17T15:29:04,Right-handed,Regular user,37,6,54.3027,17,260,right,120,60,0,216.94,215.04,0.8648
4657,866197,2025-11-17T15:29:04,Right-handed,Regular user,37,6,54.3027,18,180,right,160,80,0,213.69,213.11,0.881
4658,866197,2025-11-17T15:29:04,Right-handed,Regular user,37,6,54.3027,19,360,right,40,20,0,401.15,357.04,1.2144
4659,866197,2025-11-17T15:29:04,Right-handed,Regular user,37,6,54.3027,20,260,right,40,20,0,259.0,257.0,1.331
4660,866197,2025-11-17T15:29:04,Right-handed,Regular user,37,6,54.3027,21,180,left,160,80,0,157.03,157.0,0.9309
4661,866197,2025-11-17T15:29:04,Right-handed,Regular user,37,6,54.3027,22,260,right,160,80,0,243.1,241.01,0.7978
4662,866197,2025-11-17T15:29:04,Right-handed,Regular user,37,6,54.3027,23,180,right,40,20,0,197.28,196.02,1.3494
4663,866197,2025-11-17T15:29:04,Right-handed,Regular user,37,6,54.3027,24,500,left,160,80,0,542.84,540.07,1.1809
4664,866197,2025-11-17T15:29:04,Right-handed,Regular user,37,6,54.3027,25,360,left,40,20,0,356.16,356.01,1.3309
4665,866197,2025-11-17T15:29:04,Right-handed,Regular user,37,6,54.3027,26,360,right,120,60,0,417.86,411.03,1.1474
4666,866197,2025-11-17T15:29:04,Right-handed,Regular user,37,6,54.3027,27,180,right,120,60,0,172.37,170.19,0.8975
4667,866197,2025-11-17T15:29:04,Right-handed,Regular user,37,6,54.3027,28,500,right,160,80,0,450.36,440.11,0.9974
4668,866197,2025-11-17T15:29:04,Right-handed,Regular user,37,6,54.3027,29,360,left,120,60,0,585.34,379.22,1.314
4669,866197,2025-11-17T15:29:04,Right-handed,Regular user,37,6,54.3027,30,500,right,40,20,0,553.08,499.2,1.0801
4670,866197,2025-11-17T15:29:04,Right-handed,Regular user,37,6,54.3027,31,260,right,80,40,0,255.72,253.0,1.0142
4671,866197,2025-11-17T15:29:04,Right-handed,Regular user,37,6,54.3027,32,360,left,160,80,0,379.27,371.03,1.0309
4672,866197,2025-11-17T15:29:04,Right-handed,Regular user,37,7,55.3534,1,260,left,40,20,0,257.76,257.01,1.3139
4673,866197,2025-11-17T15:29:04,Right-handed,Regular user,37,7,55.3534,2,500,right,160,80,0,482.29,470.02,1.0315
4674,866197,2025-11-17T15:29:04,Right-handed,Regular user,37,7,55.3534,3,360,left,160,80,0,381.57,379.01,0.8313
4675,866197,2025-11-17T15:29:04,Right-handed,Regular user,37,7,55.3534,4,500,right,80,40,0,514.28,496.03,0.9651
4676,866197,2025-11-17T15:29:04,Right-handed,Regular user,37,7,55.3534,5,500,right,120,60,0,687.87,504.14,1.0807
4677,866197,2025-11-17T15:29:04,Right-handed,Regular user,37,7,55.3534,6,180,right,40,20,0,187.4,180.02,1.0146
4678,866197,2025-11-17T15:29:04,Right-handed,Regular user,37,7,55.3534,7,500,left,160,80,0,534.94,526.03,1.3303
4679,866197,2025-11-17T15:29:04,Right-handed,Regular user,37,7,55.3534,8,260,left,160,80,0,271.35,271.07,0.9811
4680,866197,2025-11-17T15:29:04,Right-handed,Regular user,37,7,55.3534,9,260,left,80,40,0,237.89,237.05,0.9641
4681,866197,2025-11-17T15:29:04,Right-handed,Regular user,37,7,55.3534,10,180,right,160,80,0,212.47,207.15,0.7472
4682,866197,2025-11-17T15:29:04,Right-handed,Regular user,37,7,55.3534,11,360,right,120,60,0,551.52,348.0,0.9972
4683,866197,2025-11-17T15:29:04,Right-handed,Regular user,37,7,55.3534,12,500,left,80,40,0,514.76,509.25,0.8799
4684,866197,2025-11-17T15:29:04,Right-handed,Regular user,37,7,55.3534,13,260,right,160,80,0,307.47,302.0,0.7302
4685,866197,2025-11-17T15:29:04,Right-handed,Regular user,37,7,55.3534,14,360,left,40,20,0,359.97,358.03,0.8971
4686,866197,2025-11-17T15:29:04,Right-handed,Regular user,37,7,55.3534,15,260,left,120,60,0,294.04,243.17,0.7971
4687,866197,2025-11-17T15:29:04,Right-handed,Regular user,37,7,55.3534,16,180,right,120,60,0,169.37,168.36,0.7471
4688,866197,2025-11-17T15:29:04,Right-handed,Regular user,37,7,55.3534,17,360,left,120,60,0,345.29,344.05,0.9138
4689,866197,2025-11-17T15:29:04,Right-handed,Regular user,37,7,55.3534,18,180,right,80,40,0,181.7,181.14,0.8306
4690,866197,2025-11-17T15:29:04,Right-handed,Regular user,37,7,55.3534,19,500,right,40,20,0,572.99,506.0,1.1982
4691,866197,2025-11-17T15:29:04,Right-handed,Regular user,37,7,55.3534,20,260,right,80,40,0,263.8,262.09,1.0473
4692,866197,2025-11-17T15:29:04,Right-handed,Regular user,37,7,55.3534,21,360,left,80,40,0,395.3,395.18,0.964
4693,866197,2025-11-17T15:29:04,Right-handed,Regular user,37,7,55.3534,22,180,left,120,60,0,169.39,169.11,0.7634
4694,866197,2025-11-17T15:29:04,Right-handed,Regular user,37,7,55.3534,23,360,right,80,40,0,385.97,373.26,1.0305
4695,866197,2025-11-17T15:29:04,Right-handed,Regular user,37,7,55.3534,24,360,right,160,80,0,379.75,367.39,0.814
4696,866197,2025-11-17T15:29:04,Right-handed,Regular user,37,7,55.3534,25,180,left,160,80,0,203.02,203.01,0.7135
4697,866197,2025-11-17T15:29:04,Right-handed,Regular user,37,7,55.3534,26,500,left,120,60,0,604.53,534.11,1.8134
4698,866197,2025-11-17T15:29:04,Right-handed,Regular user,37,7,55.3534,27,260,right,120,60,0,313.74,311.58,0.7978
4699,866197,2025-11-17T15:29:04,Right-handed,Regular user,37,7,55.3534,28,180,left,80,40,0,160.44,160.0,0.9474
4700,866197,2025-11-17T15:29:04,Right-handed,Regular user,37,7,55.3534,29,360,right,40,20,0,380.26,355.01,1.2144
4701,866197,2025-11-17T15:29:04,Right-handed,Regular user,37,7,55.3534,30,180,left,40,20,0,179.46,177.14,0.9975
4702,866197,2025-11-17T15:29:04,Right-handed,Regular user,37,7,55.3534,31,500,left,40,20,0,545.83,497.0,1.3144
4703,866197,2025-11-17T15:29:04,Right-handed,Regular user,37,7,55.3534,32,260,right,40,20,0,272.13,265.09,0.9141
4704,866197,2025-11-17T15:29:04,Right-handed,Regular user,37,8,52.5535,1,180,right,40,20,0,187.71,183.02,1.0468
4705,866197,2025-11-17T15:29:04,Right-handed,Regular user,37,8,52.5535,2,360,left,120,60,0,353.68,353.17,0.8132
4706,866197,2025-11-17T15:29:04,Right-handed,Regular user,37,8,52.5535,3,260,right,160,80,0,243.77,239.05,0.7138
4707,866197,2025-11-17T15:29:04,Right-handed,Regular user,37,8,52.5535,4,260,left,80,40,0,252.11,252.01,0.8473
4708,866197,2025-11-17T15:29:04,Right-handed,Regular user,37,8,52.5535,5,500,right,40,20,0,571.05,497.14,1.098
4709,866197,2025-11-17T15:29:04,Right-handed,Regular user,37,8,52.5535,6,180,right,80,40,0,171.89,170.01,1.1809
4710,866197,2025-11-17T15:29:04,Right-handed,Regular user,37,8,52.5535,7,360,right,160,80,0,365.08,358.87,0.8475
4711,866197,2025-11-17T15:29:04,Right-handed,Regular user,37,8,52.5535,8,500,left,80,40,0,511.9,511.17,0.9304
4712,866197,2025-11-17T15:29:04,Right-handed,Regular user,37,8,52.5535,9,500,right,80,40,0,481.13,479.08,0.9803
4713,866197,2025-11-17T15:29:04,Right-handed,Regular user,37,8,52.5535,10,360,right,120,60,0,380.86,375.0,1.1969
4714,866197,2025-11-17T15:29:04,Right-handed,Regular user,37,8,52.5535,11,180,right,120,60,0,152.78,152.0,0.8473
4715,866197,2025-11-17T15:29:04,Right-handed,Regular user,37,8,52.5535,12,260,left,120,60,0,252.11,251.03,0.8311
4716,866197,2025-11-17T15:29:04,Right-handed,Regular user,37,8,52.5535,13,180,left,80,40,0,175.53,175.05,0.78
4717,866197,2025-11-17T15:29:04,Right-handed,Regular user,37,8,52.5535,14,500,left,120,60,0,535.67,534.06,1.2146
4718,866197,2025-11-17T15:29:04,Right-handed,Regular user,37,8,52.5535,15,500,left,160,80,0,444.09,443.07,0.8976
4719,866197,2025-11-17T15:29:04,Right-handed,Regular user,37,8,52.5535,16,360,right,40,20,0,612.31,369.03,1.3471
4720,866197,2025-11-17T15:29:04,Right-handed,Regular user,37,8,52.5535,17,180,right,160,80,0,228.68,212.02,0.7973
4721,866197,2025-11-17T15:29:04,Right-handed,Regular user,37,8,52.5535,18,500,left,40,20,0,564.11,500.0,1.2641
4722,866197,2025-11-17T15:29:04,Right-handed,Regular user,37,8,52.5535,19,500,right,160,80,0,646.37,514.16,1.0137
4723,866197,2025-11-17T15:29:04,Right-handed,Regular user,37,8,52.5535,20,360,right,80,40,0,381.47,348.21,1.0648
4724,866197,2025-11-17T15:29:04,Right-handed,Regular user,37,8,52.5535,21,360,left,80,40,0,353.71,351.04,0.8305
4725,866197,2025-11-17T15:29:04,Right-handed,Regular user,37,8,52.5535,22,180,left,40,20,0,175.66,175.0,1.1646
4726,866197,2025-11-17T15:29:04,Right-handed,Regular user,37,8,52.5535,23,260,left,40,20,0,276.0,274.36,1.2301
4727,866197,2025-11-17T15:29:04,Right-handed,Regular user,37,8,52.5535,24,500,right,120,60,0,480.73,477.82,0.8813
4728,866197,2025-11-17T15:29:04,Right-handed,Regular user,37,8,52.5535,25,260,right,80,40,0,280.51,278.87,0.9976
4729,866197,2025-11-17T15:29:04,Right-handed,Regular user,37,8,52.5535,26,180,left,160,80,0,230.23,230.11,0.7477
4730,866197,2025-11-17T15:29:04,Right-handed,Regular user,37,8,52.5535,27,180,left,120,60,0,157.77,156.12,0.714
4731,866197,2025-11-17T15:29:04,Right-handed,Regular user,37,8,52.5535,28,360,left,160,80,0,346.64,346.21,0.8311
4732,866197,2025-11-17T15:29:04,Right-handed,Regular user,37,8,52.5535,29,260,left,160,80,0,264.41,264.01,1.0143
4733,866197,2025-11-17T15:29:04,Right-handed,Regular user,37,8,52.5535,30,260,right,120,60,0,429.39,288.03,1.2139
4734,866197,2025-11-17T15:29:04,Right-handed,Regular user,37,8,52.5535,31,360,left,40,20,0,358.12,355.0,1.0307
4735,866197,2025-11-17T15:29:04,Right-handed,Regular user,37,8,52.5535,32,260,right,40,20,0,266.73,263.07,1.0308
4736,866197,2025-11-17T15:29:04,Right-handed,Regular user,37,9,53.7366,1,180,right,120,60,0,223.52,221.23,0.9812
4737,866197,2025-11-17T15:29:04,Right-handed,Regular user,37,9,53.7366,2,360,right,120,60,0,338.51,324.89,1.4307
4738,866197,2025-11-17T15:29:04,Right-handed,Regular user,37,9,53.7366,3,180,right,160,80,0,154.68,151.16,0.9312
4739,866197,2025-11-17T15:29:04,Right-handed,Regular user,37,9,53.7366,4,500,left,80,40,0,493.88,487.03,1.2133
4740,866197,2025-11-17T15:29:04,Right-handed,Regular user,37,9,53.7366,5,260,left,120,60,0,230.1,228.0,0.93
4741,866197,2025-11-17T15:29:04,Right-handed,Regular user,37,9,53.7366,6,260,left,40,20,0,258.14,257.03,1.3801
4742,866197,2025-11-17T15:29:04,Right-handed,Regular user,37,9,53.7366,7,260,left,160,80,0,273.97,265.05,1.2314
4743,866197,2025-11-17T15:29:04,Right-handed,Regular user,37,9,53.7366,8,500,left,120,60,0,496.14,494.03,1.4637
4744,866197,2025-11-17T15:29:04,Right-handed,Regular user,37,9,53.7366,9,500,right,120,60,0,493.82,490.12,0.9306
4745,866197,2025-11-17T15:29:04,Right-handed,Regular user,37,9,53.7366,10,500,left,160,80,0,459.89,458.05,1.0142
4746,866197,2025-11-17T15:29:04,Right-handed,Regular user,37,9,53.7366,11,360,left,120,60,0,365.96,364.0,1.181
4747,866197,2025-11-17T15:29:04,Right-handed,Regular user,37,9,53.7366,12,180,left,120,60,0,201.17,167.24,1.0977
4748,866197,2025-11-17T15:29:04,Right-handed,Regular user,37,9,53.7366,13,360,right,160,80,0,373.0,352.0,0.8972
4749,866197,2025-11-17T15:29:04,Right-handed,Regular user,37,9,53.7366,14,360,right,80,40,0,362.61,354.24,1.2142
4750,866197,2025-11-17T15:29:04,Right-handed,Regular user,37,9,53.7366,15,260,right,160,80,0,215.53,202.42,0.9812
4751,866197,2025-11-17T15:29:04,Right-handed,Regular user,37,9,53.7366,16,260,right,40,20,0,272.63,267.19,0.9643
4752,866197,2025-11-17T15:29:04,Right-handed,Regular user,37,9,53.7366,17,260,left,80,40,0,302.54,298.01,0.8979
4753,866197,2025-11-17T15:29:04,Right-handed,Regular user,37,9,53.7366,18,180,left,160,80,0,202.05,201.36,0.8144
4754,866197,2025-11-17T15:29:04,Right-handed,Regular user,37,9,53.7366,19,260,right,80,40,0,253.33,252.1,0.8301
4755,866197,2025-11-17T15:29:04,Right-handed,Regular user,37,9,53.7366,20,260,right,120,60,0,256.09,244.07,1.1479
4756,866197,2025-11-17T15:29:04,Right-handed,Regular user,37,9,53.7366,21,500,right,40,20,0,543.12,504.0,2.2643
4757,866197,2025-11-17T15:29:04,Right-handed,Regular user,37,9,53.7366,22,360,right,40,20,0,365.6,359.01,1.5474
4758,866197,2025-11-17T15:29:04,Right-handed,Regular user,37,9,53.7366,23,360,left,40,20,0,373.93,364.03,1.1972
4759,866197,2025-11-17T15:29:04,Right-handed,Regular user,37,9,53.7366,24,360,left,80,40,0,523.46,360.01,1.0812
4760,866197,2025-11-17T15:29:04,Right-handed,Regular user,37,9,53.7366,25,180,left,40,20,0,188.35,185.02,1.0811
4761,866197,2025-11-17T15:29:04,Right-handed,Regular user,37,9,53.7366,26,180,right,80,40,0,201.09,200.42,0.9973
4762,866197,2025-11-17T15:29:04,Right-handed,Regular user,37,9,53.7366,27,500,right,80,40,0,479.88,477.08,0.8974
4763,866197,2025-11-17T15:29:04,Right-handed,Regular user,37,9,53.7366,28,180,left,80,40,0,204.44,204.3,1.0138
4764,866197,2025-11-17T15:29:04,Right-handed,Regular user,37,9,53.7366,29,500,left,40,20,0,541.88,510.0,1.3309
4765,866197,2025-11-17T15:29:04,Right-handed,Regular user,37,9,53.7366,30,500,right,160,80,0,516.5,507.62,0.8973
4766,866197,2025-11-17T15:29:04,Right-handed,Regular user,37,9,53.7366,31,180,right,40,20,0,185.94,184.1,1.1311
4767,866197,2025-11-17T15:29:04,Right-handed,Regular user,37,9,53.7366,32,360,left,160,80,0,428.87,428.02,0.9136
4768,866197,2025-11-17T15:29:04,Right-handed,Regular user,37,10,52.1858,1,500,right,40,20,0,520.48,501.02,0.9137
4769,866197,2025-11-17T15:29:04,Right-handed,Regular user,37,10,52.1858,2,260,right,80,40,0,265.13,264.12,0.8969
4770,866197,2025-11-17T15:29:04,Right-handed,Regular user,37,10,52.1858,3,360,right,120,60,0,336.67,336.12,0.8632
4771,866197,2025-11-17T15:29:04,Right-handed,Regular user,37,10,52.1858,4,360,left,120,60,0,362.25,362.07,0.797
4772,866197,2025-11-17T15:29:04,Right-handed,Regular user,37,10,52.1858,5,500,left,160,80,0,541.92,489.54,1.264
4773,866197,2025-11-17T15:29:04,Right-handed,Regular user,37,10,52.1858,6,360,right,40,20,0,452.32,354.02,1.0309
4774,866197,2025-11-17T15:29:04,Right-handed,Regular user,37,10,52.1858,7,360,left,160,80,0,311.11,311.01,0.9309
4775,866197,2025-11-17T15:29:04,Right-handed,Regular user,37,10,52.1858,8,180,left,40,20,0,190.85,176.05,1.2305
4776,866197,2025-11-17T15:29:04,Right-handed,Regular user,37,10,52.1858,9,260,right,40,20,0,261.12,253.01,0.8969
4777,866197,2025-11-17T15:29:04,Right-handed,Regular user,37,10,52.1858,10,360,right,160,80,0,413.98,407.18,0.9479
4778,866197,2025-11-17T15:29:04,Right-handed,Regular user,37,10,52.1858,11,500,right,160,80,0,495.88,472.0,0.8476
4779,866197,2025-11-17T15:29:04,Right-handed,Regular user,37,10,52.1858,12,260,right,160,80,0,271.43,265.05,0.8315
4780,866197,2025-11-17T15:29:04,Right-handed,Regular user,37,10,52.1858,13,500,left,80,40,0,529.33,503.02,1.4305
4781,866197,2025-11-17T15:29:04,Right-handed,Regular user,37,10,52.1858,14,360,left,80,40,0,451.41,350.01,1.4812
4782,866197,2025-11-17T15:29:04,Right-handed,Regular user,37,10,52.1858,15,180,left,120,60,0,155.64,155.05,0.8477
4783,866197,2025-11-17T15:29:04,Right-handed,Regular user,37,10,52.1858,16,500,right,80,40,0,518.32,503.22,0.9809
4784,866197,2025-11-17T15:29:04,Right-handed,Regular user,37,10,52.1858,17,500,left,120,60,0,485.99,484.0,1.2306
4785,866197,2025-11-17T15:29:04,Right-handed,Regular user,37,10,52.1858,18,360,left,40,20,0,810.0,358.0,1.2141
4786,866197,2025-11-17T15:29:04,Right-handed,Regular user,37,10,52.1858,19,500,right,120,60,0,498.29,495.1,0.9979
4787,866197,2025-11-17T15:29:04,Right-handed,Regular user,37,10,52.1858,20,500,left,40,20,0,500.05,495.17,1.0967
4788,866197,2025-11-17T15:29:04,Right-handed,Regular user,37,10,52.1858,21,180,right,80,40,0,174.78,174.41,0.6976
4789,866197,2025-11-17T15:29:04,Right-handed,Regular user,37,10,52.1858,22,360,right,80,40,0,452.83,370.0,1.2977
4790,866197,2025-11-17T15:29:04,Right-handed,Regular user,37,10,52.1858,23,180,right,120,60,0,122.39,120.0,0.6976
4791,866197,2025-11-17T15:29:04,Right-handed,Regular user,37,10,52.1858,24,180,right,160,80,0,197.93,196.74,0.6805
4792,866197,2025-11-17T15:29:04,Right-handed,Regular user,37,10,52.1858,25,260,left,80,40,0,276.85,273.15,1.1139
4793,866197,2025-11-17T15:29:04,Right-handed,Regular user,37,10,52.1858,26,180,left,160,80,0,201.81,182.18,0.7468
4794,866197,2025-11-17T15:29:04,Right-handed,Regular user,37,10,52.1858,27,260,right,120,60,0,256.91,252.96,0.7643
4795,866197,2025-11-17T15:29:04,Right-handed,Regular user,37,10,52.1858,28,260,left,40,20,0,246.99,244.0,0.981
4796,866197,2025-11-17T15:29:04,Right-handed,Regular user,37,10,52.1858,29,260,left,160,80,0,236.42,236.01,0.6812
4797,866197,2025-11-17T15:29:04,Right-handed,Regular user,37,10,52.1858,30,260,left,120,60,0,244.94,242.03,1.4137
4798,866197,2025-11-17T15:29:04,Right-handed,Regular user,37,10,52.1858,31,180,right,40,20,0,192.36,191.13,1.3975
4799,866197,2025-11-17T15:29:04,Right-handed,Regular user,37,10,52.1858,32,180,left,80,40,0,165.16,165.05,0.9806
